date,model,symbol,regime,score,entry,stop,final_stop,target,exit,exit_reason,hold_days,ret,r_multiple,exit_date,cost_pct,has_target
2024-09-02,momentum,KALYANKJIL,bull,0.7663894874732476,634.59603568156,596.3049529838573,596.3049529838573,711.1782010769654,711.1782010769654,target,9,0.11817860668741126,2.0,2024-09-13,0.0025,True
2024-09-02,momentum,GLENMARK,bull,0.7540256604718992,1686.2584344618056,1611.033096200047,1611.033096200047,1836.7091109853225,1611.033096200047,stop,14,-0.047110800292760435,-1.0,2024-09-20,0.0025,True
2024-09-02,momentum,GRANULES,bull,0.7364197851590739,684.3279874999021,649.6612892773175,649.6612892773175,753.6613839450713,649.6612892773175,stop,8,-0.053158016120653795,-1.0,2024-09-12,0.0025,True
2024-09-02,momentum,PPLPHARMA,bull,0.7307615435278936,196.32279734171556,185.06653425424204,185.06653425424204,218.83532351666258,218.83532351666258,target,3,0.11217097290673878,2.0,2024-09-05,0.0025,True
2024-09-02,momentum,INDUSTOWER,bull,0.7276964136386747,423.800506004821,404.3594328342481,404.3594328342481,462.6826523459668,404.3594328342481,stop,4,-0.048373171209360855,-1.0,2024-09-06,0.0025,True
2024-09-02,momentum,EMAMILTD,bull,0.7150803873860979,779.0364891309398,739.3416877491987,739.3416877491987,858.4260918944219,739.3416877491987,stop,10,-0.05345371261238724,-1.0,2024-09-16,0.0025,True
2024-09-02,momentum,PERSISTENT,bull,0.7123374378577257,5139.302309025774,4926.142177716934,4926.142177716934,5565.622571643453,5379.7451171875,time,20,0.044285106947192954,1.1279914620307576,2024-09-30,0.0025,True
2024-09-02,momentum,COHANCE,bull,0.7112280530276319,1076.5999755859375,1013.1710474379634,1013.1710474379634,1203.4578318818858,1203.4578318818858,target,4,0.11533193309744044,2.0,2024-09-06,0.0025,True
2024-09-02,momentum,NAUKRI,bull,0.7009592632802052,1499.2768837471438,1441.364828178368,1441.364828178368,1615.1009948846952,1441.364828178368,stop,2,-0.04112665808868882,-1.0,2024-09-04,0.0025,True
2024-09-02,momentum,VOLTAS,bull,0.6999732293298117,1761.6015633520637,1677.2182264511252,1677.2182264511252,1930.3682371539408,1829.1114501953125,time,20,0.03582301710426944,0.800038127462318,2024-09-30,0.0025,True
2024-09-02,momentum,WOCKPHARMA,bull,0.6963213912946342,1065.0,969.906253667066,969.906253667066,1255.187492665868,969.906253667066,stop,12,-0.0917899026600319,-1.0,2024-09-18,0.0025,True
2024-09-02,momentum,PFIZER,bull,0.6945994915190487,6063.8506112468185,5782.803498130148,5782.803498130148,6625.94483748016,5782.803498130148,stop,10,-0.048847961243537796,-1.0,2024-09-16,0.0025,True
2024-09-02,momentum,TORNTPHARM,bull,0.6922085507022396,3372.61375032137,3247.8762036603716,3247.8762036603716,3622.0888436433665,3334.328125,time,20,-0.013851915207521657,-0.3069294398215121,2024-09-30,0.0025,True
2024-09-02,momentum,LUPIN,bull,0.6874503551480907,2205.195742422895,2132.104873655681,2132.104873655681,2351.377479957323,2132.104873655681,stop,13,-0.03564484395244999,-1.0,2024-09-19,0.0025,True
2024-09-02,momentum,BIKAJI,bull,0.6870163055430468,843.1362544269996,788.7910246254814,788.7910246254814,951.8267140300359,951.8267140300359,target,14,0.12641209342777343,2.0,2024-09-20,0.0025,True
2024-09-02,momentum,GABRIEL,bull,0.6819575915261336,534.2893324363681,499.79645619120606,499.79645619120606,603.2750849266922,499.79645619120606,stop,6,-0.06705842209664564,-1.0,2024-09-10,0.0025,True
2024-09-02,momentum,COLPAL,bull,0.6757317670371348,3483.2692124303308,3379.8937905436,3379.8937905436,3690.020056203792,3690.020056203792,target,20,0.056855401826437724,2.0,2024-09-30,0.0025,True
2024-09-02,momentum,OFSS,bull,0.6681877261022503,10184.739799300538,9678.18623210365,9678.18623210365,11197.846933694314,11197.846933694314,target,9,0.09697305030447162,2.0,2024-09-13,0.0025,True
2024-09-02,momentum,ZENSARTECH,bull,0.6646990171061006,758.5089175806069,716.0238893852724,716.0238893852724,843.4789739712759,716.0238893852724,stop,12,-0.0585112441800259,-1.0,2024-09-18,0.0025,True
2024-09-02,momentum,BBTC,bull,0.6586109394799401,2429.6504057456646,2255.6443366434523,2255.6443366434523,2777.662543950089,2777.662543950089,target,10,0.14073547839699135,2.0,2024-09-16,0.0025,True
2024-09-02,control_naive_low,CREDITACC,bull,-1.047484822202949,1214.25,1155.463756585766,1155.463756585766,1331.8224868284678,1197.5999755859375,time,20,-0.016212188111231204,-0.2832299437257633,2024-09-30,0.0025,True
2024-09-02,trend_lowbeta,GVT&D,bull,1.1766261755485894,1702.6582839626915,1471.114418237425,1633.23845701677,,1633.23845701677,stop,39,-0.04327143816806084,-0.29981285286257614,2024-10-28,0.0025,False
2024-09-02,trend_lowbeta,TECHNOE,bull,1.12587513061651,1621.0556102704184,1408.844897685707,1455.9505569553025,,1455.9505569553025,stop,38,-0.10435033275173927,-0.7780241218935091,2024-10-25,0.0025,False
2024-09-02,trend_lowbeta,SUZLON,bull,1.1224399164054337,73.80999755859375,65.8208776676522,73.51522910092402,,73.51522910092402,stop,23,-0.0064936115352900985,-0.036896236593464485,2024-10-04,0.0025,False
2024-09-02,trend_lowbeta,TATAINVEST,bull,1.119305120167189,717.3703485960633,638.2005623748713,638.2005623748713,,638.2005623748713,stop,24,-0.11286110758708107,-1.0,2024-10-07,0.0025,False
2024-09-02,trend_lowbeta,KALYANKJIL,bull,1.1107562695924764,634.59603568156,570.2479196866373,675.4198902956671,,675.4198902956671,stop,24,0.0618304595659222,0.6344219093738219,2024-10-07,0.0025,False
2024-09-02,trend_lowbeta,BSE,bull,1.110325235109718,914.7308326745874,835.2299777810265,1207.0398644012496,,1207.0398644012496,stop,19,0.31705742748058235,3.676803628313403,2024-09-27,0.0025,False
2024-09-02,trend_lowbeta,TRENT,bull,1.108516196447231,7164.270851131066,6613.865913500914,7490.519114838779,,7490.519114838779,stop,35,0.043038236966041976,0.5927422546614913,2024-10-22,0.0025,False
2024-09-02,trend_lowbeta,NEULANDLAB,bull,1.1018416927899686,12516.48363992779,11236.632841785755,11236.632841785755,,11236.632841785755,stop,24,-0.10475322342604992,-1.0,2024-10-07,0.0025,False
2024-09-02,trend_lowbeta,BLUESTARCO,bull,1.0932667189132705,1651.9243762179844,1488.0611855387597,1907.3079742073887,,1907.3079742073887,stop,24,0.15209763271615068,1.558517180892309,2024-10-07,0.0025,False
2024-09-02,trend_lowbeta,TORNTPOWER,bull,1.0926332288401255,1716.877523690727,1539.0645217401463,1669.6504622721425,,1669.6504622721425,stop,45,-0.030007530832520776,-0.26559959564548763,2024-11-05,0.0025,False
2024-09-02,trend_lowbeta,NETWEB,bull,1.0828957680250784,2794.8692886354384,2448.4841329847263,2448.4841329847263,,2448.4841329847263,stop,21,-0.12643608425953629,-1.0,2024-10-01,0.0025,False
2024-09-02,trend_lowbeta,WOCKPHARMA,bull,1.069703500522466,1065.0,917.743739835735,917.743739835735,,917.743739835735,stop,24,-0.14076878888663374,-1.0,2024-10-07,0.0025,False
2024-09-02,trend_lowbeta,IFCI,bull,1.0686977533960293,72.98999786376953,62.64863779906381,62.64863779906381,,62.64863779906381,stop,22,-0.14418187926251352,-1.0,2024-10-03,0.0025,False
2024-09-02,trend_lowbeta,OFSS,bull,1.0572492163009404,10184.739799300538,9366.611168089417,10300.488252512685,,10300.488252512685,stop,12,0.008864890561081919,0.14147952876407502,2024-09-18,0.0025,False
2024-09-02,trend_lowbeta,ETERNAL,bull,1.0568834900731452,246.75,220.3025525894138,263.1935778976403,,263.1935778976403,stop,24,0.06414063990938307,0.6217453670428088,2024-10-07,0.0025,False
2024-09-02,trend_lowbeta,COCHINSHIP,bull,1.0539511494252873,1875.5594359536403,1556.4813922522765,1556.4813922522765,,1556.4813922522765,stop,24,-0.1726241973913381,-1.0,2024-10-07,0.0025,False
2024-09-02,trend_lowbeta,SOBHA,bull,1.0507183908045976,1725.5063480504423,1580.313983710364,1827.0432881320096,,1826.9890582158903,stop,22,0.056313292851752184,0.6989534926764407,2024-10-03,0.0025,False
2024-09-02,trend_lowbeta,PRESTIGE,bull,1.045657001044932,1779.5981038161735,1579.6101348934396,1630.9722064289406,,1630.9722064289406,stop,40,-0.08601655189366592,-0.7431741928668475,2024-10-29,0.0025,False
2024-09-02,trend_lowbeta,OIL,bull,1.0417058516196447,682.7749442166166,616.2020719440113,616.2020719440113,,616.2020719440113,stop,4,-0.10000339088524673,-1.0,2024-09-06,0.0025,False
2024-09-02,trend_lowbeta,RVNL,bull,1.0345545977011494,594.802415630204,526.7353475628354,526.7353475628354,,526.7353475628354,stop,11,-0.11693643515679125,-1.0,2024-09-17,0.0025,False
2024-09-09,momentum,DEEPAKFERT,bull,0.7173211559249099,1060.1253918710208,973.2028929371849,973.2028929371849,1233.9703897386928,973.2028929371849,stop,5,-0.08449265822736879,-1.0,2024-09-16,0.0025,True
2024-09-09,momentum,NATCOPHARM,bull,0.7023979132306324,1540.7170651477634,1456.4611540393526,1456.4611540393526,1709.228887364585,1456.4611540393526,stop,9,-0.05718616724922837,-1.0,2024-09-20,0.0025,True
2024-09-09,momentum,AUROPHARMA,bull,0.690347682510325,1522.2857543449159,1460.967432915457,1460.967432915457,1644.9223972038335,1460.967432915457,stop,15,-0.04278042780696317,-1.0,2024-09-30,0.0025,True
2024-09-09,momentum,VIJAYA,bull,0.6815287309829473,919.2706988447355,868.2611660100474,868.2611660100474,1021.2897645141118,944.5845336914062,time,20,0.025036866864660282,0.49625694335817355,2024-10-08,0.0025,True
2024-09-09,momentum,CHOLAHLDNG,bull,0.6679543211568256,1824.2516262792317,1695.5138388370235,1695.5138388370235,2081.727201163648,2081.727201163648,target,10,0.13864038391160255,1.9999999999999982,2024-09-23,0.0025,True
2024-09-09,momentum,360ONE,bull,0.6664464967187236,1089.2486534032785,1025.9715152078857,1025.9715152078857,1215.802929794064,1025.9715152078857,stop,8,-0.06059246400965285,-1.0,2024-09-19,0.0025,True
2024-09-09,momentum,DIVISLAB,bull,0.6653276106820809,5156.113441441954,4957.29406003433,4957.29406003433,5553.752204257202,5499.22900390625,time,20,0.06404538662910814,1.7257651645180048,2024-10-08,0.0025,True
2024-09-09,momentum,IEX,bull,0.6573319916666422,204.9117031776209,195.4554558780501,195.4554558780501,223.8241977767625,223.8241977767625,target,10,0.08979582452276008,2.0,2024-09-23,0.0025,True
2024-09-09,momentum,CROMPTON,bull,0.6527188047084879,455.419965848024,431.43283811955666,431.43283811955666,503.39422130495865,431.43283811955666,stop,11,-0.055170347211944526,-1.0,2024-09-24,0.0025,True
2024-09-09,momentum,SHRIRAMFIN,bull,0.6526165422245533,647.3481325346795,620.7435611018934,620.7435611018934,700.5572754002517,700.5572754002517,target,8,0.07969556092211588,2.0,2024-09-19,0.0025,True
2024-09-09,momentum,DMART,bull,0.641290798221427,5361.39990234375,5149.524821864923,5149.524821864923,5785.150063301404,5149.524821864923,stop,14,-0.04201861161973858,-1.0,2024-09-27,0.0025,True
2024-09-09,momentum,BLUESTARCO,bull,0.6399712754994735,1793.8928160864302,1682.7597147416573,1682.7597147416573,2016.1590187759762,2016.1590187759762,target,10,0.12140160699480557,2.0,2024-09-23,0.0025,True
2024-09-09,momentum,HSCL,bull,0.6373845223015104,531.3059523269054,498.83059575849876,498.83059575849876,596.2566654637187,596.2566654637187,target,5,0.11974729057213723,2.0,2024-09-16,0.0025,True
2024-09-09,momentum,NAVA,bull,0.6370403168227088,485.3534456058284,455.0916171470472,455.0916171470472,545.8771025233909,545.8771025233909,target,5,0.12220016946519369,2.0000000000000018,2024-09-16,0.0025,True
2024-09-09,control_naive_low,RBLBANK,bull,-1.0232886257557612,209.99075991822755,199.5633860529407,199.5633860529407,230.84550764880126,199.5633860529407,stop,17,-0.052156346161837674,-1.0,2024-10-03,0.0025,True
2024-09-09,control_naive_low,IDFCFIRSTB,bull,-1.0310947109274429,72.40958573734072,69.87151614638343,69.87151614638343,77.4857249192553,72.67790985107422,time,20,0.0012056435415445676,0.10571976225139444,2024-10-08,0.0025,True
2024-09-09,trend_lowbeta,ANANDRATHI,bull,1.1753968253968254,952.8333105698637,870.8221135674745,953.0740791116518,,953.0740791116518,stop,46,-0.002247313051383424,0.002935800849012636,2024-11-13,0.0025,False
2024-09-09,trend_lowbeta,PCBL,bull,1.0734498397059973,457.425780690477,398.82560984093163,473.1856084159761,,473.1856084159761,stop,19,0.031953300165351306,0.2689382555890858,2024-10-07,0.0025,False
2024-09-09,trend_lowbeta,KIRLOSENG,bull,1.0675932441942293,1266.8256672959878,1135.2913432056664,1135.2913432056664,,1135.2913432056664,stop,18,-0.10632985400909872,-1.0,2024-10-04,0.0025,False
2024-09-16,momentum,OFSS,bull,0.748360590720288,11362.75622991033,10815.067300582026,10815.067300582026,12458.134088566938,10815.067300582026,stop,2,-0.05070035898390707,-1.0,2024-09-18,0.0025,True
2024-09-16,momentum,DIXON,bull,0.7386034084696558,13992.77250514242,13295.846496800292,13295.846496800292,15386.624521826678,15386.624521826678,target,20,0.09711228313917125,2.0,2024-10-15,0.0025,True
2024-09-16,momentum,NEWGEN,bull,0.7200106671657475,1163.6089034397621,1074.1532715666563,1074.1532715666563,1342.5201671859738,1342.5201671859738,target,8,0.15125549569733393,2.0,2024-09-26,0.0025,True
2024-09-16,momentum,NAUKRI,bull,0.7097783019178786,1563.3226181347352,1508.8494081246954,1508.8494081246954,1672.2690381548148,1508.8494081246954,stop,2,-0.0373445096220984,-1.0,2024-09-18,0.0025,True
2024-09-16,momentum,ETERNAL,bull,0.6961347877455846,277.6499938964844,261.2579111630588,261.2579111630588,310.43415936333554,279.54998779296875,time,20,0.004343126015672718,0.11590924273521638,2024-10-15,0.0025,True
2024-09-16,momentum,TRENT,bull,0.6947306000104129,7399.786850461534,7047.8233597843,7047.8233597843,8103.713831816003,8103.713831816003,target,16,0.09262800781695008,2.0,2024-10-09,0.0025,True
2024-09-16,momentum,COHANCE,bull,0.6872285719331538,1179.699951171875,1101.8963583828545,1101.8963583828545,1335.307136749916,1209.699951171875,time,20,0.022930195169711568,0.3855863068091316,2024-10-15,0.0025,True
2024-09-16,momentum,ANANTRAJ,bull,0.6694950770414306,645.9099792249324,609.7885912553498,609.7885912553498,718.1527551640975,718.1527551640975,target,4,0.10934650843427701,2.0,2024-09-20,0.0025,True
2024-09-16,momentum,FORTIS,bull,0.6679996093629044,599.2049616424566,568.8180637164057,568.8180637164057,659.9787574945584,618.3120727539062,time,20,0.029387438079744702,0.6287943954644009,2024-10-15,0.0025,True
2024-09-16,momentum,JUBLFOOD,bull,0.6661636105764185,662.95549164136,636.6024080992353,636.6024080992353,715.6616587256095,636.6024080992353,stop,12,-0.042250909185289676,-1.0,2024-10-03,0.0025,True
2024-09-16,momentum,BHARTIARTL,bull,0.6621962234853549,1615.9829651769596,1554.7639000402933,1554.7639000402933,1738.4210954502923,1738.4210954502923,target,8,0.07326696840979702,2.0,2024-09-26,0.0025,True
2024-09-16,momentum,CDSL,bull,0.6603613589872207,1426.0585180866258,1344.7613701685373,1344.7613701685373,1588.6528139228028,1344.7613701685373,stop,13,-0.05950828324153673,-1.0,2024-10-04,0.0025,True
2024-09-16,momentum,LALPATHLAB,bull,0.6512329815247151,1643.6763836111818,1591.7564940919322,1591.7564940919322,1747.516162649681,1591.7564940919322,stop,2,-0.03408765924785079,-1.0,2024-09-18,0.0025,True
2024-09-16,momentum,AJANTPHARM,bull,0.6497772612688735,3095.664306059153,2877.958665494318,2877.958665494318,3531.075587188823,3204.57470703125,time,20,0.03268159277119492,0.5002644887359368,2024-10-15,0.0025,True
2024-09-16,momentum,POLICYBZR,bull,0.6468073006652919,1801.0,1698.3156169626504,1698.3156169626504,2006.3687660746991,1698.3156169626504,stop,7,-0.05951520435166552,-1.0,2024-09-25,0.0025,True
2024-09-16,trend_lowbeta,NEWGEN,bull,1.0666783954961294,1163.6089034397621,1022.2250164131771,1210.5173423143854,,1210.5173423143854,stop,23,0.037812890985928715,0.3317806566302908,2024-10-18,0.0025,False
2024-09-16,trend_lowbeta,BAJAJ-AUTO,bull,1.0625302994761123,11233.211692927094,10708.694033261103,11436.312857503044,,11283.2219278971,stop,12,0.0019519979091548478,0.09534518819033196,2024-10-03,0.0025,False
2024-09-16,trend_lowbeta,GRAVITA,bull,1.0556532958010791,2594.6255670307846,2214.754077037544,2214.754077037544,,2214.754077037544,stop,15,-0.14890705573095647,-1.0,2024-10-08,0.0025,False
2024-09-23,momentum,NEULANDLAB,bull,0.7189033989953467,12366.884854192225,11686.93293802327,11686.93293802327,13726.788686530135,11686.93293802327,stop,3,-0.05748166467834942,-1.0,2024-09-26,0.0025,True
2024-09-23,momentum,GLENMARK,bull,0.6808983233670894,1714.085842576399,1630.1050164412152,1630.1050164412152,1882.0474948467668,1628.630781527539,stop,8,-0.0523545982507006,-1.0175544226166942,2024-10-04,0.0025,True
2024-09-23,momentum,ICICIPRULI,bull,0.6739841039154627,786.5244276745339,762.0869310462854,762.0869310462854,835.3994209310308,762.0869310462854,stop,2,-0.03357023223741601,-1.0,2024-09-25,0.0025,True
2024-09-23,momentum,BALRAMCHIN,bull,0.667297222134952,590.9878689765491,558.8862559419065,558.8862559419065,655.1910950458342,655.1910950458342,target,4,0.10613713020111554,2.0,2024-09-27,0.0025,True
2024-09-23,momentum,KFINTECH,bull,0.6601934370567408,1062.9935145196685,990.9026022065366,990.9026022065366,1207.1753391459322,990.9026022065366,stop,8,-0.07031876966173906,-1.0,2024-10-04,0.0025,True
2024-09-23,momentum,AMBER,bull,0.6526999900784783,4970.0,4711.907069884302,4711.907069884302,5486.185860231397,4711.907069884302,stop,1,-0.05443016702529141,-1.0,2024-09-24,0.0025,True
2024-09-23,momentum,DEEPAKFERT,bull,0.6497735050343204,1022.6513210848385,946.3822528531842,946.3822528531842,1175.189457548147,946.3822528531842,stop,20,-0.07707973862562195,-1.0,2024-10-22,0.0025,True
2024-09-23,momentum,BBTC,bull,0.6402119615871985,2556.4474624142654,2385.1187365051087,2385.1187365051087,2899.1049142325787,2899.1049142325787,target,6,0.13153657100573207,2.0,2024-10-01,0.0025,True
2024-09-23,momentum,CAPLIPOINT,bull,0.6382418684641977,1906.0040075615416,1771.139909664908,1771.139909664908,2175.732203354809,1864.30078125,time,20,-0.024379925827068324,-0.3092240778824987,2024-10-22,0.0025,True
2024-09-23,momentum,MARICO,bull,0.6377513721516457,685.3109279508132,666.86077091614,666.86077091614,722.2112420201594,666.86077091614,stop,9,-0.029422315524490424,-1.0,2024-10-07,0.0025,True
2024-09-23,momentum,CESC,bull,0.6373918578172472,177.83472876630145,166.5215946717609,166.5215946717609,200.46099695538254,166.5215946717609,stop,9,-0.0661159999400765,-1.0,2024-10-07,0.0025,True
2024-09-23,momentum,PPLPHARMA,bull,0.630554537404541,221.306603893076,207.84142060861572,207.84142060861572,248.23697046199652,214.97071838378906,time,20,-0.031129446197403595,-0.4705383785305742,2024-10-22,0.0025,True
2024-09-23,momentum,WOCKPHARMA,bull,0.6254942686824893,1015.0,934.6136187868497,934.6136187868497,1175.7727624263007,934.6136187868497,stop,9,-0.08169840513610876,-1.0,2024-10-07,0.0025,True
2024-09-23,control_naive_low,ZEEL,bull,-1.0147409764884316,120.94116876002124,114.19904692641995,114.19904692641995,134.42541242722382,134.42541242722382,target,6,0.10899423976511108,2.0,2024-10-01,0.0025,True
2024-09-23,trend_lowbeta,GODFRYPHLP,bull,1.1133796224059915,2398.2789477089937,2014.6785525778446,2014.6785525778446,,2014.6785525778446,stop,20,-0.16244819764297708,-1.0,2024-10-22,0.0025,False
2024-09-23,trend_lowbeta,AEGISLOG,bull,1.0931658605086596,759.7935065731455,676.7195189069005,676.7195189069005,,676.7195189069005,stop,9,-0.1118375857355362,-1.0,2024-10-07,0.0025,False
2024-09-23,trend_lowbeta,COHANCE,bull,1.0743381702813752,1259.9000244140625,1116.0547963973943,1147.796734487602,,1216.5,time,60,-0.03694719705775579,-0.3017133415717724,2024-12-19,0.0025,False
2024-09-30,momentum,BALRAMCHIN,bull,0.7626507013603971,636.4257079132075,609.7071322056934,609.7071322056934,689.8628593282357,609.7071322056934,stop,15,-0.044482238264890894,-1.0,2024-10-22,0.0025,True
2024-09-30,momentum,WHIRLPOOL,bull,0.7301079523539163,2261.9492194254854,2151.671534675714,2151.671534675714,2482.5045889250277,2151.671534675714,stop,18,-0.051253386593612726,-1.0,2024-10-25,0.0025,True
2024-09-30,momentum,COLPAL,bull,0.7191674602733539,3649.8248486850857,3534.3731353356297,3534.3731353356297,3880.7282753839977,3534.3731353356297,stop,4,-0.03413212431715712,-1.0,2024-10-07,0.0025,True
2024-09-30,momentum,SUNPHARMA,bull,0.7022659898107166,1889.7807205201098,1847.7644501766601,1847.7644501766601,1973.813261207009,1847.7644501766601,stop,12,-0.024733410409587483,-1.0,2024-10-17,0.0025,True
2024-09-30,momentum,BLUESTARCO,bull,0.6974296727826834,2054.061174470316,1926.113499383788,1926.113499383788,2309.956524643372,1926.113499383788,stop,4,-0.0647900995728728,-1.0,2024-10-07,0.0025,True
2024-09-30,momentum,VOLTAS,bull,0.6880634076322045,1829.0123205081675,1763.2680901394658,1763.2680901394658,1960.5007812455708,1763.2680901394658,stop,4,-0.03844520913365718,-1.0,2024-10-07,0.0025,True
2024-09-30,momentum,BPCL,bull,0.6813570008232742,340.55580527622203,326.15077323095966,326.15077323095966,369.3658693667468,325.5989553558064,stop,2,-0.046418939829213135,-1.0383072993811713,2024-10-03,0.0025,True
2024-09-30,momentum,BIKAJI,bull,0.6772946915283724,920.0885874716629,857.0214143313563,857.0214143313563,1046.2229337522763,857.0214143313563,stop,4,-0.07104467493571537,-1.0,2024-10-07,0.0025,True
2024-09-30,momentum,KALYANKJIL,bull,0.6758578344526104,726.0045354641198,678.422381939321,678.422381939321,821.1688425137175,678.422381939321,stop,4,-0.06803974693061737,-1.0,2024-10-07,0.0025,True
2024-09-30,momentum,UNITDSPR,bull,0.6695948612335976,1556.9189618219827,1500.7192022354247,1500.7192022354247,1669.3184809950988,1500.7192022354247,stop,3,-0.03859677893625907,-1.0,2024-10-04,0.0025,True
2024-09-30,momentum,ABREL,bull,0.6679211462063389,2842.5404772816228,2666.2781311846024,2666.2781311846024,3195.0651694756634,2666.2781311846024,stop,4,-0.0645087374325039,-1.0,2024-10-07,0.0025,True
2024-09-30,momentum,JUBLINGREA,bull,0.6670812368601328,760.9931532546351,715.1133984882198,715.1133984882198,852.7526627874657,715.1133984882198,stop,4,-0.06278931347173838,-1.0,2024-10-07,0.0025,True
2024-09-30,momentum,LUPIN,bull,0.664311043671951,2162.7690639191424,2087.3064524251076,2087.3064524251076,2313.694286907212,2087.3064524251076,stop,7,-0.037391664002854486,-1.0,2024-10-10,0.0025,True
2024-09-30,control_naive_low,CREDITACC,bull,-1.0386816787388877,1200.0999755859375,1150.8824171942535,1150.8824171942535,1298.5350923693054,1150.8824171942535,stop,3,-0.04351121522617646,-1.0,2024-10-04,0.0025,True
2024-09-30,trend_lowbeta,OIL,bull,1.0544913209309565,542.9008456387363,480.1159351846396,480.1159351846396,,480.1159351846396,stop,16,-0.11814710380995758,-1.0,2024-10-23,0.0025,False
2024-09-30,trend_lowbeta,POWERINDIA,bull,1.0499182688565425,14592.283413149073,13030.836000176152,14000.445204934113,,14000.445204934113,stop,15,-0.0430582999903672,-0.37903179018250044,2024-10-22,0.0025,False
2024-09-30,trend_lowbeta,OFSS,bull,1.0473703328922446,10574.411950753021,9662.86010361059,10548.847309117325,,11730.630859375,time,60,0.10684120157288207,1.2684071808384125,2024-12-27,0.0025,False
2024-10-08,momentum,LALPATHLAB,bull,0.7411840499322216,1755.8282669750201,1686.1696556199827,1686.1696556199827,1895.145489685095,1686.1696556199827,stop,4,-0.04217279298621096,-1.0,2024-10-14,0.0025,True
2024-10-08,momentum,GLENMARK,bull,0.7379015496374638,1735.0137638777537,1657.8327205263486,1657.8327205263486,1889.375850580564,1657.8327205263486,stop,12,-0.04698439831330542,-1.0,2024-10-24,0.0025,True
2024-10-08,momentum,JUBLPHARMA,bull,0.7284101337476603,1139.20865520616,1045.0779451644196,1045.0779451644196,1327.470075289641,1045.0779451644196,stop,13,-0.0851281556162386,-1.0,2024-10-25,0.0025,True
2024-10-08,momentum,KALYANKJIL,bull,0.7134035576695923,708.9244111030123,655.1706488224816,655.1706488224816,816.4319356640738,655.1706488224816,stop,11,-0.07832439176681122,-1.0,2024-10-23,0.0025,True
2024-10-08,momentum,ANANTRAJ,bull,0.7031983704046956,733.7098172266836,669.4944619611283,669.4944619611283,862.1405277577943,669.4944619611283,stop,13,-0.09002146115242132,-1.0,2024-10-25,0.0025,True
2024-10-08,momentum,LTFOODS,bull,0.7027353758927111,393.1730737318044,366.18359439393953,366.18359439393953,447.1520324075341,366.18359439393953,stop,12,-0.07114528916411816,-1.0,2024-10-24,0.0025,True
2024-10-08,momentum,IPCALAB,bull,0.7012733902072992,1535.5574340004825,1468.1179380477283,1468.1179380477283,1670.436425905991,1670.436425905991,target,4,0.08533715211102039,2.0,2024-10-14,0.0025,True
2024-10-08,momentum,VOLTAS,bull,0.6815609723963728,1794.2660353921422,1716.1176001223805,1716.1176001223805,1950.5629059316655,1716.1176001223805,stop,14,-0.046054541928717996,-1.0,2024-10-28,0.0025,True
2024-10-08,momentum,BIKAJI,bull,0.6807783736756983,851.2601281218307,797.3563039842285,797.3563039842285,959.0677763970351,877.7747802734375,time,20,0.028647532082945296,0.49188814663542074,2024-11-05,0.0025,True
2024-10-08,momentum,ASTERDM,bull,0.6693384397317778,413.9928706574767,394.1917978819703,394.1917978819703,453.5950162084896,394.1917978819703,stop,11,-0.05032950185605772,-1.0,2024-10-23,0.0025,True
2024-10-08,control_naive_low,ZEEL,bull,-1.0124570591453823,120.77985182047428,112.6498308548372,112.6498308548372,137.03989375174842,112.6498308548372,stop,15,-0.06981272512009234,-1.0,2024-10-29,0.0025,True
2024-10-08,control_naive_low,CREDITACC,bull,-1.0154222005208333,1151.0,1097.0048901099024,1097.0048901099024,1258.9902197801953,1097.0048901099024,stop,3,-0.0494114768810579,-1.0,2024-10-11,0.0025,True
2024-10-08,control_naive_low,INDUSINDBK,bull,-1.0228333349460068,1366.7861768240118,1313.0468240846403,1313.0468240846403,1474.2648823027548,1313.0468240846403,stop,9,-0.04181803939094936,-1.0,2024-10-21,0.0025,True
2024-10-08,control_naive_low,RBLBANK,bull,-1.0336989745501224,195.76943169815922,185.3116390921918,185.3116390921918,216.68501691009408,185.3116390921918,stop,9,-0.0559189250857684,-1.0,2024-10-21,0.0025,True
2024-10-08,control_naive_low,IDFCFIRSTB,bull,-1.0386307119894649,72.92636739225877,70.18188948902161,70.18188948902161,78.41532319873308,70.18188948902161,stop,9,-0.04013354739000047,-1.0,2024-10-21,0.0025,True
2024-10-08,trend_lowbeta,NEULANDLAB,bull,1.2119416708421362,11778.460196622775,10040.969059894907,13929.65844166537,,13929.65844166537,stop,9,0.18013832531007784,1.2381060251586906,2024-10-21,0.0025,False
2024-10-08,trend_lowbeta,KALYANKJIL,bull,1.1693376758217067,708.9244111030123,621.9497792874693,629.890042564957,,629.890042564957,stop,20,-0.11398490205759187,-0.908705985736996,2024-11-05,0.0025,False
2024-10-08,trend_lowbeta,AEGISLOG,bull,1.1294003853484924,677.214699978716,593.5194894298877,782.2660059049679,,782.2660059049679,stop,42,0.15262260133980193,1.255165083370742,2024-12-09,0.0025,False
2024-10-08,trend_lowbeta,PPLPHARMA,bull,1.1234471127273478,224.8543126419724,200.1522821328591,259.980297036784,,259.980297036784,stop,25,0.15371663637264316,1.4219877342412248,2024-11-12,0.0025,False
2024-10-08,trend_lowbeta,TATAINVEST,bull,1.1133200923596656,654.4430830880735,591.5513139173962,623.8487315741985,,682.8148803710938,time,60,0.04085258178472023,0.45112099177913234,2025-01-03,0.0025,False
2024-10-08,trend_lowbeta,NETWEB,bull,1.1006438832383736,2476.703480105459,2136.0756680608333,2497.9695583320417,,2834.197021484375,time,60,0.14184248760521528,1.0495136590082088,2025-01-03,0.0025,False
2024-10-08,trend_lowbeta,WOCKPHARMA,bull,1.0846191196904815,965.0,843.7938333177595,1151.4613178167383,,1151.4613178167383,stop,26,0.19072416354066152,1.5383814447789088,2024-11-13,0.0025,False
2024-10-08,trend_lowbeta,SUZLON,bull,1.0834969084306605,74.58999633789062,64.67135694291285,64.67135694291285,,64.67135694291285,stop,23,-0.13547546429747243,-1.0,2024-11-08,0.0025,False
2024-10-08,trend_lowbeta,ETERNAL,bull,1.0832179698436395,279.0,251.78405362489474,251.78405362489474,,251.78405362489474,stop,11,-0.10004819489285038,-1.0,2024-10-23,0.0025,False
2024-10-08,trend_lowbeta,PCBL,bull,1.0818348993496598,481.50079332464094,412.50418299750817,412.50418299750817,,412.50418299750817,stop,13,-0.14579490477207452,-1.0,2024-10-25,0.0025,False
2024-10-08,trend_lowbeta,KIRLOSENG,bull,1.0725266153901782,1133.2493475372082,1018.8058927411203,1051.3963650719434,,1039.820163465992,stop,13,-0.0849436248511925,-0.8163785708644121,2024-10-25,0.0025,False
2024-10-08,trend_lowbeta,AJANTPHARM,bull,1.0526393272414523,3327.4203252537673,2946.616852423436,2946.616852423436,,2946.616852423436,stop,10,-0.11694405443465855,-1.0,2024-10-22,0.0025,False
2024-10-15,momentum,VIJAYA,bull,0.7508046714152576,1089.7902264189213,1004.6123950895116,1004.6123950895116,1260.1458890777408,1004.6123950895116,stop,2,-0.08065984146720268,-1.0,2024-10-17,0.0025,True
2024-10-15,momentum,COHANCE,bull,0.745411250185372,1207.699951171875,1140.0011960301433,1140.0011960301433,1343.0974614553384,1343.0974614553384,target,15,0.10961187857719307,2.0,2024-11-05,0.0025,True
2024-10-15,momentum,AJANTPHARM,bull,0.7173760991207034,3204.6717534993145,3021.1398866728396,3021.1398866728396,3571.7354871522643,3021.1398866728396,stop,5,-0.05977009845113429,-1.0,2024-10-22,0.0025,True
2024-10-15,momentum,DIXON,bull,0.710094639171494,15388.152318214756,14741.450172136623,14741.450172136623,16681.556610371023,14741.450172136623,stop,8,-0.04452597769406269,-1.0,2024-10-25,0.0025,True
2024-10-15,momentum,WOCKPHARMA,bull,0.7062547925460536,1080.0,1012.6370016974495,1012.6370016974495,1214.725996605101,1012.6370016974495,stop,3,-0.06487314657643567,-1.0,2024-10-18,0.0025,True
2024-10-15,momentum,PERSISTENT,bull,0.6974921877889014,5557.016512085595,5322.637953372077,5322.637953372077,6025.7736295126315,5322.637953372077,stop,4,-0.04467704917805865,-1.0,2024-10-21,0.0025,True
2024-10-15,momentum,HCLTECH,bull,0.6907906564646439,1724.9768982301719,1670.407109582143,1670.407109582143,1834.1164755262296,1666.1395875924845,stop,6,-0.03660904267648718,-1.078203014807033,2024-10-23,0.0025,True
2024-10-15,momentum,HSCL,bull,0.6873562914374384,650.2937798506863,607.7528713143256,607.7528713143256,735.3755969234077,607.7528713143256,stop,3,-0.06791798469320814,-1.0,2024-10-18,0.0025,True
2024-10-15,momentum,ZENTEC,bull,0.681827650388127,1975.7792608145007,1853.0184110807843,1853.0184110807843,2221.300960281934,1853.0184110807843,stop,2,-0.06463287697083592,-1.0,2024-10-17,0.0025,True
2024-10-15,momentum,ABREL,bull,0.6768104068781173,2902.3326036812027,2674.425941173459,2674.425941173459,3358.1459286966906,2674.425941173459,stop,8,-0.08102534276005319,-1.0,2024-10-25,0.0025,True
2024-10-15,momentum,APARINDS,bull,0.6741795365128594,10853.98280216163,10237.400976705192,10237.400976705192,12087.146453074507,10237.400976705192,stop,2,-0.05930696539648489,-1.0,2024-10-17,0.0025,True
2024-10-15,momentum,KAYNES,bull,0.6720273554911728,5709.5,5327.502530689637,5327.502530689637,6473.494938620726,5327.502530689637,stop,6,-0.06940559056140877,-1.0,2024-10-23,0.0025,True
2024-10-15,momentum,TECHM,bull,0.6678947841700026,1567.8474577716725,1511.8980701762605,1511.8980701762605,1679.7462329624964,1511.8980701762605,stop,12,-0.03818547904203057,-1.0,2024-10-31,0.0025,True
2024-10-15,control_naive_low,CREDITACC,bull,-1.0044759306255167,1058.550048828125,1006.1182377395894,1006.1182377395894,1163.4136710051962,1006.1182377395894,stop,4,-0.05203172610646095,-1.0,2024-10-21,0.0025,True
2024-10-15,control_naive_low,J&KBANK,bull,-1.0429487398217183,94.83567911230003,90.59819323869021,90.59819323869021,103.31065085951965,90.59819323869021,stop,5,-0.04718240132062507,-1.0,2024-10-22,0.0025,True
2024-10-15,control_naive_low,SHREECEM,bull,-1.04503336238615,24505.303103959464,23680.97431887063,23680.97431887063,26153.96067413713,23285.53561803733,stop,20,-0.05227565389611727,-1.4797099264108378,2024-11-12,0.0025,True
2024-10-15,trend_lowbeta,BAJAJ-AUTO,bull,1.1086942580393606,11096.547287199066,10415.755641139805,10415.755641139805,,10415.755641139805,stop,2,-0.06385166448077223,-1.0,2024-10-17,0.0025,False
2024-10-15,trend_lowbeta,TARIL,bull,1.1012743951240536,429.9466788847011,383.5674046160824,445.78221436290596,,444.8404846191406,stop,21,0.032141053102386186,0.3211306336571338,2024-11-13,0.0025,False
2024-10-15,trend_lowbeta,JUBLPHARMA,bull,1.0578916045886433,1199.537198100948,1075.729098933006,1075.729098933006,,1075.729098933006,stop,8,-0.10571322203592287,-1.0,2024-10-25,0.0025,False
2024-10-22,momentum,MCX,bull,0.7716487717046588,1275.193205854869,1216.9132228837389,1216.9132228837389,1391.753171797129,1216.9132228837389,stop,15,-0.04820286502746857,-1.0,2024-11-12,0.0025,True
2024-10-22,momentum,CARTRADE,bull,0.7373230904581697,975.0,915.0117903523751,915.0117903523751,1094.9764192952498,1094.9764192952498,target,8,0.12055273773871783,2.0,2024-11-01,0.0025,True
2024-10-22,momentum,POLYMED,bull,0.7081269137571106,2522.396043439453,2362.9032989255024,2362.9032989255024,2841.381532467354,2841.381532467354,target,7,0.123961302481645,2.0,2024-10-31,0.0025,True
2024-10-22,momentum,WOCKPHARMA,bull,0.7076399327214842,1054.949951171875,944.8776997556041,944.8776997556041,1275.0944540044168,1275.0944540044168,target,9,0.20617767479205779,2.0,2024-11-04,0.0025,True
2024-10-22,momentum,CHOLAHLDNG,bull,0.7053348046475459,1942.127386608901,1828.5091530339473,1828.5091530339473,2169.363853758808,1828.5091530339473,stop,3,-0.061001947070186524,-1.0,2024-10-25,0.0025,True
2024-10-22,momentum,PPLPHARMA,bull,0.7011916400590185,215.31049774983634,200.728739356566,200.728739356566,244.47401453637704,244.47401453637704,target,2,0.13294865248709348,2.0,2024-10-24,0.0025,True
2024-10-22,momentum,FORTIS,bull,0.690061714993715,591.6718860784003,562.6652112616121,562.6652112616121,649.6852357119769,649.6852357119769,target,15,0.09554986682414296,2.0,2024-11-12,0.0025,True
2024-10-22,momentum,BALRAMCHIN,bull,0.685730049795136,590.0504911301637,561.4280054246592,561.4280054246592,647.2954625411726,647.2954625411726,target,6,0.09451707272773174,2.0,2024-10-30,0.0025,True
2024-10-22,momentum,BBTC,bull,0.6805211042784729,2602.0335532029744,2375.722061863098,2375.722061863098,3054.656535882727,2447.85546875,time,20,-0.061752919418809504,-0.6812649394874457,2024-11-21,0.0025,True
2024-10-22,momentum,DIVISLAB,bull,0.6802378578550065,5754.360867318581,5536.724053125607,5536.724053125607,6189.634495704529,5925.572265625,time,20,0.02725333008376313,0.786683994347617,2024-11-21,0.0025,True
2024-10-22,momentum,CHOICEIN,bull,0.6724104616340532,481.04998779296875,452.77776457465575,452.77776457465575,537.5944342295948,452.77776457465575,stop,3,-0.06127190299499735,-1.0,2024-10-25,0.0025,True
2024-10-22,momentum,SARDAEN,bull,0.664372071026864,457.0946825729082,425.7581622210711,425.7581622210711,519.7677232765825,425.7581622210711,stop,6,-0.07105586281478743,-1.0,2024-10-30,0.0025,True
2024-10-22,control_naive_low,INDUSINDBK,bull,-1.0024385255346608,1272.2892259041303,1227.4090264318643,1227.4090264318643,1362.0496248486622,1161.1193631107867,stop,3,-0.08987782300588348,-2.4770358443268887,2024-10-25,0.0025,True
2024-10-22,control_naive_low,IDFCFIRSTB,bull,-1.0039676213219424,67.8777796087494,65.56469561571524,65.56469561571524,72.50394759481775,65.56469561571524,stop,1,-0.03657719000778886,-1.0,2024-10-23,0.0025,True
2024-10-22,control_naive_low,RBLBANK,bull,-1.0059562613223358,166.46214270191973,153.6261192914724,153.6261192914724,192.13418952281438,153.6261192914724,stop,16,-0.07961076646077131,-1.0,2024-11-13,0.0025,True
2024-10-22,control_naive_low,CREDITACC,bull,-1.014197343420155,1000.2000122070312,949.769674559579,949.769674559579,1101.0606875019357,940.0,stop,4,-0.06268797387753927,-1.1937261381804884,2024-10-28,0.0025,True
2024-10-22,control_naive_low,J&KBANK,bull,-1.0155936906317016,89.32972545840222,85.16032916857408,85.16032916857408,97.66851803805851,97.66851803805851,target,3,0.090848463088464,2.0,2024-10-25,0.0025,True
2024-10-22,control_naive_low,SAMMAANCAP,bull,-1.0243454740668505,133.99000549316406,124.39381076450618,124.39381076450618,153.18239495047982,153.18239495047982,target,19,0.14073747048652002,2.0,2024-11-19,0.0025,True
2024-10-22,control_naive_low,ASTRAL,bull,-1.0300660174754268,1780.9746050247402,1717.728483840722,1717.728483840722,1907.4668473927766,1717.728483840722,stop,14,-0.03801208479086632,-1.0,2024-11-11,0.0025,True
2024-10-22,control_naive_low,SYRMA,bull,-1.0301989418535944,389.97849508253296,376.49793945784404,376.49793945784404,416.9396063319108,376.49793945784404,stop,3,-0.03706743331920387,-1.0,2024-10-25,0.0025,True
2024-10-22,control_naive_low,BANDHANBNK,bull,-1.035372003471304,171.63082518942522,160.23660280881788,160.23660280881788,194.41926995063992,160.23660280881788,stop,20,-0.06888797178788714,-1.0,2024-11-21,0.0025,True
2024-10-22,control_naive_low,NESTLEIND,bull,-1.0371676460683554,1150.88365000072,1112.3961762049353,1112.3961762049353,1227.8585975922897,1112.3961762049353,stop,2,-0.03594167222791006,-1.0,2024-10-24,0.0025,True
2024-10-22,control_naive_low,SRF,bull,-1.0491634147355249,2153.740283076598,2067.539726941116,2067.539726941116,2326.1413953475626,2326.1413953475626,target,11,0.07754730822264738,2.0,2024-11-06,0.0025,True
2024-10-22,trend_lowbeta,NEULANDLAB,bull,1.212069558168647,13662.415129815388,11008.226600461945,14565.440873459222,,14565.440873459222,stop,37,0.06359561597006141,0.3402266770641983,2024-12-16,0.0025,False
2024-10-22,trend_lowbeta,GODFRYPHLP,bull,1.1417123273615302,2021.5920489958285,1772.5211430914014,1936.3162946638993,,1926.6492567864948,stop,18,-0.049464367641084694,-0.38118780619750475,2024-11-18,0.0025,False
2024-10-22,trend_lowbeta,TRENT,bull,1.1282244659237826,7452.678192010449,6881.3997821950325,6881.3997821950325,,6881.3997821950325,stop,10,-0.0791541094485802,-1.0,2024-11-05,0.0025,False
2024-10-22,trend_lowbeta,BSE,bull,1.1034740606209854,1362.1041771202154,1121.6517840994009,1660.5893776219737,,1988.05908203125,time,60,0.45704994884050615,2.6032384084314333,2025-01-17,0.0025,False
2024-10-22,trend_lowbeta,BAJAJ-AUTO,bull,1.0997109011061175,9971.398009304083,9014.381603783144,9014.381603783144,,9014.381603783144,stop,9,-0.09847615145117755,-1.0,2024-11-04,0.0025,False
2024-10-22,trend_lowbeta,CONCORDBIO,bull,1.0825881405323319,1814.4951511262077,1536.676497744874,1907.106105631886,,2151.317626953125,time,60,0.1831287549833686,1.2123825082565463,2025-01-17,0.0025,False
2024-10-22,trend_lowbeta,BLUESTARCO,bull,1.0778784194216997,1892.5824434092985,1679.895394234434,2018.57662321727,,2018.57662321727,stop,54,0.06407262421868681,0.592392344981866,2025-01-09,0.0025,False
2024-10-22,trend_lowbeta,NEWGEN,bull,1.0715846826325186,1168.1358535741872,981.7042106248922,1030.0073060076616,,1030.0073060076616,stop,18,-0.12074698911850773,-0.7409072053508284,2024-11-18,0.0025,False
2024-10-22,trend_lowbeta,POWERINDIA,bull,1.06613361653225,13873.262811830617,11971.916482695895,12147.602997649252,,12147.602997649252,stop,16,-0.1268874521507503,-0.9075988880819469,2024-11-13,0.0025,False
2024-10-29,momentum,DEEPAKFERT,bull,0.7444321921204176,1306.6662675536054,1106.7435567488396,1106.7435567488396,1706.511689163137,1333.9337158203125,time,20,0.01836795147605547,0.13638994868039328,2024-11-28,0.0025,True
2024-10-29,momentum,JUBLPHARMA,bull,0.7292549112695935,1082.644475385634,1012.7845423843312,1012.7845423843312,1222.3643413882396,1223.4110903965197,target,3,0.12752109022054098,2.014983538679612,2024-11-01,0.0025,True
2024-10-29,momentum,LUPIN,bull,0.7225552448740461,2166.222500936631,2085.8016741338797,2085.8016741338797,2327.064154542134,2085.8016741338797,stop,5,-0.03962491526977446,-1.0,2024-11-05,0.0025,True
2024-10-29,momentum,CHOICEIN,bull,0.7001384685379701,483.79998779296875,458.42687552754967,458.42687552754967,534.5462123238069,534.5462123238069,target,6,0.10239091734444988,2.0,2024-11-06,0.0025,True
2024-10-29,momentum,PPLPHARMA,bull,0.6922924222801695,250.83748208532148,232.75377240061232,232.75377240061232,287.0049014547398,287.0049014547398,target,6,0.14168666249056078,2.0,2024-11-06,0.0025,True
2024-10-29,momentum,FSL,bull,0.6890714385690482,333.39511783023977,303.14276669404137,303.14276669404137,393.89982010263657,349.268798828125,time,20,0.0451122179028664,0.5247090028282663,2024-11-28,0.0025,True
2024-10-29,momentum,DIXON,bull,0.6813997191066802,14931.404983557328,13960.936192907817,13960.936192907817,16872.34256485635,13960.936192907817,stop,2,-0.06749514223331327,-1.0,2024-10-31,0.0025,True
2024-10-29,momentum,HOMEFIRST,bull,0.6739925832062099,1175.7989378304815,1083.2549250159486,1083.2549250159486,1360.8869634595471,1083.2549250159486,stop,8,-0.08120734513954392,-1.0,2024-11-08,0.0025,True
2024-10-29,momentum,ACUTAAS,bull,0.6735416877569377,913.1365254600796,841.8749127264982,841.8749127264982,1055.6597509272424,1055.6597509272424,target,6,0.15358095995870186,2.0,2024-11-06,0.0025,True
2024-10-29,momentum,HCLTECH,bull,0.6703314285182354,1728.8462617129542,1686.8622895041403,1686.8622895041403,1812.8142061305819,1686.8622895041403,stop,2,-0.026784387304175813,-1.0,2024-10-31,0.0025,True
2024-10-29,momentum,SUNPHARMA,bull,0.6652914064563573,1834.4574303094903,1780.706064100973,1780.706064100973,1941.960162726525,1780.706064100973,stop,4,-0.03180096131990856,-1.0,2024-11-04,0.0025,True
2024-10-29,control_naive_low,DELHIVERY,bull,-1.0109953053566347,354.04998779296875,336.18984809905334,336.18984809905334,389.7702671807996,336.18984809905334,stop,11,-0.05294524872109069,-1.0,2024-11-13,0.0025,True
2024-10-29,control_naive_low,ZEEL,bull,-1.0190630506372516,112.92271523040709,105.95627800205689,105.95627800205689,126.8555896871075,117.76561737060547,time,20,0.04038687294063842,0.6951763120020643,2024-11-28,0.0025,True
2024-10-29,control_naive_low,INDUSINDBK,bull,-1.0196935952351691,1035.9720921536493,968.4825900838039,968.4825900838039,1170.9510962933402,968.4825900838039,stop,15,-0.06764606192676842,-1.0,2024-11-21,0.0025,True
2024-10-29,control_naive_low,NESTLEIND,bull,-1.0231949406827205,1115.966043279376,1070.706564202066,1070.706564202066,1206.485001433996,1070.706564202066,stop,12,-0.04305632279304,-1.0,2024-11-14,0.0025,True
2024-10-29,control_naive_low,CREDITACC,bull,-1.0297860937071448,944.8499755859375,883.5410573397911,883.5410573397911,1067.4678120782303,883.5410573397911,stop,12,-0.06738746343897234,-1.0,2024-11-14,0.0025,True
2024-10-29,trend_lowbeta,GVT&D,bull,1.1745495495495495,1687.7226556045996,1441.5785011313737,1811.7200822479858,,1811.7200822479858,stop,57,0.07097026256453626,0.5037593799810264,2025-01-21,0.0025,False
2024-10-29,trend_lowbeta,TECHNOE,bull,1.1140452810441421,1470.2388432301925,1250.7401710151494,1375.1387540696467,,1375.1387540696467,stop,50,-0.06718342854526,-0.4332604302379386,2025-01-10,0.0025,False
2024-10-29,trend_lowbeta,HSCL,bull,1.0651088161053992,565.516192305537,492.99546439624146,492.99546439624146,,492.99546439624146,stop,12,-0.13073811041313915,-1.0,2024-11-14,0.0025,False
2024-10-29,trend_lowbeta,PCBL,bull,1.0625756736235097,422.60294467284734,360.9750315342005,382.65876973381825,,382.65876973381825,stop,49,-0.09701939567044754,-0.6481506983558744,2025-01-09,0.0025,False
2024-10-29,trend_lowbeta,JUBLPHARMA,bull,1.0609121365100864,1082.644475385634,955.908888999927,1051.6872883498977,,1051.6872883498977,stop,35,-0.031094047020569223,-0.24426593917766082,2024-12-19,0.0025,False
2024-10-29,trend_lowbeta,ETERNAL,bull,1.0575068234521536,249.14999389648438,223.0801291640343,262.1121930366793,,256.95001220703125,stop,47,0.028806516161455634,0.2991967311912409,2025-01-07,0.0025,False
2024-11-05,momentum,COHANCE,bull,0.8236641167980683,1351.0,1266.0914860801158,1266.0914860801158,1520.8170278397683,1266.0914860801158,stop,4,-0.06534864094736065,-1.0,2024-11-11,0.0025,True
2024-11-05,momentum,JUBLPHARMA,bull,0.7708439498239339,1229.5528431348398,1132.226309915617,1132.226309915617,1424.2059095732852,1132.226309915617,stop,6,-0.08165603933791182,-1.0,2024-11-13,0.0025,True
2024-11-05,momentum,GLENMARK,bull,0.728717387338077,1719.1185977828134,1641.2374420627777,1641.2374420627777,1874.8809092228846,1641.2374420627777,stop,2,-0.04780295688760555,-1.0,2024-11-07,0.0025,True
2024-11-05,momentum,ABSLAMC,bull,0.7111985692219907,784.7315443173882,735.3010446700933,735.3010446700933,883.5925436119778,809.0853271484375,time,20,0.028534540420104896,0.49268736923200684,2024-12-05,0.0025,True
2024-11-05,momentum,LLOYDSME,bull,0.7016933721125743,969.8452373819747,921.4383717855678,921.4383717855678,1066.6589685747886,921.4383717855678,stop,7,-0.05241194855694459,-1.0,2024-11-14,0.0025,True
2024-11-05,momentum,CAPLIPOINT,bull,0.70030855253979,2011.3069887687943,1896.673092258367,1896.673092258367,2240.574781789649,2240.574781789649,target,17,0.11148945775115066,2.0,2024-12-02,0.0025,True
2024-11-05,momentum,PGEL,bull,0.6944070603975946,629.7224402701621,584.5431248784008,584.5431248784008,720.0810710536847,720.0810710536847,target,16,0.14098961543240723,2.0,2024-11-29,0.0025,True
2024-11-05,momentum,KAYNES,bull,0.6898426292611554,5439.39990234375,4942.413754065423,4942.413754065423,6433.372198900404,6433.372198900404,target,18,0.1802356536386242,2.0,2024-12-03,0.0025,True
2024-11-05,momentum,VIJAYA,bull,0.685924816925493,976.9244202624154,913.9211290233164,913.9211290233164,1102.9310027406134,1102.9310027406134,target,3,0.126482938561768,2.0,2024-11-08,0.0025,True
2024-11-05,momentum,NATIONALUM,bull,0.6814374792062418,217.67993679196934,203.8634273954994,203.8634273954994,245.31295558490922,203.8634273954994,stop,6,-0.06597167129910547,-1.0,2024-11-13,0.0025,True
2024-11-05,momentum,SHYAMMETL,bull,0.6811861653984712,862.5110555916906,811.1121150812913,811.1121150812913,965.3089366124891,811.1121150812913,stop,3,-0.06209221064724685,-1.0,2024-11-08,0.0025,True
2024-11-05,momentum,NETWEB,bull,0.6747899159663865,2674.889653499354,2474.4974467251263,2474.4974467251263,3075.67406704781,2870.72998046875,time,20,0.07071435735234649,0.9772851455747461,2024-12-05,0.0025,True
2024-11-05,momentum,ANANTRAJ,bull,0.6746573725275552,755.2983543095305,690.4031252958126,690.4031252958126,885.0888123369663,690.4031252958126,stop,6,-0.0884199926008617,-1.0,2024-11-13,0.0025,True
2024-11-05,momentum,BAJAJHLDNG,bull,0.6745087306953432,10397.33705016384,9945.77974182829,9945.77974182829,11300.45166683494,9945.77974182829,stop,16,-0.045930092355083774,-1.0,2024-11-29,0.0025,True
2024-11-05,momentum,CDSL,bull,0.668895042052581,1528.48142794626,1425.120453501196,1425.120453501196,1735.2033768363883,1425.120453501196,stop,6,-0.0701233106632802,-1.0,2024-11-13,0.0025,True
2024-11-05,trend_lowbeta,KALYANKJIL,bull,1.1274292515750375,644.4767266845703,576.1616675857698,682.1798746591403,,682.1798746591403,stop,43,0.05600195424205484,0.5519009786706316,2025-01-08,0.0025,False
2024-11-05,trend_lowbeta,TRENT,bull,1.1265609288103593,7009.588848448293,6369.858823894806,6369.858823894806,,6369.858823894806,stop,2,-0.09376498549128226,-1.0,2024-11-07,0.0025,False
2024-11-05,trend_lowbeta,POLICYBZR,bull,1.0881687496152188,1695.0,1467.5490477377507,1971.688832848476,,1971.688832848476,stop,43,0.16073824946812748,1.2164769155569675,2025-01-08,0.0025,False
2024-11-05,trend_lowbeta,TORNTPOWER,bull,1.0729403948367502,1662.342485757792,1486.2190809144367,1492.2840326161488,,1492.2840326161488,stop,8,-0.10480049138407282,-0.9655641922939984,2024-11-18,0.0025,False
2024-11-12,momentum,COFORGE,bull,0.766514258435315,1597.5770473190207,1532.3512834336511,1532.3512834336511,1728.02857508976,1728.02857508976,target,12,0.07915586003483005,2.0,2024-12-02,0.0025,True
2024-11-12,momentum,PAYTM,bull,0.7257323077666877,791.0,728.7077127344351,728.7077127344351,915.5845745311299,915.5845745311299,target,7,0.155002622668938,2.0,2024-11-25,0.0025,True
2024-11-12,momentum,ASTERDM,bull,0.7210307442787043,431.9797341019861,411.41756626030093,411.41756626030093,473.1040697853564,473.1040697853564,target,9,0.09269968747807339,2.0,2024-11-27,0.0025,True
2024-11-12,momentum,BSE,bull,0.7065357166054719,1570.0819629462883,1433.6479027222642,1433.6479027222642,1842.9500833943364,1433.6479027222642,stop,9,-0.08939613882832137,-1.0,2024-11-27,0.0025,True
2024-11-12,momentum,VIJAYA,bull,0.6972506123199365,1055.1082102305354,990.0940656454895,990.0940656454895,1185.1364994006271,1185.1364994006271,target,6,0.12073692291398358,2.0,2024-11-22,0.0025,True
2024-11-12,momentum,INDHOTEL,bull,0.6922881436493936,716.7905449089666,691.813485974677,691.813485974677,766.7446627775458,766.7446627775458,target,5,0.0671913738935041,2.0,2024-11-21,0.0025,True
2024-11-12,momentum,OFSS,bull,0.6888070831116532,10982.496559176601,10393.48795762268,10393.48795762268,12160.513762284445,10393.48795762268,stop,3,-0.05613157624317816,-1.0,2024-11-18,0.0025,True
2024-11-12,momentum,PAGEIND,bull,0.6827073756584634,45615.56080513006,43763.74088170766,43763.74088170766,49319.20065197486,43763.74088170766,stop,3,-0.04309623274902591,-1.0,2024-11-18,0.0025,True
2024-11-12,momentum,WOCKPHARMA,bull,0.6819563981471548,1198.0,1089.7983902493017,1089.7983902493017,1414.4032195013965,1414.4032195013965,target,11,0.1781370780479103,2.0,2024-11-29,0.0025,True
2024-11-12,momentum,CAMS,bull,0.681949252077104,906.9927218536437,858.5368415937852,858.5368415937852,1003.9044823733608,858.5368415937852,stop,6,-0.05592477298034765,-1.0,2024-11-22,0.0025,True
2024-11-12,momentum,IPCALAB,bull,0.6733826953443628,1549.9688536357583,1484.7202651698728,1484.7202651698728,1680.466030567529,1484.7202651698728,stop,1,-0.044596709435697324,-1.0,2024-11-13,0.0025,True
2024-11-12,momentum,SYNGENE,bull,0.669764472829243,885.0736521520336,849.2470080964957,849.2470080964957,956.7269402631092,849.2470080964957,stop,1,-0.04297871492776478,-1.0,2024-11-13,0.0025,True
2024-11-12,momentum,FORTIS,bull,0.6670824463083829,638.4668233803794,612.7273058062269,612.7273058062269,689.9458585286844,689.9458585286844,target,6,0.07812914667319432,2.0,2024-11-22,0.0025,True
2024-11-12,momentum,PERSISTENT,bull,0.6623924105938451,5616.238517846642,5333.816553998188,5333.816553998188,6181.0824455435495,6181.0824455435495,target,17,0.09807335098963671,2.0,2024-12-09,0.0025,True
2024-11-12,momentum,HCLTECH,bull,0.662364312854582,1733.4910686230562,1684.2476718402424,1684.2476718402424,1831.9778621886837,1798.7061767578125,time,20,0.03512067732287644,1.3243421939876567,2024-12-12,0.0025,True
2024-11-12,control_naive_low,ASIANPAINT,bull,-1.0019636022899798,2418.442077451427,2310.3722650823725,2310.3722650823725,2634.581702189536,2343.68212890625,time,20,-0.03341244121255099,-0.6917745752150881,2024-12-12,0.0025,True
2024-11-12,control_naive_low,ASTRAL,bull,-1.0190937160370541,1733.7180230067695,1665.6430569721158,1665.6430569721158,1869.867955076077,1825.5855712890625,time,20,0.05048874849496471,1.3495056058570436,2024-12-12,0.0025,True
2024-11-12,control_naive_low,SHREECEM,bull,-1.0371404587765958,24078.433966495293,23366.06610775293,23366.06610775293,25503.16968398002,25503.16968398002,target,7,0.05667061381430466,2.0,2024-11-25,0.0025,True
2024-11-12,control_naive_low,STARHEALTH,bull,-1.0379287609124837,470.0,444.82198889481094,444.82198889481094,520.3560222103781,463.5,time,20,-0.0163297872340426,-0.2581617734953014,2024-12-12,0.0025,True
2024-11-12,control_naive_low,AIAENG,bull,-1.0416336690601316,3483.8649620723118,3341.405985259363,3341.405985259363,3768.782915698209,3341.405985259363,stop,3,-0.043391073093777266,-1.0,2024-11-18,0.0025,True
2024-11-12,control_naive_low,AARTIIND,bull,-1.0427400315716546,443.93168576142267,413.4614380827044,413.4614380827044,504.87218111885926,435.670166015625,time,20,-0.021109889788848254,-0.27113398725563576,2024-12-12,0.0025,True
2024-11-12,control_naive_low,DMART,bull,-1.0430100103555402,3774.0,3602.826128994678,3602.826128994678,4116.347742010644,3602.826128994678,stop,6,-0.04785608664687918,-1.0,2024-11-22,0.0025,True
2024-11-12,control_naive_low,INDIAMART,bull,-1.0432379091402784,2197.353693883402,2064.416425436766,2064.416425436766,2463.228230776673,2219.440185546875,time,20,0.0075514048898698855,0.16614221069495863,2024-12-12,0.0025,True
2024-11-12,control_naive_low,LTF,bull,-1.0442314690521648,134.05851234345124,127.11654769690506,127.11654769690506,147.9424416365436,147.9424416365436,target,18,0.10106618949733254,2.0,2024-12-10,0.0025,True
2024-11-12,control_naive_low,TATAELXSI,bull,-1.0450750225154783,6440.342761684686,6107.1806609704545,6107.1806609704545,7106.666963113148,6107.1806609704545,stop,3,-0.05423049215583703,-1.0,2024-11-18,0.0025,True
2024-11-12,control_naive_low,AUBANK,bull,-1.0477983173775514,575.3810129916666,550.6668524486159,550.6668524486159,624.8093340777679,589.749267578125,time,20,0.022471721801787307,0.581377407556682,2024-12-12,0.0025,True
2024-11-12,control_naive_low,SBICARD,bull,-1.0483061568480387,674.8623122931159,649.3491545955661,649.3491545955661,725.8886276882155,725.8886276882155,target,18,0.0731099643817969,2.0,2024-12-10,0.0025,True
2024-11-12,trend_lowbeta,TRENT,bull,1.120097037793667,6485.665941686824,5798.334558958628,6302.430491917078,,6302.430491917078,stop,41,-0.030752372449835027,-0.26658967475402784,2025-01-13,0.0025,False
2024-11-12,trend_lowbeta,ZENTEC,bull,1.05891215526047,1736.6916811337157,1580.4477993126884,2287.8216456002638,,2287.8216456002638,stop,41,0.3148447368083029,3.527369891499821,2025-01-13,0.0025,False
2024-11-21,momentum,COHANCE,neutral,0.74241908768616,1279.0,1205.9828700993537,1205.9828700993537,1425.0342598012926,1216.5,time,20,-0.05136630179827989,-0.8559635264361,2024-12-19,0.0025,True
2024-11-21,momentum,360ONE,neutral,0.7045889364685849,1079.466124533686,1010.2007853633536,1010.2007853633536,1217.996802874351,1217.996802874351,target,17,0.12583258514759627,2.0,2024-12-16,0.0025,True
2024-11-21,momentum,FEDERALBNK,neutral,0.7039519156222334,209.49179026314357,200.10744641162495,200.10744641162495,228.26047796618082,200.10744641162495,stop,19,-0.04729575948886072,-1.0,2024-12-18,0.0025,True
2024-11-21,momentum,DIVISLAB,neutral,0.7027792981815971,5928.447256126176,5697.309099305857,5697.309099305857,6390.723569766816,5770.5703125,time,20,-0.029130403679991253,-0.6830414579662221,2024-12-19,0.0025,True
2024-11-21,momentum,NATIONALUM,neutral,0.6948768702405725,229.3380947469578,212.88732981513343,212.88732981513343,262.2396246106066,212.88732981513343,stop,16,-0.07423149733355666,-1.0,2024-12-13,0.0025,True
2024-11-21,momentum,MCX,neutral,0.6867138170721673,1231.2690698915612,1152.719271243969,1152.719271243969,1388.3686671867458,1388.3686671867458,target,11,0.1250916053905426,2.0,2024-12-06,0.0025,True
2024-11-21,momentum,KFINTECH,neutral,0.6838572466023447,1019.0860475903762,948.6955675711828,948.6955675711828,1159.867007628763,1159.867007628763,target,6,0.1356443307670267,2.0,2024-11-29,0.0025,True
2024-11-21,momentum,KIMS,neutral,0.683394328357141,585.6500244140625,552.7854283586356,552.7854283586356,651.3792165249163,595.25,time,20,0.013892000658656424,0.29210690950672036,2024-12-19,0.0025,True
2024-11-21,momentum,CDSL,neutral,0.6637376534266325,1523.2718267271878,1423.7217689570264,1423.7217689570264,1722.3719422675106,1722.3719422675106,target,10,0.1282055720764545,2.0,2024-12-05,0.0025,True
2024-11-21,momentum,CHOICEIN,neutral,0.6635303418941012,524.0,497.50277578270186,497.50277578270186,576.9944484345963,547.5999755859375,time,20,0.04253812134720886,0.8906584098167825,2024-12-19,0.0025,True
2024-11-21,control_naive_low,ADANIENSOL,neutral,-1.0,658.1500244140625,617.4872302455503,617.4872302455503,739.4756127510868,617.4872302455503,stop,3,-0.06428347285592434,-1.0,2024-11-26,0.0025,True
2024-11-21,control_naive_low,HONASA,neutral,-1.0,238.51500039105952,200.89147078850723,200.89147078850723,313.7620595961641,256.1054992675781,time,20,0.07125007378017284,0.46753983643590197,2024-12-19,0.0025,True
2024-11-21,control_naive_low,CREDITACC,neutral,-1.0016860607058502,870.0,814.4411250387748,814.4411250387748,981.1177499224505,981.1177499224505,target,3,0.12522155163500054,2.0,2024-11-26,0.0025,True
2024-11-21,control_naive_low,MAPMYINDIA,neutral,-1.0029682651884602,1582.2573457087694,1455.5312019211824,1455.5312019211824,1835.7096332839435,1835.7096332839435,target,12,0.1576839854070266,2.0,2024-12-09,0.0025,True
2024-11-21,control_naive_low,KPITTECH,neutral,-1.0054158980493864,1262.9397236165323,1181.6940581319382,1181.6940581319382,1425.4310545857206,1425.4310545857206,target,9,0.1261611925578529,2.0,2024-12-04,0.0025,True
2024-11-21,control_naive_low,INDUSINDBK,neutral,-1.0155732485645308,984.4055922437047,930.2842632745754,930.2842632745754,1092.6482501819632,962.8405151367188,time,20,-0.024406699105430526,-0.39845801124519076,2024-12-19,0.0025,True
2024-11-21,control_naive_low,BSOFT,neutral,-1.0169681858399195,529.8054991863944,502.29994379963836,502.29994379963836,584.8166099599065,584.8166099599065,target,4,0.10133265341335823,2.0,2024-11-27,0.0025,True
2024-11-21,control_naive_low,IGL,neutral,-1.0173145628464197,153.96338622645155,138.34432941403952,138.34432941403952,185.2014998512756,185.2014998512756,target,10,0.20039313187018765,2.0,2024-12-05,0.0025,True
2024-11-21,control_naive_low,BANDHANBNK,neutral,-1.0187960534473757,163.28999340958526,154.12677349238373,154.12677349238373,181.61643324398833,160.3033905029297,time,20,-0.020790177152277763,-0.3259337802259899,2024-12-19,0.0025,True
2024-11-21,control_naive_low,NESTLEIND,neutral,-1.019596958696852,1084.3543074515235,1047.9628254449713,1047.9628254449713,1157.137271464628,1058.0068359375,time,20,-0.02679784373333288,-0.7240010590741994,2024-12-19,0.0025,True
2024-11-21,control_naive_low,ADANIENT,neutral,-1.0198428814786662,2099.0203023530426,1990.866489146767,1990.866489146767,2315.3279287655937,2315.3279287655937,target,2,0.10055170758475568,2.0,2024-11-25,0.0025,True
2024-11-21,control_naive_low,AIAENG,neutral,-1.02105184297273,3360.2287931448027,3214.3079871129544,3214.3079871129544,3652.0704052084993,3401.159912109375,time,20,0.00968105119748869,0.28050228118695275,2024-12-19,0.0025,True
2024-11-21,control_naive_low,TATACONSUM,neutral,-1.0239660878913488,901.8778716372306,859.5191571677645,859.5191571677645,986.5953005761626,892.8713989257812,time,20,-0.01248635513154278,-0.21262384433176224,2024-12-19,0.0025,True
2024-11-21,trend_lowbeta,TARIL,neutral,1.1443820224719101,454.48648027547745,390.9557427656282,530.4000454871139,,509.7885581443695,stop,37,0.11918035853425585,0.8704775048506013,2025-01-14,0.0025,False
2024-11-21,trend_lowbeta,GODFRYPHLP,neutral,1.1301943998573212,1895.6261191368706,1616.116091983458,1616.116091983458,,1616.116091983458,stop,26,-0.1499499767288926,-1.0,2024-12-30,0.0025,False
2024-11-21,trend_lowbeta,WOCKPHARMA,neutral,1.0943412571020918,1180.0,1022.0119953624409,1317.3368374527297,,1317.3368374527297,stop,36,0.11388715038366931,0.8692864864506306,2025-01-13,0.0025,False
2024-11-21,trend_lowbeta,TORNTPOWER,neutral,1.0905424342021452,1526.685588704466,1374.8170887666051,1413.2337436091848,,1413.2337436091848,stop,21,-0.07681251459677146,-0.7470400059373843,2024-12-20,0.0025,False
2024-11-21,trend_lowbeta,ANANDRATHI,neutral,1.0868977553568244,994.4479470744182,908.4956447570553,1001.5801819567523,,1001.5801819567523,stop,21,0.00467205450855074,0.08297898590313162,2024-12-20,0.0025,False
2024-11-21,trend_lowbeta,POWERINDIA,neutral,1.0650462432163876,11431.054790187907,9436.348638440733,12663.298640692028,,12663.298640692028,stop,36,0.10529791306414199,0.6177570813750145,2025-01-13,0.0025,False
2024-11-21,trend_lowbeta,HSCL,neutral,1.0572740706769599,476.74908809642665,415.72486265576487,500.2193914583052,,500.2193914583052,stop,46,0.04672988621874724,0.3846063295748083,2025-01-27,0.0025,False
2024-11-28,momentum,NEULANDLAB,bull,0.7961152696469379,16615.50666603391,15066.450456249488,15066.450456249488,19713.619085602757,15066.450456249488,stop,12,-0.09572955001733813,-1.0,2024-12-16,0.0025,True
2024-11-28,momentum,JUBLPHARMA,bull,0.7094645932796161,1177.3473979663288,1089.4951595945183,1089.4951595945183,1353.0518747099497,1089.4951595945183,stop,11,-0.07711879010694772,-1.0,2024-12-13,0.0025,True
2024-11-28,momentum,DEEPAKFERT,bull,0.6953350545298924,1338.1741111608271,1233.4324904120779,1233.4324904120779,1547.6573526583256,1233.4324904120779,stop,14,-0.08077204238609054,-1.0,2024-12-18,0.0025,True
2024-11-28,momentum,ACUTAAS,bull,0.6851675418810854,1052.1409301918093,973.2947321833257,973.2947321833257,1209.8333262087765,1126.7091064453125,time,20,0.06837280241051852,0.9457421934977754,2024-12-27,0.0025,True
2024-11-28,momentum,CCL,bull,0.6713426393170333,780.9305780218984,736.178709825355,736.178709825355,870.4343144149854,736.178709825355,stop,16,-0.05980582135725837,-1.0,2024-12-20,0.0025,True
2024-11-28,momentum,RADICO,bull,0.6679147387978984,2400.8335793553133,2264.1770722933206,2264.1770722933206,2674.1465934792986,2542.214599609375,time,20,0.05638830507445086,1.034572178768815,2024-12-27,0.0025,True
2024-11-28,momentum,TARIL,bull,0.6568859555271808,498.268321056888,452.12079313002675,452.12079313002675,590.5633769106105,590.5633769106105,target,13,0.18273163515182617,2.0,2024-12-17,0.0025,True
2024-11-28,momentum,BSE,bull,0.6556158130256695,1528.8044270343983,1400.6017762630308,1400.6017762630308,1785.209728577133,1785.209728577133,target,6,0.16521622125670737,2.0,2024-12-06,0.0025,True
2024-11-28,momentum,FORTIS,bull,0.6544480419635206,652.9343953273897,608.9393316603234,608.9393316603234,740.9245226615221,680.572265625,time,20,0.03982870943144662,0.628203893663176,2024-12-27,0.0025,True
2024-11-28,momentum,ETERNAL,bull,0.6527977336799113,285.0,270.5491680369915,270.5491680369915,313.901663926017,270.5491680369915,stop,18,-0.05320467355441588,-1.0,2024-12-24,0.0025,True
2024-11-28,momentum,WIPRO,bull,0.651571513788811,266.4595113553808,255.04821713260577,255.04821713260577,289.2820998009309,289.2820998009309,target,10,0.08315124333321794,2.0,2024-12-12,0.0025,True
2024-11-28,momentum,LLOYDSME,bull,0.6505820146652495,975.6873646011829,910.3829197600096,910.3829197600096,1106.2962542835296,1113.501876344178,target,8,0.13874863838871948,2.110338922230688,2024-12-10,0.0025,True
2024-11-28,momentum,SYNGENE,bull,0.6495669237937886,913.0899115798436,877.2549253553758,877.2549253553758,984.7598840287792,877.2549253553758,stop,7,-0.041745846186675595,-1.0,2024-12-09,0.0025,True
2024-11-28,reversal,SYRMA,bull,0.7979050629137099,581.2285185163095,486.8535171958214,486.8535171958214,817.1660218175297,594.5402221679688,time,20,0.02040270216891588,0.14105116254731556,2024-12-27,0.0025,True
2024-11-28,control_naive_low,ZFCVINDIA,bull,-1.0235640864109594,2081.7595360964788,1923.5800999472044,1923.5800999472044,2398.1184083950275,1923.5800999472044,stop,11,-0.07848352903230965,-1.0,2024-12-13,0.0025,True
2024-11-28,control_naive_low,CLEAN,bull,-1.034793550967044,1276.8405791910254,1203.50541164987,1203.50541164987,1423.5109142733363,1423.5109142733363,target,9,0.11236973195607364,2.0,2024-12-11,0.0025,True
2024-11-28,control_naive_low,RBLBANK,bull,-1.0398125601082813,157.219763922568,147.68907465566866,147.68907465566866,176.2811424563667,147.68907465566866,stop,2,-0.0631201728657555,-1.0,2024-12-02,0.0025,True
2024-11-28,control_naive_low,DMART,bull,-1.0428030440034022,3714.699951171875,3547.080285872603,3547.080285872603,4049.9392817704193,3547.080285872603,stop,13,-0.04762333903210497,-1.0,2024-12-17,0.0025,True
2024-11-28,trend_lowbeta,PPLPHARMA,bull,1.1188476139519479,247.48964457494574,213.32625479666032,229.22172253563696,,229.22172253563696,stop,30,-0.07631287435554429,-0.5347221735859494,2025-01-10,0.0025,False
2024-11-28,trend_lowbeta,LUPIN,bull,1.0772248974496166,1974.9082331801862,1834.5083322572186,2172.008003050731,,2172.008003050731,stop,30,0.09730198905402093,1.4038455054087708,2025-01-10,0.0025,False
2024-11-28,trend_lowbeta,GLENMARK,bull,1.0718808122499937,1494.8422868197524,1354.7491296953244,1447.0400169250167,,1442.1242091924491,stop,35,-0.037766648590373986,-0.37630729943847374,2025-01-17,0.0025,False
2024-12-05,momentum,COFORGE,bull,0.7547034904240454,1729.8826046328695,1687.1596102076358,1687.1596102076358,1815.328593483337,1815.328593483337,target,5,0.04689409681421791,2.0,2024-12-12,0.0025,True
2024-12-05,momentum,TECHM,bull,0.7338205471411868,1702.2327132680182,1636.1163726087393,1636.1163726087393,1834.465394586576,1636.1163726087393,stop,11,-0.04134095291080736,-1.0,2024-12-20,0.0025,True
2024-12-05,momentum,OFSS,bull,0.7214680473127482,11539.829522995953,10987.495883933916,10987.495883933916,12644.496801120027,11611.3916015625,time,20,0.003701311589910663,0.12956313631027858,2025-01-03,0.0025,True
2024-12-05,momentum,DIXON,bull,0.7139013410311539,17371.26870688277,16473.276038266424,16473.276038266424,19167.25404411546,18389.466796875,time,20,0.05611391629897494,1.1338601366992247,2025-01-03,0.0025,True
2024-12-05,momentum,CAMS,bull,0.7115638709891252,1020.8718419048191,967.1319422976721,967.1319422976721,1128.351641119113,965.7336354332201,stop,10,-0.056510899515768764,-1.0260199009427635,2024-12-19,0.0025,True
2024-12-05,momentum,AFFLE,bull,0.7036312463250971,1773.8499755859375,1672.6428072587955,1672.6428072587955,1976.2643122402214,1781.25,time,20,0.0016717307077324683,0.07311759173167129,2025-01-03,0.0025,True
2024-12-05,momentum,PPLPHARMA,bull,0.6996660580467748,273.97248410521325,253.44963118385365,253.44963118385365,315.01818994793246,253.44963118385365,stop,3,-0.07740844559951593,-1.0,2024-12-10,0.0025,True
2024-12-05,momentum,SARDAEN,bull,0.6868005908337398,472.1489732366883,442.4310769761221,442.4310769761221,531.5847657578206,478.111083984375,time,20,0.010127605026471089,0.20062358033055233,2025-01-03,0.0025,True
2024-12-05,momentum,INDHOTEL,bull,0.6759292590501437,815.5589215115355,784.7129767357909,784.7129767357909,877.2508110630246,877.2508110630246,target,8,0.07314369406584514,2.0,2024-12-17,0.0025,True
2024-12-05,momentum,ECLERX,bull,0.6758059521047494,1860.777712503603,1752.8719732326163,1752.8719732326163,2076.5891910455766,1752.8719732326163,stop,14,-0.060489591419710054,-1.0,2024-12-26,0.0025,True
2024-12-05,momentum,ANANTRAJ,bull,0.6636162721058944,727.9761200046783,684.378430592051,684.378430592051,815.1714988299327,815.1714988299327,target,8,0.1172778009870627,2.0,2024-12-17,0.0025,True
2024-12-05,control_naive_low,DELHIVERY,bull,-1.023963096138153,331.6000061035156,316.94834066832897,316.94834066832897,360.90333697388894,360.90333697388894,target,2,0.08586951245780633,2.0,2024-12-09,0.0025,True
2024-12-05,trend_lowbeta,CHOICEIN,bull,1.0793064791459654,554.0,509.58628307594324,509.58628307594324,,509.58628307594324,stop,26,-0.08266916412284614,-1.0,2025-01-13,0.0025,False
2024-12-12,momentum,KAYNES,bull,0.7981832067845923,6584.75,6246.166560210046,6246.166560210046,7261.916879579909,7261.916879579909,target,3,0.10033866199626534,2.0,2024-12-17,0.0025,True
2024-12-12,momentum,ZENTEC,bull,0.757449265908447,2108.971684096036,1981.269392604443,1981.269392604443,2364.3762670792216,2364.3762670792216,target,3,0.11860384644289773,2.0,2024-12-17,0.0025,True
2024-12-12,momentum,LLOYDSME,bull,0.7356355705265256,1101.8674788916564,1039.162642729395,1039.162642729395,1227.2771512161794,1227.2771512161794,target,12,0.11131556741348753,2.0,2024-12-31,0.0025,True
2024-12-12,momentum,MPHASIS,bull,0.7232167680444812,3018.1592156174215,2936.910958434306,2936.910958434306,3180.6557299836527,2936.910958434306,stop,5,-0.029419804880636388,-1.0,2024-12-19,0.0025,True
2024-12-12,momentum,JUBLINGREA,bull,0.7031447267500894,826.4846669033451,782.5733728381294,782.5733728381294,914.3072550337764,782.5733728381294,stop,5,-0.05563019808309516,-1.0,2024-12-19,0.0025,True
2024-12-12,momentum,ZENSARTECH,bull,0.7000040811376351,756.7367781223554,728.261291642239,728.261291642239,813.6877510825882,728.261291642239,stop,6,-0.04012931484679633,-1.0,2024-12-20,0.0025,True
2024-12-12,momentum,INFY,bull,0.6924632807485913,1872.6099443049989,1832.0694389127113,1832.0694389127113,1953.690955089574,1832.0694389127113,stop,5,-0.024149199031319787,-1.0,2024-12-19,0.0025,True
2024-12-12,momentum,WIPRO,bull,0.6919510749913435,286.4787415172861,277.1285898016964,277.1285898016964,305.17904494846545,277.1285898016964,stop,12,-0.035138204377986926,-1.0,2024-12-31,0.0025,True
2024-12-12,momentum,WOCKPHARMA,bull,0.6791018297098881,1388.0,1296.6049822890907,1296.6049822890907,1570.7900354218186,1570.7900354218186,target,15,0.12919310909352938,2.0,2025-01-03,0.0025,True
2024-12-12,momentum,PAYTM,bull,0.6731413518214419,949.9500122070312,899.2966911210876,899.2966911210876,1051.2566543789185,1051.2566543789185,target,3,0.10414418218861882,2.0,2024-12-17,0.0025,True
2024-12-12,momentum,NAM-INDIA,bull,0.6627433289323763,750.4708596178243,711.1600949151773,711.1600949151773,829.0923890231184,711.1600949151773,stop,5,-0.054881467180039445,-1.0,2024-12-19,0.0025,True
2024-12-12,momentum,EIDPARRY,bull,0.6525964898166926,945.0,894.0998619997496,894.0998619997496,1046.8002760005008,894.0998619997496,stop,9,-0.056362579894444875,-1.0,2024-12-26,0.0025,True
2024-12-12,momentum,VIJAYA,bull,0.6460421530493028,1083.960101364058,1012.8394034512191,1012.8394034512191,1226.2014971897354,1226.2014971897354,target,18,0.1287238297762811,2.0,2025-01-08,0.0025,True
2024-12-12,control_naive_low,ASIANPAINT,bull,-1.0037174351399862,2343.681904879696,2272.2352183822877,2272.2352183822877,2486.5752778745127,2272.2352183822877,stop,5,-0.03298480527526021,-1.0,2024-12-19,0.0025,True
2024-12-12,control_naive_low,TATATECH,bull,-1.0117615445299428,913.3464520348817,887.4081932638628,887.4081932638628,965.2229695769196,887.4081932638628,stop,4,-0.030899145486611376,-1.0,2024-12-18,0.0025,True
2024-12-12,control_naive_low,STARHEALTH,bull,-1.0238568312386738,463.0,441.9086116353256,441.9086116353256,505.1827767293488,462.6000061035156,time,20,-0.0033639177029899914,-0.018964796890958483,2025-01-10,0.0025,True
2024-12-12,control_naive_low,AARTIIND,bull,-1.035731123997644,435.47111248156347,417.705846673277,417.705846673277,471.0016440981364,413.07540838468805,stop,5,-0.05392867909021998,-1.2606455956560534,2024-12-19,0.0025,True
2024-12-12,control_naive_low,CREDITACC,bull,-1.0407545417995947,893.0,840.7231495315464,840.7231495315464,997.5537009369073,840.7231495315464,stop,5,-0.06104070601170625,-1.0,2024-12-19,0.0025,True
2024-12-12,control_naive_low,DABUR,bull,-1.045485157445376,492.59435162257074,477.98837647593473,477.98837647593473,521.8063019158428,503.53228759765625,time,20,0.019704753138270307,0.7488672180579938,2025-01-10,0.0025,True
2024-12-12,trend_lowbeta,AEGISLOG,bull,1.1592259111776193,751.5749151779816,666.555560096322,833.8766732950071,,833.8766732950071,stop,20,0.10700572784555423,0.9680355495284124,2025-01-10,0.0025,False
2024-12-12,trend_lowbeta,TEGA,bull,1.0823002003703046,1666.4437514299877,1456.1288303718095,1456.1288303718095,,1456.1288303718095,stop,31,-0.12870583255672768,-1.0,2025-01-27,0.0025,False
2024-12-12,trend_lowbeta,VOLTAS,bull,1.0676122961422376,1769.2348031048127,1655.6609972946678,1655.6609972946678,,1655.6609972946678,stop,8,-0.06669374387776866,-1.0,2024-12-24,0.0025,False
2024-12-19,momentum,OBEROIRLTY,bull,0.7340217193884784,2285.7649795111447,2163.949773186375,2163.949773186375,2529.3953921606844,2163.949773186375,stop,15,-0.05579297080700857,-1.0,2025-01-10,0.0025,True
2024-12-19,momentum,INDHOTEL,bull,0.7310956351021877,872.5865687769256,846.6767824240791,846.6767824240791,924.4061414826185,846.6767824240791,stop,1,-0.03219308407893945,-1.0,2024-12-20,0.0025,True
2024-12-19,momentum,MANKIND,bull,0.7108004562829889,2906.654147594281,2743.693110098595,2743.693110098595,3232.576222585653,2743.693110098595,stop,15,-0.05856481859238821,-1.0,2025-01-10,0.0025,True
2024-12-19,momentum,MAZDOCK,bull,0.7035780857399678,2521.855259408388,2353.106447877272,2353.106447877272,2859.3528824706204,2353.106447877272,stop,1,-0.06941455066723518,-1.0,2024-12-20,0.0025,True
2024-12-19,momentum,ASTERDM,bull,0.7022093489045697,487.32008830204825,464.8073166074358,464.8073166074358,532.3456316912732,490.42462158203125,time,20,0.0038706244714845094,0.1379009800346329,2025-01-17,0.0025,True
2024-12-19,momentum,GVT&D,bull,0.6972782292829836,2148.7347244922735,1970.6038344716976,1970.6038344716976,2504.996504533425,1970.6038344716976,stop,10,-0.08540036363733389,-1.0,2025-01-03,0.0025,True
2024-12-19,momentum,MAXHEALTH,bull,0.6955979806503552,1177.2467817188651,1121.1188705373886,1121.1188705373886,1289.5026040818182,1121.1188705373886,stop,5,-0.050177268736743275,-1.0,2024-12-27,0.0025,True
2024-12-19,momentum,PAYTM,bull,0.6839796011631605,999.9000244140625,936.7377193706426,936.7377193706426,1126.2246345009023,936.7377193706426,stop,13,-0.06566862036325355,-1.0,2025-01-08,0.0025,True
2024-12-19,momentum,LAURUSLABS,bull,0.6838451846602095,570.978918151395,548.9432224113441,548.9432224113441,615.0503096314967,615.0503096314967,target,8,0.07468567197329729,2.0,2025-01-01,0.0025,True
2024-12-19,momentum,CAPLIPOINT,bull,0.6693173375513991,2381.758507426144,2247.8355624509372,2247.8355624509372,2649.604397376558,2247.8355624509372,stop,16,-0.058728599397313064,-1.0,2025-01-13,0.0025,True
2024-12-19,momentum,PAGEIND,bull,0.6613613875793027,47870.38487990862,46389.340304804005,46389.340304804005,50832.474030117846,46389.340304804005,stop,4,-0.03343863938675401,-1.0,2024-12-26,0.0025,True
2024-12-19,momentum,NAUKRI,bull,0.6588728314793703,1738.3890589868204,1661.995090927026,1661.995090927026,1891.176995106409,1661.995090927026,stop,12,-0.04644526510901931,-1.0,2025-01-07,0.0025,True
2024-12-19,momentum,TRITURBINE,bull,0.6558554764668221,775.6100331277956,716.5703633120793,716.5703633120793,893.6893727592284,716.5703633120793,stop,4,-0.07862030181923724,-1.0,2024-12-26,0.0025,True
2024-12-19,momentum,WELCORP,bull,0.6546301146615446,771.1160426550642,732.9149012673607,732.9149012673607,847.5183254304712,732.9149012673607,stop,16,-0.05204006825765345,-1.0,2025-01-13,0.0025,True
2024-12-19,control_naive_low,AARTIIND,bull,-1.0054446460980035,415.7629187129809,396.53044726476503,396.53044726476503,454.22786160941257,396.53044726476503,stop,13,-0.04875826542624612,-1.0,2025-01-08,0.0025,True
2024-12-19,control_naive_low,NESTLEIND,bull,-1.0060538328169855,1057.8111007193206,1027.5134857197654,1027.5134857197654,1118.406330718431,1085.8233642578125,time,20,0.02398134768054833,0.9245699220517233,2025-01-17,0.0025,True
2024-12-19,control_naive_low,TATACONSUM,bull,-1.0078888879027883,892.7729934825612,861.8061460454725,861.8061460454725,954.7066883567387,954.7066883567387,target,12,0.06687227640879273,2.0,2025-01-07,0.0025,True
2024-12-19,control_naive_low,TATATECH,bull,-1.0086851101766139,885.2285896792849,859.5467466164337,859.5467466164337,936.5922758049875,859.5467466164337,stop,2,-0.03151153821992542,-1.0,2024-12-23,0.0025,True
2024-12-19,control_naive_low,ASIANPAINT,bull,-1.011697971111581,2252.9082428785946,2174.9579512959685,2174.9579512959685,2408.8088260438467,2174.9579512959685,stop,19,-0.037099851915418924,-1.0,2025-01-16,0.0025,True
2024-12-19,control_naive_low,DMART,bull,-1.0122840384789424,3519.949951171875,3352.4825203305345,3352.4825203305345,3854.884812854556,3854.884812854556,target,10,0.09265330227100915,2.0,2025-01-03,0.0025,True
2024-12-19,control_naive_low,CREDITACC,bull,-1.013493990610881,840.1500244140625,793.150021621145,793.150021621145,934.1500299998975,934.1500299998975,target,9,0.10938478587665629,2.0,2025-01-02,0.0025,True
2024-12-19,control_naive_low,AUBANK,bull,-1.014608033639762,547.5423564816591,526.9966740724932,526.9966740724932,588.633721299991,588.633721299991,target,6,0.0725469152420874,2.0,2024-12-30,0.0025,True
2024-12-19,control_naive_low,BANDHANBNK,bull,-1.0163188730450716,160.33286911459436,153.92294670683648,153.92294670683648,173.1527139301101,153.92294670683648,stop,11,-0.04247884178805855,-1.0,2025-01-06,0.0025,True
2024-12-19,control_naive_low,INDUSINDBK,bull,-1.0172996038123023,958.4476076445211,928.3886820494891,928.3886820494891,1018.565458834585,928.3886820494891,stop,1,-0.0338620957006765,-1.0,2024-12-20,0.0025,True
2024-12-19,control_naive_low,BERGEPAINT,bull,-1.0202709759746693,441.678663341019,422.4691947410905,422.4691947410905,480.09760054087593,462.1851806640625,time,20,0.04392858943632166,1.0675213224336602,2025-01-17,0.0025,True
2024-12-19,control_naive_low,ZFCVINDIA,bull,-1.024381050601552,1937.5324634681147,1837.5871944479263,1837.5871944479263,2137.4230015084913,1837.5871944479263,stop,17,-0.054083790674293974,-1.0,2025-01-14,0.0025,True
2024-12-19,control_naive_low,RELIANCE,bull,-1.0261614888358415,1213.5201900622435,1184.849368896689,1184.849368896689,1270.8618323933526,1310.9288585996749,target,20,0.07776950794484522,3.3974844311211836,2025-01-17,0.0025,True
2024-12-19,control_naive_low,AIAENG,bull,-1.0284086760034792,3399.4257826345715,3278.3833048421184,3278.3833048421184,3641.510738219478,3278.3833048421184,stop,2,-0.03810674229476624,-1.0,2024-12-23,0.0025,True
2024-12-19,control_naive_low,CONCOR,bull,-1.0416638500540902,769.7808532332758,741.137765978543,741.137765978543,827.0670277427414,613.4472482069136,stop,8,-0.20558845611023085,-5.457987249629688,2025-01-01,0.0025,True
2024-12-19,control_naive_low,BRITANNIA,bull,-1.044611405363552,4650.585974903211,4495.182430733729,4495.182430733729,4961.393063242173,4713.11181640625,time,20,0.010944723275832126,0.40234501624267577,2025-01-17,0.0025,True
2024-12-19,control_naive_low,KAJARIACER,bull,-1.045642379672286,1145.6330699851426,1091.268410690998,1091.268410690998,1254.3623885734316,1091.268410690998,stop,11,-0.049953814592528845,-1.0,2025-01-06,0.0025,True
2024-12-19,trend_lowbeta,NEULANDLAB,bull,1.2308481497450985,14271.78376549031,12267.513108941268,12267.513108941268,,12267.513108941268,stop,41,-0.14293589010894642,-1.0,2025-02-14,0.0025,False
2024-12-19,trend_lowbeta,JUBLPHARMA,bull,1.1302356253328938,1083.7341741804034,956.1161526311663,956.1161526311663,,956.1161526311663,stop,15,-0.12025767950267968,-1.0,2025-01-10,0.0025,False
2024-12-19,trend_lowbeta,COHANCE,bull,1.1287163618839882,1214.449951171875,1112.3061170040726,1112.3061170040726,,1112.3061170040726,stop,2,-0.08660707585704902,-1.0,2024-12-23,0.0025,False
2024-12-19,trend_lowbeta,VIJAYA,bull,1.104968676287823,1060.0414591486422,945.8260681251537,1082.7083020158402,,1082.7083020158402,stop,20,0.018882977685988404,0.1984569913396051,2025-01-17,0.0025,False
2024-12-19,trend_lowbeta,NATCOPHARM,bull,1.0746823242955335,1466.922946057834,1362.9703543401345,1362.9703543401345,,1362.9703543401345,stop,3,-0.07336438452480326,-1.0,2024-12-24,0.0025,False
2024-12-19,trend_lowbeta,FORTIS,bull,1.0728954777183148,680.272952428111,619.7575983447205,654.2996147333898,,654.2996147333898,stop,17,-0.040680759064452066,-0.42920244106858824,2025-01-14,0.0025,False
2024-12-27,momentum,FORTIS,neutral,0.7300557729639786,684.4136558288933,648.0186071862806,648.0186071862806,757.2037531141186,648.0186071862806,stop,13,-0.055676976135192124,-1.0,2025-01-15,0.0025,True
2024-12-27,momentum,ACUTAAS,neutral,0.7183259893795129,1132.374197150593,1053.1856937069676,1053.1856937069676,1290.751204037844,1053.1856937069676,stop,1,-0.07243139162203488,-1.0,2024-12-30,0.0025,True
2024-12-27,momentum,TARIL,neutral,0.7040153795060892,545.5986906870365,504.8600630814642,504.8600630814642,627.0759458981812,627.0759458981812,target,5,0.1468355035521542,2.0,2025-01-03,0.0025,True
2024-12-27,momentum,PERSISTENT,neutral,0.6993601002475375,6326.954514428669,6077.5683658863145,6077.5683658863145,6825.726811513379,6077.5683658863145,stop,8,-0.04191645984235032,-1.0,2025-01-08,0.0025,True
2024-12-27,momentum,COFORGE,neutral,0.6911845164117681,1852.1969843464635,1803.0783668402094,1803.0783668402094,1950.4342193589719,1950.4342193589719,target,1,0.05053822209124842,2.0,2024-12-30,0.0025,True
2024-12-27,momentum,APOLLOHOSP,neutral,0.6852456715181271,7202.574250393069,7008.834207207507,7008.834207207507,7590.054336764193,7008.834207207507,stop,9,-0.02939872210272448,-1.0,2025-01-09,0.0025,True
2024-12-27,momentum,BSE,neutral,0.6820910239423166,1739.9141430753743,1642.9432809737843,1642.9432809737843,1933.8558672785543,1933.8558672785543,target,14,0.10896626112273528,2.0,2025-01-16,0.0025,True
2024-12-27,momentum,PARADEEP,neutral,0.6818729307682562,111.05060337703468,103.84778935374258,103.84778935374258,125.45623142361886,125.45623142361886,target,7,0.1272212946936881,2.0,2025-01-07,0.0025,True
2024-12-27,momentum,FLUOROCHEM,neutral,0.6813220486378592,4268.848912171903,4202.896863308705,4202.896863308705,4400.753009898299,4202.896863308705,stop,1,-0.017949609536460017,-1.0,2024-12-30,0.0025,True
2024-12-27,momentum,CAMS,neutral,0.6811101182222498,974.2209346100526,932.8299150592463,932.8299150592463,1057.0029737116652,932.8299150592463,stop,8,-0.0449862760389908,-1.0,2025-01-08,0.0025,True
2024-12-27,momentum,INDHOTEL,neutral,0.6810775925526488,854.2721917453044,826.7631990855275,826.7631990855275,909.2901770648583,826.7631990855275,stop,8,-0.034701671698542824,-1.0,2025-01-08,0.0025,True
2024-12-27,momentum,KIMS,neutral,0.6785361394426812,595.0,569.2156493653727,569.2156493653727,646.5687012692547,646.5687012692547,target,6,0.0841700861668146,2.0,2025-01-06,0.0025,True
2024-12-27,reversal,SYRMA,neutral,0.8728295791863105,597.2822807032718,535.2145224990238,535.2145224990238,752.4516762138917,535.2145224990238,stop,11,-0.10641695888109409,-1.0,2025-01-13,0.0025,True
2024-12-27,control_naive_low,ASTRAL,neutral,-1.0024848336884469,1657.903425231178,1585.792115558478,1585.792115558478,1802.1260445765784,1585.792115558478,stop,6,-0.04599548265312553,-1.0,2025-01-06,0.0025,True
2024-12-27,control_naive_low,IRCTC,neutral,-1.0026377353908296,765.178012647878,740.1752173503472,740.1752173503472,815.1836032429394,740.1752173503472,stop,11,-0.035175789011512804,-1.0,2025-01-13,0.0025,True
2024-12-27,control_naive_low,TATATECH,neutral,-1.0176043905878327,871.654410455156,844.9294296919467,844.9294296919467,925.1043719815748,844.9294296919467,stop,9,-0.03316006486361295,-1.0,2025-01-09,0.0025,True
2024-12-27,control_naive_low,INDIAMART,neutral,-1.0256604583571307,2153.4189468315144,2065.5269154521084,2065.5269154521084,2329.2030095903265,2065.5269154521084,stop,6,-0.04331511008748584,-1.0,2025-01-06,0.0025,True
2024-12-27,control_naive_low,LTF,neutral,-1.02885893293546,134.43845631211758,128.7405603952514,128.7405603952514,145.83424814584993,128.7405603952514,stop,11,-0.04488293173820529,-1.0,2025-01-13,0.0025,True
2024-12-27,control_naive_low,INDUSINDBK,neutral,-1.0290895174663033,951.7584374665278,915.8580712306216,915.8580712306216,1023.5591699383401,1023.5591699383401,target,5,0.07294007979896427,2.0,2025-01-03,0.0025,True
2024-12-27,control_naive_low,SBICARD,neutral,-1.0422100791910465,670.9875415786489,648.5276808259358,648.5276808259358,715.9072630840751,715.9072630840751,target,5,0.06444568635319586,2.0,2025-01-03,0.0025,True
2024-12-27,trend_lowbeta,COHANCE,neutral,1.1109283644313386,1150.050048828125,1055.7712561415508,1055.7712561415508,,1055.7712561415508,stop,1,-0.08447799111668414,-1.0,2024-12-30,0.0025,False
2024-12-27,trend_lowbeta,TRITURBINE,neutral,1.1085311912146016,742.6179661320338,657.6484912507962,657.6484912507962,,657.6484912507962,stop,11,-0.11691882469367892,-1.0,2025-01-13,0.0025,False
2024-12-27,trend_lowbeta,OFSS,neutral,1.0864100869388378,11743.014157767875,10784.961612321917,10784.961612321917,,10784.961612321917,stop,8,-0.08408489230911959,-1.0,2025-01-08,0.0025,False
2025-01-03,momentum,LAURUSLABS,bull,0.7466434924901767,613.3437864490476,586.8926139358675,586.8926139358675,666.2461314754077,586.8926139358675,stop,5,-0.04562617670151853,-1.0,2025-01-10,0.0025,True
2025-01-03,momentum,WOCKPHARMA,bull,0.7443409977900033,1530.050048828125,1417.771685986816,1417.771685986816,1754.606774510743,1417.771685986816,stop,5,-0.07588215042527774,-1.0,2025-01-10,0.0025,True
2025-01-03,momentum,IPCALAB,bull,0.740718795885583,1717.4955273454725,1656.959003597614,1656.959003597614,1838.5685748411897,1656.959003597614,stop,4,-0.03774697606719396,-1.0,2025-01-09,0.0025,True
2025-01-03,momentum,BLS,bull,0.7281490969493434,501.45715038484593,471.39683477742636,471.39683477742636,561.5777815996851,471.39683477742636,stop,4,-0.06244593074273569,-1.0,2025-01-09,0.0025,True
2025-01-03,momentum,FSL,bull,0.7275023670085876,388.37217511423404,368.4171405077641,368.4171405077641,428.28224432717394,368.4171405077641,stop,5,-0.05388121597048107,-1.0,2025-01-10,0.0025,True
2025-01-03,momentum,APARINDS,bull,0.7259445864784617,10859.28185438436,10356.897638237026,10356.897638237026,11864.05028667903,10356.897638237026,stop,4,-0.04876311600379918,-1.0,2025-01-09,0.0025,True
2025-01-03,momentum,JUBLFOOD,bull,0.7206355890881718,775.5883212885836,724.7283029158698,724.7283029158698,877.3083580340113,724.7218301431126,stop,6,-0.06808439541864181,-1.000127266425855,2025-01-13,0.0025,True
2025-01-03,momentum,MUTHOOTFIN,bull,0.7104904770967688,2180.746821196777,2108.866807044054,2108.866807044054,2324.5068495022233,2108.866807044054,stop,4,-0.035461191759654065,-1.0,2025-01-09,0.0025,True
2025-01-03,momentum,PAGEIND,bull,0.6983589598909108,46645.65136358117,45188.844151152596,45188.844151152596,49559.26578843832,45188.844151152596,stop,6,-0.033731361763467305,-1.0,2025-01-13,0.0025,True
2025-01-03,momentum,KALYANKJIL,bull,0.6861253067211397,776.1029039371012,731.0048325936543,731.0048325936543,866.2990466239951,731.0048325936543,stop,2,-0.06060836567505207,-1.0,2025-01-07,0.0025,True
2025-01-03,momentum,MAXHEALTH,bull,0.6847651290732121,1178.4434067172394,1115.905253179067,1115.905253179067,1303.5197137935845,1115.905253179067,stop,6,-0.05556844026764379,-1.0,2025-01-13,0.0025,True
2025-01-03,momentum,TRITURBINE,bull,0.6804626886725914,777.9244951861627,722.6252103038287,722.6252103038287,888.5230649508309,722.6252103038287,stop,3,-0.0735856711988489,-1.0,2025-01-08,0.0025,True
2025-01-03,reversal,ITI,bull,0.8398304625530346,473.3999938964844,311.39597516962135,311.39597516962135,878.4100407136419,311.39597516962135,stop,17,-0.3447138166784334,-1.0,2025-01-28,0.0025,True
2025-01-03,control_naive_low,CONCOR,bull,-1.0132817147298119,612.7847341633491,574.557761210881,574.557761210881,689.2386800682851,574.557761210881,stop,6,-0.0648823845818553,-1.0,2025-01-13,0.0025,True
2025-01-03,control_naive_low,BSOFT,bull,-1.0295544048572896,536.5966449534467,513.820266672257,513.820266672257,582.149401515826,513.820266672257,stop,6,-0.0449459945759923,-1.0,2025-01-13,0.0025,True
2025-01-03,control_naive_low,AIAENG,bull,-1.0309898714778638,3351.5071611110147,3232.5673110054227,3232.5673110054227,3589.386861322199,3589.386861322199,target,14,0.06847693329478893,2.0,2025-01-23,0.0025,True
2025-01-03,control_naive_low,APTUS,bull,-1.0437874536233074,290.021455624184,278.00311626336907,278.00311626336907,314.05813434581387,278.00311626336907,stop,5,-0.04393948362354455,-1.0,2025-01-10,0.0025,True
2025-01-03,trend_lowbeta,GODFRYPHLP,bull,1.1240964313795114,1675.7866971489889,1416.7618414579847,1416.7618414579847,,1416.7618414579847,stop,6,-0.15706910842631844,-1.0,2025-01-13,0.0025,False
2025-01-03,trend_lowbeta,DOMS,bull,1.116580008623532,2762.008222260145,2462.710842440286,2462.710842440286,,2447.961449880012,stop,13,-0.11620233073497127,-1.0492800590808755,2025-01-22,0.0025,False
2025-01-03,trend_lowbeta,NETWEB,bull,1.1054049255586273,2834.1970452719793,2552.442806170345,2552.442806170345,,2552.442806170345,stop,5,-0.10191236780683893,-1.0,2025-01-10,0.0025,False
2025-01-03,trend_lowbeta,POLYMED,bull,1.091708727521749,2776.1298066841946,2476.140327366145,2476.140327366145,,2476.140327366145,stop,8,-0.110560321457503,-1.0,2025-01-15,0.0025,False
2025-01-03,trend_lowbeta,COHANCE,bull,1.090331498719152,1102.0,966.0773842611859,966.0773842611859,,966.0773842611859,stop,16,-0.12584175656879687,-1.0,2025-01-27,0.0025,False
2025-01-10,momentum,HCLTECH,neutral,0.7730675402960163,1853.237728643335,1790.3181651361208,1790.3181651361208,1979.0768556577634,1790.3181651361208,stop,2,-0.036451156149445885,-1.0,2025-01-14,0.0025,True
2025-01-10,momentum,KIMS,neutral,0.7666225950760815,657.0,619.3842437277275,619.3842437277275,732.231512544545,619.3842437277275,stop,1,-0.059753814721875964,-1.0,2025-01-13,0.0025,True
2025-01-10,momentum,ANANTRAJ,neutral,0.7555713530788886,876.6027275862206,828.3070231303101,828.3070231303101,973.1941364980415,828.3070231303101,stop,1,-0.057594175429838856,-1.0,2025-01-13,0.0025,True
2025-01-10,momentum,WOCKPHARMA,neutral,0.730726924916308,1380.0,1291.501515902862,1291.501515902862,1556.9969681942762,1291.501515902862,stop,8,-0.06662933630227402,-1.0,2025-01-22,0.0025,True
2025-01-10,momentum,ZENTEC,neutral,0.7290769966523195,2415.379428719559,2281.944737326421,2281.944737326421,2682.2488115058354,2281.944737326421,stop,1,-0.05774378066922364,-1.0,2025-01-13,0.0025,True
2025-01-10,momentum,CARTRADE,neutral,0.7269249163079866,1525.0999755859375,1410.1162987610899,1410.1162987610899,1755.0673292356328,1410.1162987610899,stop,1,-0.07789418966987488,-1.0,2025-01-13,0.0025,True
2025-01-10,momentum,COFORGE,neutral,0.7255141080822572,1839.0602783077882,1783.7351129329497,1783.7351129329497,1949.710609057465,1783.7351129329497,stop,1,-0.03258338879775374,-1.0,2025-01-13,0.0025,True
2025-01-10,momentum,NEWGEN,neutral,0.7191535150645624,1589.2354970982021,1497.9317674919084,1497.9317674919084,1771.8429563107895,1497.9317674919084,stop,7,-0.05995135303924809,-1.0,2025-01-21,0.0025,True
2025-01-10,momentum,LAURUSLABS,neutral,0.7117168818747011,575.2154180556714,557.0113562368758,557.0113562368758,611.6235416932626,557.0113562368758,stop,1,-0.034147381567636914,-1.0,2025-01-13,0.0025,True
2025-01-10,momentum,VIJAYA,neutral,0.6956241032998566,1239.2813239272807,1151.784093700891,1151.784093700891,1414.2757843800603,1151.784093700891,stop,2,-0.07310320246666119,-1.0,2025-01-14,0.0025,True
2025-01-10,momentum,PERSISTENT,neutral,0.6899091343854615,6207.720715792312,5957.675716069685,5957.675716069685,6707.810715237566,5957.675716069685,stop,1,-0.04277967931716348,-1.0,2025-01-13,0.0025,True
2025-01-10,momentum,BLUEJET,neutral,0.6863940698230513,561.8351385017401,530.8737380040227,530.8737380040227,623.7579394971748,623.7579394971748,target,13,0.10771525132900334,2.0,2025-01-29,0.0025,True
2025-01-10,momentum,MANKIND,neutral,0.686131037780966,2652.054628088958,2590.977286749821,2590.977286749821,2774.209310767232,2590.977286749821,stop,1,-0.025530197301459386,-1.0,2025-01-13,0.0025,True
2025-01-10,momentum,INDIACEM,neutral,0.6752271640363463,377.0,366.68964858858453,366.68964858858453,397.62070282283094,366.68964858858453,stop,6,-0.029848412231871232,-1.0,2025-01-20,0.0025,True
2025-01-10,momentum,WIPRO,neutral,0.6644906743185078,277.07154659615924,268.30556844883387,268.30556844883387,294.60350289081,268.30556844883387,stop,2,-0.03413795869700781,-1.0,2025-01-14,0.0025,True
2025-01-10,momentum,COROMANDEL,neutral,0.6643711142993781,1877.527712931675,1829.5256817626416,1829.5256817626416,1973.531775269742,1829.5256817626416,stop,1,-0.0280666165875551,-1.0,2025-01-13,0.0025,True
2025-01-10,control_naive_low,BANKINDIA,neutral,-1.0028723047134724,87.15749019357243,83.60923357590967,83.60923357590967,94.25400342889795,94.25400342889795,target,6,0.07892172542560044,2.0,2025-01-20,0.0025,True
2025-01-10,control_naive_low,NMDC,neutral,-1.0030231097218638,57.4687557969349,55.21065516123349,55.21065516123349,61.98495706833772,61.98495706833772,target,5,0.07608533230405684,2.0,2025-01-17,0.0025,True
2025-01-10,control_naive_low,BANDHANBNK,neutral,-1.0049564168507308,140.83160915227603,134.71094920199425,134.71094920199425,153.07292905283958,134.71094920199425,stop,1,-0.04596083941754675,-1.0,2025-01-13,0.0025,True
2025-01-10,control_naive_low,UNIONBANK,neutral,-1.0050436884593306,96.20442272985389,91.48712019324788,91.48712019324788,105.63902780306591,105.63902780306591,target,6,0.0955683091847534,2.0,2025-01-20,0.0025,True
2025-01-10,control_naive_low,GMDCLTD,neutral,-1.006936282846281,292.06293603781864,275.6024699165849,275.6024699165849,324.9838682802862,275.6024699165849,stop,1,-0.058859311950155646,-1.0,2025-01-13,0.0025,True
2025-01-10,control_naive_low,TATATECH,neutral,-1.0070627027735222,804.75319653289,778.95555424511,778.95555424511,856.3484811084501,778.95555424511,stop,1,-0.03455658877643947,-1.0,2025-01-13,0.0025,True
2025-01-10,control_naive_low,MRF,neutral,-1.0079530833179342,116610.67099100514,113103.41693272348,113103.41693272348,123625.17910756846,113103.41693272348,stop,1,-0.032576613301986634,-1.0,2025-01-13,0.0025,True
2025-01-10,control_naive_low,APTUS,neutral,-1.0093122330668438,271.51673740878965,263.4453144449469,263.4453144449469,287.6595833364751,263.4453144449469,stop,1,-0.0322271654074518,-1.0,2025-01-13,0.0025,True
2025-01-10,control_naive_low,PVRINOX,neutral,-1.0093333333333334,1135.5999755859375,1065.9355919935308,1065.9355919935308,1274.928742770751,1065.9355919935308,stop,8,-0.06384588331288216,-1.0,2025-01-22,0.0025,True
2025-01-10,control_naive_low,ENGINERSIN,neutral,-1.0103911193671087,165.17907146623253,158.2221740815015,158.2221740815015,179.0928662356946,158.2221740815015,stop,1,-0.04461730531584468,-1.0,2025-01-13,0.0025,True
2025-01-10,control_naive_low,CANFINHOME,neutral,-1.0108332853387496,661.7151800617661,631.4071598593064,631.4071598593064,722.3312204666855,631.4071598593064,stop,17,-0.04830221387641537,-1.0,2025-02-03,0.0025,True
2025-01-10,control_naive_low,SAIL,neutral,-1.011736600111849,103.60153277508532,99.80127313079616,99.80127313079616,111.20205206366363,99.80127313079616,stop,1,-0.039181500191115604,-1.0,2025-01-13,0.0025,True
2025-01-10,control_naive_low,INDUSINDBK,neutral,-1.0120351435436574,935.3849593465728,896.7417300751819,896.7417300751819,1012.6714178893548,1012.6714178893548,target,16,0.08012529536157137,2.0,2025-02-01,0.0025,True
2025-01-10,control_naive_low,KAJARIACER,neutral,-1.012715104578487,1044.7253498693963,1009.8554870580705,1009.8554870580705,1114.4650754920478,1009.8554870580705,stop,1,-0.03587706203423219,-1.0,2025-01-13,0.0025,True
2025-01-10,control_naive_low,TATAELXSI,neutral,-1.0134436915480916,5804.080212866164,5509.321892378992,5509.321892378992,6393.5968538405095,6238.19580078125,time,20,0.07229489807063011,1.472784846913177,2025-02-06,0.0025,True
2025-01-10,control_naive_low,TATASTEEL,neutral,-1.0140206336268038,120.6406203908586,117.56636700769717,117.56636700769717,126.78912715718147,117.56636700769717,stop,1,-0.027982738510472557,-1.0,2025-01-13,0.0025,True
2025-01-10,control_naive_low,HINDCOPPER,neutral,-1.0143912937330164,228.5797848562975,216.57165851435877,216.57165851435877,252.59603754017493,216.57165851435877,stop,1,-0.0550336321822506,-1.0,2025-01-13,0.0025,True
2025-01-10,control_naive_low,OLECTRA,neutral,-1.0155112936094102,1339.3280756486806,1284.461915037689,1284.461915037689,1449.0603968706637,1284.461915037689,stop,1,-0.04346543752688675,-1.0,2025-01-13,0.0025,True
2025-01-10,trend_lowbeta,AEGISLOG,neutral,1.1755890633322341,821.5061506247397,672.4634992000338,672.4634992000338,,672.4634992000338,stop,10,-0.18392609317211056,-1.0,2025-01-24,0.0025,False
2025-01-10,trend_lowbeta,POLICYBZR,neutral,1.1381109392040987,1784.800048828125,1642.7806827549512,1642.7806827549512,,1642.7806827549512,stop,7,-0.08207158347593152,-1.0,2025-01-21,0.0025,False
2025-01-10,trend_lowbeta,BLUESTARCO,neutral,1.1261711517488016,1906.4970839800822,1708.2559426368675,1708.2559426368675,,1708.2559426368675,stop,11,-0.10648187493125255,-1.0,2025-01-27,0.0025,False
2025-01-10,trend_lowbeta,ETERNAL,neutral,1.116068937530119,240.0,218.04294153231345,218.04294153231345,,218.04294153231345,stop,7,-0.09398774361536061,-1.0,2025-01-21,0.0025,False
2025-01-10,trend_lowbeta,CARTRADE,neutral,1.1148743247013468,1525.0999755859375,1317.3938638205664,1317.3938638205664,,1317.3938638205664,stop,8,-0.13869180059692238,-1.0,2025-01-22,0.0025,False
2025-01-10,trend_lowbeta,NETWEB,neutral,1.113892763842037,2525.364022084342,2294.0734081166775,2294.0734081166775,,2294.0734081166775,stop,6,-0.09408703931196666,-1.0,2025-01-20,0.0025,False
2025-01-10,trend_lowbeta,KALYANKJIL,neutral,1.1131077687878865,595.818255593647,532.2146213977377,532.2146213977377,,532.2146213977377,stop,3,-0.1092500594330354,-1.0,2025-01-15,0.0025,False
2025-01-10,trend_lowbeta,OFSS,neutral,1.0864559819413093,10518.43295193719,9645.7847020272,9645.7847020272,,9275.718234463946,stop,4,-0.12064637438406373,-1.4240728926018305,2025-01-16,0.0025,False
2025-01-10,trend_lowbeta,KFINTECH,neutral,1.0740355593882365,1326.9287828135818,1156.9168651113168,1156.9168651113168,,1156.9168651113168,stop,2,-0.13062437253925313,-1.0,2025-01-14,0.0025,False
2025-01-17,momentum,BSE,bear,0.7592626250278744,2011.6721740340463,1873.5247236471637,1873.5247236471637,2287.9670748078115,1873.5247236471637,stop,3,-0.07117294391702639,-1.0,2025-01-22,0.0025,True
2025-01-17,momentum,BIOCON,bear,0.7172467725289875,394.0013919299224,372.9130263828498,372.9130263828498,436.17812302406765,372.9130263828498,stop,6,-0.05602358133502078,-1.0,2025-01-27,0.0025,True
2025-01-17,momentum,ASTERDM,bear,0.7116645198225277,490.42466702058397,469.00573961670597,469.00573961670597,533.2625218283399,469.00573961670597,stop,6,-0.04617424569812473,-1.0,2025-01-27,0.0025,True
2025-01-17,momentum,CHOICEIN,bear,0.7043891035733028,545.8499755859375,519.1971999045171,519.1971999045171,599.1555269487783,519.1971999045171,stop,5,-0.05132802395073893,-1.0,2025-01-24,0.0025,True
2025-01-17,momentum,COROMANDEL,bear,0.6759219502886313,1852.7247529824308,1775.4639839975614,1775.4639839975614,2007.2462909521696,1775.4639839975614,stop,3,-0.044201158717990185,-1.0,2025-01-22,0.0025,True
2025-01-17,momentum,LAURUSLABS,bear,0.6755259768140833,568.6862319208487,539.4428634298242,539.4428634298242,627.1729689028978,539.4428634298242,stop,6,-0.053922677127683116,-1.0,2025-01-27,0.0025,True
2025-01-17,momentum,MUTHOOTFIN,bear,0.6741663088593101,2106.343891296178,2019.0751904883248,2019.0751904883248,2280.881292911884,2280.881292911884,target,20,0.08036272832130059,2.0,2025-02-13,0.0025,True
2025-01-17,momentum,BLS,bear,0.670655026000668,495.5785751051337,458.69325708917256,458.69325708917256,569.349211137056,458.69325708917256,stop,1,-0.07692879871902486,-1.0,2025-01-20,0.0025,True
2025-01-17,momentum,KIMS,bear,0.667105577023997,638.7000122070312,577.3454369986661,577.3454369986661,761.4091626237616,577.3454369986661,stop,7,-0.0985616471516168,-1.0,2025-01-28,0.0025,True
2025-01-17,momentum,REDINGTON,bear,0.6552658860749151,201.0135586948983,187.8829718540835,187.8829718540835,227.2747323765279,227.2747323765279,target,17,0.12814379264828218,2.0,2025-02-10,0.0025,True
2025-01-17,momentum,INDHOTEL,bear,0.6423643910118793,820.5719175143132,771.5458023200312,771.5458023200312,918.6241479028773,771.5458023200312,stop,2,-0.062246274699227555,-1.0,2025-01-21,0.0025,True
2025-01-17,momentum,WELCORP,bear,0.6276036448642718,784.5983801973471,732.1726368047412,732.1726368047412,889.4498669825589,732.1726368047412,stop,6,-0.06931857204372444,-1.0,2025-01-27,0.0025,True
2025-01-17,momentum,ANANTRAJ,bear,0.619746195315109,904.4234880225472,836.7330352225882,836.7330352225882,1039.804393622465,836.7330352225882,stop,3,-0.07734375814692623,-1.0,2025-01-22,0.0025,True
2025-01-17,momentum,PARADEEP,bear,0.6179810123562807,115.78202713710787,106.31962552040073,106.31962552040073,134.70683037052214,106.31962552040073,stop,7,-0.08422599712304107,-1.0,2025-01-28,0.0025,True
2025-01-17,momentum,JKCEMENT,bear,0.6153523209770525,4513.495220205902,4325.956042385751,4325.956042385751,4888.573575846204,4888.573575846204,target,8,0.08060152937819914,2.0,2025-01-29,0.0025,True
2025-01-17,momentum,PATANJALI,bear,0.6144458756738707,607.849572762083,585.016559324312,585.016559324312,653.515599637625,585.016559324312,stop,6,-0.040063592146684035,-1.0,2025-01-27,0.0025,True
2025-01-17,momentum,EICHERMOT,bear,0.6003482658270122,4896.909440692197,4727.996603154302,4727.996603154302,5234.735115767987,5234.735115767987,target,11,0.06648752757576765,2.0,2025-02-01,0.0025,True
2025-01-17,momentum,FSL,bear,0.582849100710844,380.14493239103837,352.79089411125494,352.79089411125494,434.8530089506052,352.79089411125494,stop,2,-0.07445686683952829,-1.0,2025-01-21,0.0025,True
2025-01-17,momentum,MARICO,bear,0.5586279280568676,654.3787460833494,625.3232026010902,625.3232026010902,712.4898330478677,712.4898330478677,target,11,0.08630344496567227,2.0,2025-02-01,0.0025,True
2025-01-17,control_naive_low,RRKABEL,bear,-1.002638548923142,1284.6645541481328,1226.6381450193744,1226.6381450193744,1400.7173724056495,1226.6381450193744,stop,6,-0.04766852974684582,-1.0,2025-01-27,0.0025,True
2025-01-17,control_naive_low,MRF,bear,-1.0115088956628888,113569.46857915277,110170.97454022146,110170.97454022146,120366.4566570154,110170.97454022146,stop,3,-0.03242436331215831,-1.0,2025-01-22,0.0025,True
2025-01-17,control_naive_low,AXISBANK,bear,-1.0168787324226447,990.439061296575,950.0385355506704,950.0385355506704,1071.240112788384,950.0385355506704,stop,4,-0.04329052142089046,-1.0,2025-01-23,0.0025,True
2025-01-17,control_naive_low,STARHEALTH,bear,-1.0205433787103935,462.5,442.6095040945939,442.6095040945939,502.2809918108122,442.6095040945939,stop,6,-0.04550647763331056,-1.0,2025-01-27,0.0025,True
2025-01-17,control_naive_low,TATATECH,bear,-1.0216937948093348,785.4100396240265,752.7484199367634,752.7484199367634,850.7332789985526,752.7484199367634,stop,6,-0.044085436955832724,-1.0,2025-01-27,0.0025,True
2025-01-17,control_naive_low,ASTRAL,bear,-1.023378586822993,1506.352199063765,1434.8433904509293,1434.8433904509293,1649.3698162894366,1434.8433904509293,stop,3,-0.04997150676799239,-1.0,2025-01-22,0.0025,True
2025-01-17,control_naive_low,ASIANPAINT,bear,-1.0240963082017915,2228.6334431540586,2149.4053299480634,2149.4053299480634,2387.089669566049,2149.4053299480634,stop,19,-0.038050087184309744,-1.0,2025-02-12,0.0025,True
2025-01-17,control_naive_low,KPITTECH,bear,-1.024469163997179,1307.0671319242101,1221.8826671011468,1221.8826671011468,1477.4360615703367,1221.8826671011468,stop,8,-0.06767221858196243,-1.0,2025-01-29,0.0025,True
2025-01-17,control_naive_low,BSOFT,bear,-1.0253201237296856,520.8800839651178,493.5861909531276,493.5861909531276,575.4678699890983,493.5861909531276,stop,18,-0.05489957113395422,-1.0,2025-02-11,0.0025,True
2025-01-17,control_naive_low,HEROMOTOCO,bear,-1.0324141203739616,3824.9730570383745,3670.0852080294776,3670.0852080294776,4134.748755056168,4134.748755056168,target,11,0.07848768106294818,2.0,2025-02-01,0.0025,True
2025-01-17,control_naive_low,SONACOMS,bear,-1.0332582685245757,571.260636032795,543.8249852237603,543.8249852237603,626.1319376508643,543.8249852237603,stop,3,-0.05052650327802327,-1.0,2025-01-22,0.0025,True
2025-01-17,control_naive_low,NESTLEIND,bear,-1.0334668648804342,1086.8029059514658,1053.597271607016,1053.597271607016,1153.2141746403656,1053.597271607016,stop,7,-0.03305350161709336,-1.0,2025-01-28,0.0025,True
2025-01-17,control_naive_low,KAJARIACER,bear,-1.0383441733054461,1049.6767483929568,993.9131377485735,993.9131377485735,1161.2039696817235,993.9131377485735,stop,6,-0.05562455546886863,-1.0,2025-01-27,0.0025,True
2025-01-17,control_naive_low,AWL,bear,-1.0407687604893432,268.49739716178124,248.03732073799665,248.03732073799665,309.4175500093504,248.03732073799665,stop,6,-0.07870214065411035,-1.0,2025-01-27,0.0025,True
2025-01-17,control_naive_low,LATENTVIEW,bear,-1.0459302325581394,448.95001220703125,425.1750536185316,425.1750536185316,496.49992938403057,425.1750536185316,stop,6,-0.05545680575131812,-1.0,2025-01-27,0.0025,True
2025-01-17,control_naive_low,IRCTC,bear,-1.0476637432494262,766.8963787966437,736.6466949556057,736.6466949556057,827.3957464787198,736.6466949556057,stop,6,-0.041944290881257784,-1.0,2025-01-27,0.0025,True
2025-01-17,control_naive_low,DALBHARAT,bear,-1.0478003863668748,1718.087460512811,1632.0332130803208,1632.0332130803208,1890.1959553777915,1890.1959553777915,target,14,0.09767446656272666,2.0,2025-02-05,0.0025,True
2025-01-17,control_naive_low,BATAINDIA,bear,-1.0482761315821598,1252.151158250856,1187.375936857286,1187.375936857286,1381.7016010379962,1187.375936857286,stop,6,-0.05423115159998354,-1.0,2025-01-27,0.0025,True
2025-01-17,trend_lowbeta,TARIL,bear,1.1263943490501434,514.8614798762457,436.18875834579046,436.18875834579046,,432.3206890068646,stop,7,-0.16281650083673166,-1.049166588668583,2025-01-28,0.0025,False
2025-01-17,trend_lowbeta,ZENTEC,bear,1.125250462880767,2216.9128466590787,1849.7704352684514,1849.7704352684514,,1849.7704352684514,stop,5,-0.16810976311897713,-1.0,2025-01-24,0.0025,False
2025-01-17,trend_lowbeta,BSE,bear,1.0987242245161943,2011.6721740340463,1797.1684847244396,1797.1684847244396,,1797.1684847244396,stop,6,-0.10912954534955771,-1.0,2025-01-27,0.0025,False
2025-01-17,trend_lowbeta,GODFRYPHLP,bear,1.097631065006214,1424.7981694372825,1224.8349984485812,2007.422708765514,,2007.422708765514,stop,25,0.4064172430354373,2.9136592325851463,2025-02-20,0.0025,False
2025-01-17,trend_lowbeta,TRITURBINE,bear,1.0934955740989676,672.251208011734,597.8549484627071,603.5014932774774,,603.5014932774774,stop,7,-0.10476789318474028,-0.9241017646720631,2025-01-28,0.0025,False
2025-01-17,trend_lowbeta,PPLPHARMA,bear,1.0921690719557664,231.8997548493954,200.7223210179852,200.7223210179852,,200.7223210179852,stop,19,-0.1369435825370235,-1.0,2025-02-12,0.0025,False
2025-01-17,trend_lowbeta,OFSS,bear,1.0870177796941183,9274.837289773148,8221.134165677648,8221.134165677648,,8221.134165677648,stop,11,-0.11610879885810615,-1.0,2025-02-01,0.0025,False
2025-01-17,trend_lowbeta,KALYANKJIL,bear,1.084395211403353,521.3409862379467,392.3886289956182,416.02974953917794,,416.02974953917794,stop,36,-0.20450068569077234,-0.8166677907319436,2025-03-10,0.0025,False
2025-01-17,trend_lowbeta,WOCKPHARMA,bear,1.0836672838410226,1410.0,1241.6961385026843,1241.6961385026843,,1241.6961385026843,stop,3,-0.12186444077823805,-1.0,2025-01-22,0.0025,False
2025-01-17,trend_lowbeta,KFINTECH,bear,1.0695513226976439,1176.0945842344424,973.8382034524241,973.8382034524241,,973.8382034524241,stop,19,-0.17447288678416412,-1.0,2025-02-12,0.0025,False
2025-01-24,momentum,LLOYDSME,bear,0.7060493297075522,1365.1634040091074,1294.2788905196976,1294.2788905196976,1506.9324309879269,1294.2788905196976,stop,1,-0.05442383071597262,-1.0,2025-01-27,0.0025,True
2025-01-24,momentum,BSE,bear,0.6970755212060492,1892.0323019293287,1818.836975820664,1818.836975820664,2038.422954146658,1818.836975820664,stop,1,-0.0411860869309823,-1.0,2025-01-27,0.0025,True
2025-01-24,momentum,COFORGE,bear,0.6825103764133392,1794.0873122897217,1720.0238944124765,1720.0238944124765,1942.2141480442122,1720.0238944124765,stop,2,-0.043781947299834034,-1.0,2025-01-28,0.0025,True
2025-01-24,momentum,PERSISTENT,bear,0.678741472258003,6217.146647643964,5886.299101956485,5886.299101956485,6878.841739018921,5886.299101956485,stop,2,-0.055715335657693654,-1.0,2025-01-28,0.0025,True
2025-01-24,momentum,NH,bear,0.637722436906636,1300.0499450329426,1244.3093691150748,1244.3093691150748,1411.531096868678,1411.531096868678,target,20,0.08325143767488913,2.0,2025-02-20,0.0025,True
2025-01-24,momentum,WIPRO,bear,0.6180573445923382,294.5419832505477,284.004130405462,284.004130405462,315.61768894071906,284.004130405462,stop,7,-0.038277082536046614,-1.0,2025-02-03,0.0025,True
2025-01-24,momentum,TECHM,bear,0.605223987405181,1619.8207871442596,1565.607234198063,1565.607234198063,1728.2478930366528,1565.607234198063,stop,1,-0.03596885863946403,-1.0,2025-01-27,0.0025,True
2025-01-24,momentum,ZENSARTECH,bear,0.6012642526597014,796.7289199107366,745.0109666021594,745.0109666021594,900.164826527891,745.0109666021594,stop,2,-0.06741286059300006,-1.0,2025-01-28,0.0025,True
2025-01-24,momentum,KARURVYSYA,bear,0.5525452029960403,185.0239290675159,174.7890816765303,174.7890816765303,205.4936238494871,174.7890816765303,stop,18,-0.057816344445646706,-1.0,2025-02-18,0.0025,True
2025-01-24,momentum,APLAPOLLO,bear,0.5483660130718954,1516.4450801401936,1471.5876422755182,1471.5876422755182,1606.1599558695443,1471.5876422755182,stop,2,-0.03208065442141056,-1.0,2025-01-28,0.0025,True
2025-01-24,control_naive_low,APOLLOTYRE,bear,-1.0022487434299978,411.3088763784555,394.4474605230155,394.4474605230155,445.0317080893356,394.4474605230155,stop,17,-0.04349453433610179,-1.0,2025-02-17,0.0025,True
2025-01-24,control_naive_low,AXISBANK,bear,-1.0025367556029965,941.5685439420195,910.411866718859,910.411866718859,1003.8818983883405,1003.8818983883405,target,8,0.06368036981719544,2.0,2025-02-04,0.0025,True
2025-01-24,control_naive_low,ZFCVINDIA,bear,-1.0031410657938653,1687.2488030033137,1603.6106380073932,1603.6106380073932,1854.5251329951548,1603.6106380073932,stop,1,-0.05207073600943973,-1.0,2025-01-27,0.0025,True
2025-01-24,control_naive_low,GLAND,bear,-1.005193579889113,1532.0947370786726,1448.6923817160969,1448.6923817160969,1698.899447803824,1448.6923817160969,stop,1,-0.05693681343204887,-1.0,2025-01-27,0.0025,True
2025-01-24,control_naive_low,MRPL,bear,-1.0081502666945765,129.2335605235895,122.18005643562901,122.18005643562901,143.34056869951044,122.18005643562901,stop,2,-0.05707950751633878,-1.0,2025-01-28,0.0025,True
2025-01-24,control_naive_low,SOBHA,bear,-1.0083846774876597,1124.660388377843,1035.6832209430365,1035.6832209430365,1302.614723247456,1302.614723247456,target,2,0.15572939681043246,2.0,2025-01-28,0.0025,True
2025-01-24,control_naive_low,MRF,bear,-1.0086762907718327,111108.03287133767,107755.16513776915,107755.16513776915,117813.7683384747,107755.16513776915,stop,14,-0.03267664562067368,-1.0,2025-02-12,0.0025,True
2025-01-24,control_naive_low,INDIAMART,bear,-1.0087150373142122,1975.3954816208347,1878.5257982724947,1878.5257982724947,2169.1348483175148,1970.635498046875,time,20,-0.004909635750535433,-0.04913801108281741,2025-02-20,0.0025,True
2025-01-24,control_naive_low,TIINDIA,bear,-1.0087701061362981,3215.7513872234604,3024.678409352391,3024.678409352391,3597.897342965599,3024.678409352391,stop,7,-0.06191783268141421,-1.0,2025-02-03,0.0025,True
2025-01-24,control_naive_low,CHENNPETRO,bear,-1.008876855822577,520.1310673573784,492.5185308522309,492.5185308522309,575.3561403676732,492.5185308522309,stop,2,-0.05558765085969203,-1.0,2025-01-28,0.0025,True
2025-01-24,control_naive_low,PVRINOX,bear,-1.0119346927631248,1052.0,1002.3385129941199,1002.3385129941199,1151.3229740117602,1151.3229740117602,target,11,0.09191347339520933,2.0,2025-02-07,0.0025,True
2025-01-24,control_naive_low,CYIENT,bear,-1.0120781496203497,1288.5130702090044,1183.5966026237813,1183.5966026237813,1498.3460053794504,1498.3460053794504,target,20,0.1603488992637147,2.0,2025-02-20,0.0025,True
2025-01-24,control_naive_low,ZEEL,bear,-1.0170514535556894,111.19385412196593,104.16468496275446,104.16468496275446,125.25219244038885,104.16468496275446,stop,1,-0.06571544670536672,-1.0,2025-01-27,0.0025,True
2025-01-24,control_naive_low,DLF,bear,-1.0177181851255503,682.8691265911931,646.1914823499845,646.1914823499845,756.2244150736102,756.2244150736102,target,9,0.10492217743625137,2.0,2025-02-05,0.0025,True
2025-01-24,trend_lowbeta,GVT&D,bear,1.1909960522320073,1737.5079343519365,1522.424252118569,1522.424252118569,,1522.424252118569,stop,14,-0.12628860434590777,-1.0,2025-02-12,0.0025,False
2025-01-24,trend_lowbeta,AEGISLOG,bear,1.1858588926004656,659.4489474786415,529.7464294991563,699.7058655566314,,688.9765668020375,stop,49,0.04227620206430366,0.22765648488078216,2025-04-07,0.0025,False
2025-01-24,trend_lowbeta,CARTRADE,bear,1.1263133920437292,1326.949951171875,1126.1548399373826,1457.2567661467106,,1435.0,stop,22,0.07892737315201853,0.5381109538167095,2025-02-24,0.0025,False
2025-01-24,trend_lowbeta,ZENTEC,bear,1.1241370584067214,1801.5162050397405,1513.86488746252,1513.86488746252,,1513.86488746252,stop,2,-0.16217179022454314,-1.0,2025-01-28,0.0025,False
2025-01-24,trend_lowbeta,POLICYBZR,bear,1.1055369976718292,1670.0,1464.23119671488,1464.23119671488,,1464.23119671488,stop,24,-0.12571485226653883,-1.0,2025-02-27,0.0025,False
2025-01-24,trend_lowbeta,AMBER,bear,1.1026824577386376,6925.75,5881.749198669094,5881.749198669094,,5881.749198669094,stop,15,-0.1532419126204247,-1.0,2025-02-13,0.0025,False
2025-01-24,trend_lowbeta,ETERNAL,bear,1.0981931369571818,213.0,183.45505817556455,194.23707839403255,,228.80999755859375,time,60,0.07172534065067498,0.5351168958985029,2025-04-25,0.0025,False
2025-01-24,trend_lowbeta,360ONE,bear,1.094756554307116,1101.5873687002224,977.8856600259633,977.8856600259633,,977.8856600259633,stop,2,-0.11479405146522009,-1.0,2025-01-28,0.0025,False
2025-01-24,trend_lowbeta,WOCKPHARMA,bear,1.0842595404393158,1351.0,1185.8117432857662,1185.8117432857662,,1185.8117432857662,stop,2,-0.12477110045465128,-1.0,2025-01-28,0.0025,False
2025-01-24,trend_lowbeta,JYOTICNC,bear,1.0797499746937949,1118.800048828125,965.6021143221074,965.6021143221074,,965.6021143221074,stop,2,-0.13943057545580478,-1.0,2025-01-28,0.0025,False
2025-01-24,trend_lowbeta,TECHNOE,bear,1.0757262880858387,1083.4377183604736,899.4333054180236,899.4333054180236,,899.4333054180236,stop,17,-0.1723338629200552,-1.0,2025-02-17,0.0025,False
2025-01-31,momentum,BAJFINANCE,bear,0.7007757981517886,778.3826029398437,746.8307576866669,746.8307576866669,841.4862934461972,841.4862934461972,target,4,0.07857027349791695,2.0,2025-02-05,0.0025,True
2025-01-31,momentum,KIMS,bear,0.6618603538976567,609.2000122070312,576.0120526044052,576.0120526044052,675.5759314122834,576.0120526044052,stop,11,-0.056977936535804574,-1.0,2025-02-14,0.0025,True
2025-01-31,momentum,SARDAEN,bear,0.6607364897178384,466.3359251909655,439.6731411853032,439.6731411853032,519.6614932022901,439.6731411853032,stop,8,-0.05967505893362984,-1.0,2025-02-11,0.0025,True
2025-01-31,momentum,ACUTAAS,bear,0.6605451936872311,1189.9474560941765,1092.3935920992665,1092.3935920992665,1385.0551840839964,1092.3935920992665,stop,11,-0.08448165683308057,-1.0,2025-02-14,0.0025,True
2025-01-31,momentum,NAVINFLUOR,bear,0.6365843399069215,4105.744786036596,3897.982914490411,3897.982914490411,4521.268529128967,3897.982914490411,stop,17,-0.053102724322459494,-1.0,2025-02-24,0.0025,True
2025-01-31,momentum,LAURUSLABS,bear,0.6143232902917265,580.1496828856637,538.9355694474672,538.9355694474672,662.5779097620566,538.9355694474672,stop,11,-0.07354048257545803,-1.0,2025-02-14,0.0025,True
2025-01-31,momentum,JKCEMENT,bear,0.6106169296987087,4805.353380431713,4575.131276903154,4575.131276903154,5265.797587488832,4575.131276903154,stop,11,-0.05040950535835015,-1.0,2025-02-14,0.0025,True
2025-01-31,momentum,ZENSARTECH,bear,0.6035868005738881,841.0779568142005,779.5560459170463,779.5560459170463,964.1217786085091,779.5560459170463,stop,12,-0.07564650253132815,-1.0,2025-02-17,0.0025,True
2025-01-31,momentum,ULTRACEMCO,bear,0.5818747010999522,11242.69986548891,10764.004794987084,10764.004794987084,12200.090006492563,10764.004794987084,stop,1,-0.04507830202967972,-1.0,2025-02-01,0.0025,True
2025-01-31,momentum,UBL,bear,0.5780726924916307,2113.0026759593993,2029.8745641227583,2029.8745641227583,2279.2588996326813,2029.8745641227583,stop,4,-0.04184122411789987,-1.0,2025-02-05,0.0025,True
2025-01-31,momentum,SHREECEM,bear,0.5660688665710186,27664.15779989064,26433.71798803853,26433.71798803853,30125.03742359486,26433.71798803853,stop,1,-0.046977761468558865,-1.0,2025-02-01,0.0025,True
2025-01-31,momentum,PATANJALI,bear,0.562362505978001,595.0515144338123,569.1838832919206,569.1838832919206,646.7867767175957,569.1838832919206,stop,12,-0.04597124663064606,-1.0,2025-02-17,0.0025,True
2025-01-31,momentum,KOTAKBANK,bear,0.5122668579626972,378.7088073296563,366.6872009544446,366.6872009544446,402.7520200800796,379.49652099609375,time,20,-0.0004200017237734866,0.0655248260383671,2025-02-28,0.0025,True
2025-01-31,control_naive_low,BANKBARODA,bear,-1.0110874025304646,202.26205602850277,190.8625085776584,190.8625085776584,225.06115093019153,190.8625085776584,stop,11,-0.0588602866235966,-1.0,2025-02-14,0.0025,True
2025-01-31,control_naive_low,KAJARIACER,bear,-1.0126660163639554,993.8754566604782,934.9044746299658,934.9044746299658,1111.8174207215031,934.9044746299658,stop,8,-0.06183437800009767,-1.0,2025-02-11,0.0025,True
2025-01-31,control_naive_low,STARHEALTH,bear,-1.018213866039953,434.0,413.6244526015045,413.6244526015045,474.75109479699097,413.6244526015045,stop,7,-0.04944826589515089,-1.0,2025-02-10,0.0025,True
2025-01-31,control_naive_low,ZEEL,bear,-1.0214761651372926,101.39838857117431,93.91375630529546,93.91375630529546,116.367653102932,93.91375630529546,stop,9,-0.07631411451746267,-1.0,2025-02-12,0.0025,True
2025-01-31,control_naive_low,SONACOMS,bear,-1.0221952432965267,503.6730808975771,470.69122717791475,470.69122717791475,569.6367883369019,470.69122717791475,stop,12,-0.06798266121526014,-1.0,2025-02-17,0.0025,True
2025-01-31,control_naive_low,GRAPHITE,bear,-1.039082935593263,462.0104844027835,435.7354571436804,435.7354571436804,514.5605389209898,435.7354571436804,stop,9,-0.05937106277050713,-1.0,2025-02-12,0.0025,True
2025-01-31,control_naive_low,RRKABEL,bear,-1.0421183446253104,1216.21533203125,1148.341976741083,1148.341976741083,1351.962042611584,1148.341976741083,stop,8,-0.05830702158787043,-1.0,2025-02-11,0.0025,True
2025-01-31,control_naive_low,JIOFIN,bear,-1.0458774456053654,243.44934524634883,226.72810074583123,226.72810074583123,276.89183424738405,226.72810074583123,stop,9,-0.07118469694834134,-1.0,2025-02-12,0.0025,True
2025-01-31,control_naive_low,DELHIVERY,bear,-1.0473006053740008,321.95001220703125,303.39570131391264,303.39570131391264,359.0586339932685,303.39570131391264,stop,7,-0.06013103025194849,-1.0,2025-02-10,0.0025,True
2025-01-31,control_naive_low,TMPV,bear,-1.0481557028349455,707.4977205651464,664.5944566688233,664.5944566688233,793.3042483577926,664.5944566688233,stop,8,-0.06314085105751593,-1.0,2025-02-11,0.0025,True
2025-01-31,trend_lowbeta,TARIL,bear,1.1378822768957297,452.76220234028796,366.9202782927598,366.9202782927598,,366.9202782927598,stop,13,-0.19209604755834037,-1.0,2025-02-18,0.0025,False
2025-01-31,trend_lowbeta,360ONE,bear,1.1281208338383226,992.996824609775,833.0847695742295,833.0847695742295,,833.0847695742295,stop,28,-0.1635398453171159,-1.0,2025-03-12,0.0025,False
2025-01-31,trend_lowbeta,ZENTEC,bear,1.1255403385448228,1741.6321694505596,1392.9441068118522,1392.9441068118522,,1392.9441068118522,stop,9,-0.2027076378439367,-1.0,2025-02-12,0.0025,False
2025-01-31,trend_lowbeta,BLUESTARCO,bear,1.1101634145356118,1820.682153105537,1564.3076376629276,1859.5762493687237,,1640.089605936316,stop,44,-0.10168949711303771,-0.7044091213880712,2025-04-07,0.0025,False
2025-01-31,trend_lowbeta,BSE,bear,1.1058306063911445,1764.272910250213,1557.103183816347,1651.2656487491358,,1651.2656487491358,stop,12,-0.06655316368262448,-0.545481540408135,2025-02-17,0.0025,False
2025-01-31,trend_lowbeta,DOMS,bear,1.1044469357249627,2464.912707807961,2188.581927870334,2438.662892377842,,2438.662892377842,stop,11,-0.013149389468020077,-0.0949941784843653,2025-02-14,0.0025,False
2025-01-31,trend_lowbeta,POLYMED,bear,1.0874792954389367,2340.936970195281,2001.6562304122642,2029.7603729677949,,2029.7603729677949,stop,12,-0.13542822540263771,-0.9171655232374689,2025-02-17,0.0025,False
2025-01-31,trend_lowbeta,WOCKPHARMA,bear,1.0789954752959237,1490.0,1201.8581212266881,1351.5413111236132,,1351.5413111236132,stop,13,-0.09542529454791054,-0.4805226142962562,2025-02-18,0.0025,False
2025-01-31,trend_lowbeta,APARINDS,bear,1.0746071183290915,7424.364938019879,6134.0642933107165,6134.0642933107165,,5993.582935767912,stop,12,-0.19521439566837412,-1.108874903007174,2025-02-17,0.0025,False
2025-01-31,trend_lowbeta,JYOTICNC,bear,1.0722791176827051,1075.8499755859375,895.0221367904649,896.1108743191508,,896.1108743191508,stop,13,-0.16956706822100903,-0.9939791486977991,2025-02-18,0.0025,False
2025-02-06,momentum,WOCKPHARMA,bear,0.7414313229851176,1649.0,1523.270170036841,1523.270170036841,1900.4596599263182,1523.270170036841,stop,2,-0.078746106709011,-1.0,2025-02-10,0.0025,True
2025-02-06,momentum,BSE,bear,0.7337876614060259,1822.767249010343,1724.1402805564862,1724.1402805564862,2020.0211859180565,1724.1402805564862,stop,3,-0.05660837204113994,-1.0,2025-02-11,0.0025,True
2025-02-06,momentum,WIPRO,bear,0.696054519368723,301.5290945760859,287.9693968338423,287.9693968338423,328.6484900605731,287.9693968338423,stop,6,-0.047469782306768515,-1.0,2025-02-14,0.0025,True
2025-02-06,momentum,BIOCON,bear,0.6811334289813487,395.9464770247006,374.1911968584537,374.1911968584537,439.4570373571944,374.1911968584537,stop,2,-0.05744500249055057,-1.0,2025-02-10,0.0025,True
2025-02-06,momentum,PERSISTENT,bear,0.6668340506934483,6169.612022488061,5768.00474959499,5768.00474959499,6972.826568274201,5768.00474959499,stop,3,-0.06759441297592511,-1.0,2025-02-11,0.0025,True
2025-02-06,momentum,BHARTIARTL,bear,0.6598756575801052,1601.3412685835613,1530.6327435036787,1530.6327435036787,1742.7583187433263,1530.6327435036787,stop,15,-0.04665581267222724,-1.0,2025-02-28,0.0025,True
2025-02-06,momentum,SRF,bear,0.6486500870107625,2894.8386421984906,2745.99314183342,2745.99314183342,3192.529642928632,2745.99314183342,stop,4,-0.053917546455034715,-1.0,2025-02-12,0.0025,True
2025-02-06,momentum,COROMANDEL,bear,0.641893830703013,1848.947077537225,1757.9810810231165,1757.9810810231165,2030.8790705654417,1757.9810810231165,stop,4,-0.051698810295465025,-1.0,2025-02-12,0.0025,True
2025-02-06,momentum,MAXHEALTH,bear,0.6341224294595887,1129.6864468205017,1054.4662766072563,1054.4662766072563,1280.1267872469925,1054.4662766072563,stop,3,-0.06908499836388432,-1.0,2025-02-11,0.0025,True
2025-02-06,momentum,ERIS,bear,0.6309899569583932,1414.3373548274149,1318.7438867092824,1318.7438867092824,1605.5242910636798,1318.7438867092824,stop,3,-0.0700888731863391,-1.0,2025-02-11,0.0025,True
2025-02-06,momentum,INFY,bear,0.6250597800095649,1824.648004479721,1759.7661339793078,1759.7661339793078,1954.4117454805476,1759.7661339793078,stop,4,-0.03805856819568526,-1.0,2025-02-12,0.0025,True
2025-02-06,momentum,DIVISLAB,bear,0.6202893352462936,6063.819694357333,5765.839064167547,5765.839064167547,6659.780954736905,5765.839064167547,stop,4,-0.051640747121335207,-1.0,2025-02-12,0.0025,True
2025-02-06,momentum,LUPIN,bear,0.6197034911525586,2162.769232612127,2060.599377273633,2060.599377273633,2367.108943289115,2060.599377273633,stop,3,-0.04974029443265954,-1.0,2025-02-11,0.0025,True
2025-02-06,control_naive_low,TIINDIA,bear,-1.003773232603638,2961.5094838519553,2762.1893321340285,2762.1893321340285,3360.149787287809,2762.1893321340285,stop,3,-0.0698035669157056,-1.0,2025-02-11,0.0025,True
2025-02-06,control_naive_low,3MINDIA,bear,-1.0171667726717812,27604.958315792774,26307.178245577346,26307.178245577346,30200.518456223628,26307.178245577346,stop,4,-0.049512571269595684,-1.0,2025-02-12,0.0025,True
2025-02-06,control_naive_low,RITES,bear,-1.0184662112883904,224.49127042940407,209.95435236739277,209.95435236739277,253.56510655342666,209.65681076796074,stop,4,-0.06858034082157477,-1.0204679972854487,2025-02-12,0.0025,True
2025-02-06,control_naive_low,TATACOMM,bear,-1.02380651751993,1549.4693598496112,1473.337779494749,1473.337779494749,1701.7325205593359,1473.337779494749,stop,4,-0.05163396955603655,-1.0,2025-02-12,0.0025,True
2025-02-06,control_naive_low,WHIRLPOOL,bear,-1.0264651650610943,1097.5788579356242,968.8287727318601,968.8287727318601,1355.0790283431525,968.8287727318601,stop,8,-0.11980372198123707,-1.0,2025-02-18,0.0025,True
2025-02-06,control_naive_low,LICI,bear,-1.0295652225140737,402.3098425975411,384.7301974034367,384.7301974034367,437.46913298574987,384.7301974034367,stop,3,-0.046196781268388054,-1.0,2025-02-11,0.0025,True
2025-02-06,control_naive_low,CHENNPETRO,bear,-1.036093637017938,493.84848297135295,467.10640058328715,467.10640058328715,547.3326477474845,467.10640058328715,stop,4,-0.056650378729860396,-1.0,2025-02-12,0.0025,True
2025-02-06,control_naive_low,ASTRAL,bear,-1.036701934647007,1475.8328667003734,1404.9951715432026,1404.9951715432026,1617.5082570147151,1404.9951715432026,stop,3,-0.050498453453301784,-1.0,2025-02-11,0.0025,True
2025-02-06,control_naive_low,ABCAPITAL,bear,-1.0401450795049871,169.3000030517578,160.31980765677017,160.31980765677017,187.2603938417331,160.31980765677017,stop,3,-0.055543090567708064,-1.0,2025-02-11,0.0025,True
2025-02-06,control_naive_low,TATACHEM,bear,-1.0410920888493953,910.2946489456331,868.615349057273,868.615349057273,993.6532487223533,868.615349057273,stop,3,-0.04828660320220052,-1.0,2025-02-11,0.0025,True
2025-02-06,control_naive_low,GESHIP,bear,-1.0423446600825454,862.4561048856865,807.3481745200961,807.3481745200961,972.6719656168673,807.3481745200961,stop,14,-0.06639650447531426,-1.0,2025-02-27,0.0025,True
2025-02-06,control_naive_low,CONCOR,bear,-1.0425331128302682,573.0867256869628,540.8705719594502,540.8705719594502,637.5190331419881,540.8705719594502,stop,3,-0.058715145602779184,-1.0,2025-02-11,0.0025,True
2025-02-06,control_naive_low,JKTYRE,bear,-1.045019375286145,306.8666224188613,288.29606185952974,288.29606185952974,344.00774353752445,288.29606185952974,stop,3,-0.06301671704452577,-1.0,2025-02-11,0.0025,True
2025-02-06,trend_lowbeta,VIJAYA,bear,1.1537338908415142,1123.1267009474193,969.4314954347401,969.4314954347401,,969.4314954347401,stop,5,-0.13934582993444006,-1.0,2025-02-13,0.0025,False
2025-02-06,trend_lowbeta,COHANCE,bear,1.103664202318911,1171.0999755859375,1031.688543388381,1031.688543388381,,1031.688543388381,stop,4,-0.12154315182638836,-1.0,2025-02-12,0.0025,False
2025-02-06,trend_lowbeta,DEEPAKFERT,bear,1.0967710984527128,1150.7538017940014,993.4288873276004,993.4288873276004,,993.4288873276004,stop,6,-0.13921465974836217,-1.0,2025-02-14,0.0025,False
2025-02-06,trend_lowbeta,TRITURBINE,bear,1.0933169716802005,566.0755940090827,464.5543912504888,464.5543912504888,,464.5543912504888,stop,16,-0.1818421299787834,-1.0,2025-03-03,0.0025,False
2025-02-06,trend_lowbeta,COROMANDEL,bear,1.088701369530966,1848.947077537225,1697.3370393354026,1697.3370393354026,,1697.3370393354026,stop,7,-0.08449804096273278,-1.0,2025-02-17,0.0025,False
2025-02-06,trend_lowbeta,FORTIS,bear,1.0879792348402213,649.541980620083,579.6996951720758,598.8671342760624,,598.8671342760624,stop,39,-0.08051627586202209,-0.7255611127122203,2025-04-07,0.0025,False
2025-02-13,momentum,MUTHOOTFIN,bear,0.789213232490629,2279.5911356237016,2164.491503460493,2164.491503460493,2509.790399950119,2164.491503460493,stop,2,-0.05299134924439736,-1.0,2025-02-17,0.0025,True
2025-02-13,momentum,SBICARD,bear,0.7326207206615927,855.4383137783988,813.8346299077784,813.8346299077784,938.6456815196394,813.8346299077784,stop,12,-0.0511343470949534,-1.0,2025-03-04,0.0025,True
2025-02-13,momentum,BAJAJHLDNG,bear,0.6947054005877534,11868.854051257269,11184.3045823891,11184.3045823891,13237.952988993606,11184.3045823891,stop,10,-0.060176121545673034,-1.0,2025-02-28,0.0025,True
2025-02-13,momentum,DIVISLAB,bear,0.6892831334007805,5965.42523020984,5674.224927134501,5674.224927134501,6547.825836360519,5674.224927134501,stop,6,-0.05131467654655292,-1.0,2025-02-21,0.0025,True
2025-02-13,momentum,COROMANDEL,bear,0.6501758442934914,1844.1391762531784,1738.7107322047566,1738.7107322047566,2054.996064350022,1738.7107322047566,stop,1,-0.05966946172285409,-1.0,2025-02-14,0.0025,True
2025-02-13,momentum,BAJFINANCE,bear,0.6409524497759792,830.592471806726,795.3897458245651,795.3897458245651,900.9979237710479,847.562744140625,time,20,0.01793152678350757,0.48207267648814117,2025-03-17,0.0025,True
2025-02-13,momentum,SRF,bear,0.6397938044996869,2834.643569412668,2695.9701079488027,2695.9701079488027,3111.9904923403988,2695.9701079488027,stop,2,-0.051420951812152615,-1.0,2025-02-17,0.0025,True
2025-02-13,momentum,BAJAJFINSV,bear,0.6342077371489137,1851.017964714766,1766.0539137273595,1766.0539137273595,2020.9460666895793,1766.0539137273595,stop,13,-0.04840125682572677,-1.0,2025-03-05,0.0025,True
2025-02-13,momentum,SHREECEM,bear,0.6283663342486873,28290.546696197405,26881.435416628738,26881.435416628738,31108.76925533474,26881.435416628738,stop,10,-0.05230855600638035,-1.0,2025-02-28,0.0025,True
2025-02-13,momentum,ULTRACEMCO,bear,0.6249337572866984,11285.645078081827,10775.784650294629,10775.784650294629,12305.365933656223,10775.784650294629,stop,2,-0.04767778330433342,-1.0,2025-02-17,0.0025,True
2025-02-13,momentum,WELCORP,bear,0.5955099484511249,793.0743511652543,735.3140959121581,735.3140959121581,908.5948616714466,735.3140959121581,stop,1,-0.07533081992026308,-1.0,2025-02-14,0.0025,True
2025-02-13,momentum,UPL,bear,0.585751794575324,619.2834214749395,588.7118343539059,588.7118343539059,680.4265957170065,614.5234375,time,20,-0.010186277090387273,-0.15569960290561954,2025-03-17,0.0025,True
2025-02-13,momentum,CHAMBLFERT,bear,0.5820783350195115,520.6423388652491,489.46102116984105,489.46102116984105,583.0049742560653,559.8065185546875,time,20,0.07272280991361074,1.2560142605905924,2025-03-17,0.0025,True
2025-02-13,control_naive_low,PIIND,bear,-1.0020651870632764,3203.218288975757,3022.908684199384,3022.908684199384,3563.8374985285027,3022.908684199384,stop,9,-0.058790139637666605,-1.0,2025-02-27,0.0025,True
2025-02-13,control_naive_low,ASTRAL,bear,-1.0027066211937636,1364.1606584945082,1300.3743840731834,1300.3743840731834,1491.7332073371579,1300.3743840731834,stop,2,-0.04925862335138703,-1.0,2025-02-17,0.0025,True
2025-02-13,control_naive_low,GODREJCP,bear,-1.003622544164085,1029.621226726417,973.3275504641393,973.3275504641393,1142.2085792509724,973.3275504641393,stop,4,-0.05717416055636121,-1.0,2025-02-19,0.0025,True
2025-02-13,control_naive_low,VBL,bear,-1.0044019656921408,510.59432563240506,476.90730116940904,476.90730116940904,577.968374558397,476.90730116940904,stop,2,-0.0684761042609951,-1.0,2025-02-17,0.0025,True
2025-02-13,control_naive_low,EIHOTEL,bear,-1.0061534394360032,337.1245179992297,308.2588813631852,308.2588813631852,394.85579127131865,307.37823448086334,stop,2,-0.09073530158798565,-1.0305084863855798,2025-02-17,0.0025,True
2025-02-13,control_naive_low,CHALET,bear,-1.0070148762987734,671.4874504191113,617.4588329940475,617.4588329940475,779.5446852692388,779.5446852692388,target,14,0.1584221956161404,2.0,2025-03-06,0.0025,True
2025-02-13,control_naive_low,LICI,bear,-1.0116008787059056,378.97354197049566,363.32473522306356,363.32473522306356,410.27115546535987,363.32473522306356,stop,2,-0.04379261020720654,-1.0,2025-02-17,0.0025,True
2025-02-13,control_naive_low,TATACHEM,bear,-1.0118873880208394,848.03436376444,803.3332649698142,803.3332649698142,937.4365613536914,803.3332649698142,stop,8,-0.0552114238581049,-1.0,2025-02-25,0.0025,True
2025-02-13,control_naive_low,DLF,bear,-1.014154808395178,671.5942681342541,629.2539507521777,629.2539507521777,756.2749028984068,629.2539507521777,stop,9,-0.06554448889908099,-1.0,2025-02-27,0.0025,True
2025-02-13,control_naive_low,HEROMOTOCO,bear,-1.0145897608503114,3771.010130243584,3602.2524718634736,3602.2524718634736,4108.525447003805,3602.2524718634736,stop,2,-0.04725131398525567,-1.0,2025-02-17,0.0025,True
2025-02-13,control_naive_low,CANBK,bear,-1.014986818364558,83.31781975968127,78.53048626837412,78.53048626837412,92.89248674229557,78.53048626837412,stop,2,-0.05995869857271291,-1.0,2025-02-17,0.0025,True
2025-02-13,control_naive_low,HONAUT,bear,-1.0164100159164013,35182.07648147149,33190.16271571496,33190.16271571496,39165.90401298455,33190.16271571496,stop,3,-0.059117288260559675,-1.0,2025-02-18,0.0025,True
2025-02-13,control_naive_low,OLECTRA,bear,-1.0164164360742738,1234.703159068928,1137.1925734337235,1137.1925734337235,1429.724330339337,1137.1925734337235,stop,2,-0.08147492196321576,-1.0,2025-02-17,0.0025,True
2025-02-13,control_naive_low,WELSPUNLIV,bear,-1.016583328330208,121.47944259553041,111.09474456557605,111.09474456557605,142.24883865543916,111.09474456557605,stop,9,-0.0879852295011802,-1.0,2025-02-27,0.0025,True
2025-02-13,control_naive_low,TATATECH,bear,-1.0173721796532307,721.0783135021878,684.3606905946189,684.3606905946189,794.5135593173258,679.1923213457591,stop,10,-0.060587993179261945,-1.1407599087193192,2025-02-28,0.0025,True
2025-02-13,control_naive_low,RELIANCE,bear,-1.019063921318669,1208.56289732395,1168.0911630867968,1168.0911630867968,1289.5063657982564,1168.0911630867968,stop,11,-0.035987486937392676,-1.0,2025-03-03,0.0025,True
2025-02-13,control_naive_low,COLPAL,bear,-1.021079862587452,2404.630384884514,2278.6641164146918,2278.6641164146918,2656.562921824159,2278.6641164146918,stop,20,-0.05488487763510158,-1.0,2025-03-17,0.0025,True
2025-02-13,control_naive_low,JIOFIN,bear,-1.0216368279926378,229.10537117765742,213.93578405346287,213.93578405346287,259.4445454260465,213.93578405346287,stop,10,-0.06871227187393808,-1.0,2025-02-28,0.0025,True
2025-02-13,control_naive_low,SONATSOFTW,bear,-1.0217236590674366,415.5125477393491,373.4585346849838,373.4585346849838,499.62057384807963,373.4585346849838,stop,9,-0.10370997135505461,-1.0,2025-02-27,0.0025,True
2025-02-13,control_naive_low,ASIANPAINT,bear,-1.023196182957704,2193.4716872063455,2111.8673409566004,2111.8673409566004,2356.6803797058355,2111.8673409566004,stop,11,-0.03970328223323377,-1.0,2025-03-03,0.0025,True
2025-02-13,trend_lowbeta,GVT&D,bear,1.1727383555790163,1573.0173324597645,1324.162865252374,1324.162865252374,,1324.162865252374,stop,10,-0.1607019867627592,-1.0,2025-02-28,0.0025,False
2025-02-13,trend_lowbeta,VIJAYA,bear,1.162938943769952,944.7838217172182,799.7070323665313,799.7070323665313,,737.489459766332,stop,2,-0.2219093052674342,-1.4288595913837319,2025-02-17,0.0025,False
2025-02-13,trend_lowbeta,COHANCE,bear,1.1382902244677375,1100.0,977.608336038421,1027.0315532662894,,940.0,stop,34,-0.1479545454545455,-1.3072785745459512,2025-04-07,0.0025,False
2025-02-13,trend_lowbeta,ZENTEC,bear,1.1079016162682553,1464.7175785054762,1134.7080369564862,1134.7080369564862,,1134.7080369564862,stop,2,-0.22780591998883165,-1.0,2025-02-17,0.0025,False
2025-02-13,trend_lowbeta,PPLPHARMA,bear,1.1047532865796947,200.96979633700826,171.0296617350814,188.80033685391862,,187.178734623628,stop,34,-0.07112255903496006,-0.46062123289494833,2025-04-07,0.0025,False
2025-02-13,trend_lowbeta,PAYTM,bear,1.1043850388356835,761.9000244140625,652.0927059178293,652.0927059178293,,652.0927059178293,stop,17,-0.14662300167686732,-1.0,2025-03-11,0.0025,False
2025-02-13,trend_lowbeta,DIVISLAB,bear,1.102904506950205,5965.42523020984,5484.585490536667,5484.585490536667,,5484.585490536667,stop,10,-0.08310443658536298,-1.0,2025-02-28,0.0025,False
2025-02-20,momentum,WIPRO,bear,0.7127572016460908,295.66866114961744,285.09749565764304,285.09749565764304,316.81099213356623,285.09749565764304,stop,2,-0.03825341888068773,-1.0,2025-02-24,0.0025,True
2025-02-20,momentum,SRF,bear,0.692326313241346,2781.9104113078693,2657.1532457769968,2657.1532457769968,3031.4247423696143,3031.4247423696143,target,19,0.08719172049808738,2.0,2025-03-21,0.0025,True
2025-02-20,momentum,SARDAEN,bear,0.691115952553861,482.9304930285735,449.4029747017999,449.4029747017999,549.9855296821206,449.4029747017999,stop,2,-0.0719251425635073,-1.0,2025-02-24,0.0025,True
2025-02-20,momentum,BSE,bear,0.6668845315904139,1968.5554385163746,1834.3394792479414,1834.3394792479414,2236.987357053241,1834.3394792479414,stop,3,-0.0706799235329571,-1.0,2025-02-25,0.0025,True
2025-02-20,momentum,MUTHOOTFIN,bear,0.6650205761316872,2234.283500990314,2126.8915864044116,2126.8915864044116,2449.0673301621196,2126.8915864044116,stop,2,-0.050565482530888606,-1.0,2025-02-24,0.0025,True
2025-02-20,momentum,NH,bear,0.6398934882595013,1411.5396442727194,1326.8986159717938,1326.8986159717938,1580.8217008745708,1580.8217008745708,target,6,0.11742724206415905,2.0,2025-03-03,0.0025,True
2025-02-20,momentum,PATANJALI,bear,0.6110142822561124,612.7946580724139,582.0933798017571,582.0933798017571,674.1972146137274,582.0933798017571,stop,5,-0.05260043391570951,-1.0,2025-02-28,0.0025,True
2025-02-20,momentum,MANAPPURAM,bear,0.5859840232389252,201.30309273177792,186.50241021623597,186.50241021623597,230.90445776286182,230.90445776286182,target,19,0.1445487344698952,2.0,2025-03-21,0.0025,True
2025-02-20,momentum,ABBOTINDIA,bear,0.550326797385621,28361.72644632828,27115.135832856227,27115.135832856227,30854.907673272388,29944.771484375,time,20,0.05331624380456795,1.2698996935630371,2025-03-24,0.0025,True
2025-02-20,momentum,REDINGTON,bear,0.5458242556281772,238.34463763454121,219.7602280886178,219.7602280886178,275.5134567263881,219.7602280886178,stop,5,-0.0804728452478099,-1.0,2025-02-28,0.0025,True
2025-02-20,reversal,J&KBANK,bear,0.7067283950617285,97.97074563517576,88.85865668231911,88.85865668231911,120.75096801731739,88.85865668231911,stop,6,-0.09550826378098948,-1.0,2025-03-03,0.0025,True
2025-02-20,control_naive_low,NATCOPHARM,bear,-1.0032254602920208,786.0915681074542,698.5944217210055,698.5944217210055,961.0858608803518,823.7088623046875,time,20,0.04535357803518786,0.42992595474015693,2025-03-24,0.0025,True
2025-02-20,control_naive_low,TIMKEN,bear,-1.0052810137032324,2475.5573436263885,2329.419315699549,2329.419315699549,2767.833399480068,2767.833399480068,target,20,0.11556474877513073,2.0,2025-03-24,0.0025,True
2025-02-20,control_naive_low,KIRLOSENG,bear,-1.0067762156237803,590.118850144767,527.6417768387951,527.6417768387951,715.0729967567107,715.7794857148382,target,17,0.21044123300627388,2.0113079714004454,2025-03-19,0.0025,True
2025-02-20,control_naive_low,TATACOMM,bear,-1.0121212918264821,1451.291039489618,1380.4049338726786,1380.4049338726786,1593.0632507234968,1380.4049338726786,stop,3,-0.05134348052053589,-1.0,2025-02-25,0.0025,True
2025-02-20,control_naive_low,INDIAMART,bear,-1.0122249929167364,1971.5874985319817,1879.1682973256902,1879.1682973256902,2156.425900944565,1879.1682973256902,stop,4,-0.049375526079925736,-1.0,2025-02-27,0.0025,True
2025-02-20,control_naive_low,KAJARIACER,bear,-1.0127588230049978,868.8054356223583,818.6598397981975,818.6598397981975,969.0966272706801,881.579833984375,time,20,0.012203405202415531,0.25474616767564195,2025-03-24,0.0025,True
2025-02-20,control_naive_low,HONAUT,bear,-1.0140639471786206,33419.94179255865,31860.979119908163,31860.979119908163,36537.867137859634,33073.48046875,time,20,-0.01286690386713346,-0.22223837035149308,2025-03-24,0.0025,True
2025-02-20,control_naive_low,STARHEALTH,bear,-1.015643332527594,390.3500061035156,368.5974381231886,368.5974381231886,433.8551420641696,368.5974381231886,stop,3,-0.05822580412502548,-1.0,2025-02-25,0.0025,True
2025-02-20,control_naive_low,TATAELXSI,bear,-1.0175083330900256,5852.455121414864,5630.1241718009,5630.1241718009,6297.117020642793,5630.1241718009,stop,2,-0.040489347205829584,-1.0,2025-02-24,0.0025,True
2025-02-20,control_naive_low,WHIRLPOOL,bear,-1.0221014104892836,977.7106547582305,884.628355400818,884.628355400818,1163.8752534730554,994.841796875,time,20,0.015021689094209369,0.18404296235732506,2025-03-24,0.0025,True
2025-02-20,control_naive_low,CANFINHOME,bear,-1.0240332436431958,593.3426846767667,560.7557904169621,560.7557904169621,658.5164731963758,560.7557904169621,stop,3,-0.05742086630773385,-1.0,2025-02-25,0.0025,True
2025-02-20,control_naive_low,ADANIGREEN,bear,-1.029151049609319,864.9500122070312,798.4721880045565,798.4721880045565,997.9056606119807,795.0999755859375,stop,5,-0.08325615426938077,-1.0507268771063885,2025-02-28,0.0025,True
2025-02-20,control_naive_low,BATAINDIA,bear,-1.029396217340094,1198.1628017963078,1139.8882435378175,1139.8882435378175,1314.7119183132884,1139.8882435378175,stop,6,-0.05113659443535051,-1.0,2025-03-03,0.0025,True
2025-02-20,control_naive_low,SBIN,bear,-1.030754072270376,700.359526366243,679.1982737026407,679.1982737026407,742.6820316934477,679.1982737026407,stop,4,-0.032714842330189675,-1.0,2025-02-27,0.0025,True
2025-02-20,control_naive_low,VBL,bear,-1.0314908620130343,467.6596696072694,432.83637688145495,432.83637688145495,537.3062550588983,432.83637688145495,stop,5,-0.07696289468377354,-1.0,2025-02-28,0.0025,True
2025-02-20,control_naive_low,PVRINOX,bear,-1.0329051991359064,1011.0,950.9827015183282,950.9827015183282,1131.0345969633436,950.9827015183282,stop,4,-0.061864291277618,-1.0,2025-02-27,0.0025,True
2025-02-20,trend_lowbeta,NEULANDLAB,bear,1.1995236658874393,11439.418228171011,9385.788359708262,10306.472844216567,,11291.763671875,time,60,-0.015407523210611616,-0.07189930306503489,2025-05-26,0.0025,False
2025-02-20,trend_lowbeta,VIJAYA,bear,1.151143704597441,920.2174416641197,763.7850853456031,894.8331282729068,,810.391338883973,stop,29,-0.12184799082001457,-0.7020676883273844,2025-04-07,0.0025,False
2025-02-20,trend_lowbeta,TARIL,bear,1.1274966694316668,425.1236572265625,335.7386588155725,477.1611670195358,,463.65768706653415,stop,47,0.08814193249409213,0.4311017567264826,2025-05-07,0.0025,False
2025-02-20,trend_lowbeta,DEEPAKFERT,bear,1.1173692280622376,1055.1946602682465,888.1692714871863,888.1692714871863,,888.1692714871863,stop,6,-0.1607886978774133,-1.0,2025-03-03,0.0025,False
2025-02-20,trend_lowbeta,BSE,bear,1.106223763919262,1968.5554385163746,1740.6090930174023,1740.6090930174023,,1740.6090930174023,stop,4,-0.1182937140295966,-1.0,2025-02-27,0.0025,False
2025-02-20,trend_lowbeta,COROMANDEL,bear,1.1059020184500918,1730.878721483346,1561.9734618773039,2240.989140573538,,2378.917236328125,time,60,0.37189856808073557,3.8366982553194404,2025-05-26,0.0025,False
2025-02-20,trend_lowbeta,ZENTEC,bear,1.0966656612120755,1106.3605611575829,785.724081211095,1440.325530101783,,1874.1759033203125,time,60,0.6915010057474988,2.394659965986631,2025-05-26,0.0025,False
2025-02-20,trend_lowbeta,GLENMARK,bear,1.094857099766232,1337.7343285658735,1204.0121090064986,1343.5174164762857,,1343.5174164762857,stop,31,0.0018230466520298715,0.04324702304125597,2025-04-09,0.0025,False
2025-02-20,trend_lowbeta,APARINDS,bear,1.0929379383153608,6338.288075597832,5205.640502888424,5205.640502888424,,5205.640502888424,stop,28,-0.1811992890193897,-1.0,2025-04-04,0.0025,False
2025-02-20,trend_lowbeta,AMBER,bear,1.089163713143805,5801.0,4813.731409677386,5815.923973548341,,5700.5,stop,29,-0.01982459920703322,-0.10179600666436597,2025-04-07,0.0025,False
2025-02-20,trend_lowbeta,WOCKPHARMA,bear,1.078849005856773,1392.0,1172.9037597498677,1172.9037597498677,,1172.9037597498677,stop,4,-0.15989672431762375,-1.0,2025-02-27,0.0025,False
2025-02-28,momentum,KOTAKBANK,bear,0.7251336898395723,380.015027010229,367.76857004313774,367.76857004313774,404.50794094441153,406.6782142283784,target,12,0.06766350755369394,2.1772164218433825,2025-03-19,0.0025,True
2025-02-28,momentum,SHREECEM,bear,0.7137833020185962,27083.48231070923,26037.778236888524,26037.778236888524,29174.890458350645,29174.890458350645,target,15,0.07472079914422375,2.0,2025-03-24,0.0025,True
2025-02-28,momentum,HDFCBANK,bear,0.6788721876957171,844.3336059197142,818.7464362155303,818.7464362155303,895.507945328082,818.7094845214233,stop,4,-0.032848337693344665,-1.0014441493347706,2025-03-06,0.0025,True
2025-02-28,control_naive_low,APOLLOTYRE,bear,-1.002544480176571,369.3964084896487,347.56207088165604,347.56207088165604,413.06508370563404,413.06508370563404,target,12,0.11571629613166373,2.0,2025-03-19,0.0025,True
2025-02-28,control_naive_low,BEML,bear,-1.0027371198087327,1218.9568270249363,1107.0529257523356,1107.0529257523356,1442.7646295701377,1442.7646295701377,target,15,0.1811060126029575,2.0,2025-03-24,0.0025,True
2025-02-28,control_naive_low,JIOFIN,bear,-1.00294686285194,209.18315658113508,193.7537244756199,193.7537244756199,240.04202079216546,229.5237274169922,time,20,0.09473809109825576,1.3182967912724701,2025-04-01,0.0025,True
2025-02-28,control_naive_low,BSOFT,bear,-1.003312419062349,412.36738378603104,385.29711304874763,385.29711304874763,466.50792526059786,385.29711304874763,stop,7,-0.0681460035436014,-1.0,2025-03-11,0.0025,True
2025-02-28,control_naive_low,ABB,bear,-1.0035380037299206,4838.362814248697,4480.518102670482,4480.518102670482,5554.052237405126,5272.2705078125,time,20,0.08718068543474472,1.2125586309495127,2025-04-01,0.0025,True
2025-02-28,control_naive_low,CONCOR,bear,-1.0035397811843054,491.0043915333254,458.83681019594445,458.83681019594445,555.3395542080873,555.3395542080873,target,15,0.12852767263212,1.9999999999999982,2025-03-24,0.0025,True
2025-02-28,control_naive_low,CHENNPETRO,bear,-1.0035555691189237,424.8153674948605,396.88688480539236,396.88688480539236,480.67233287379673,480.67233287379673,target,4,0.12898527490501394,2.0,2025-03-06,0.0025,True
2025-02-28,control_naive_low,TMPV,bear,-1.003557299965409,610.2966708121899,580.095870267115,580.095870267115,670.6982719023397,673.9665570238454,target,12,0.10182612409129316,2.108218492971,2025-03-19,0.0025,True
2025-02-28,control_naive_low,DMART,bear,-1.0038189180689694,3425.0,3244.8287897818345,3244.8287897818345,3785.342420436331,3785.342420436331,target,9,0.10270946582082646,2.0,2025-03-13,0.0025,True
2025-02-28,control_naive_low,SUPREMEIND,bear,-1.0039203860072377,3298.266696331522,3028.096113625965,3028.096113625965,3838.607861742636,3280.984130859375,time,20,-0.00773989327223573,-0.06396908686014167,2025-04-01,0.0025,True
2025-02-28,control_naive_low,AARTIIND,bear,-1.0041393717250349,375.2516730672254,350.56069933350176,350.56069933350176,424.6336205346727,389.3360290527344,time,20,0.03503309311158159,0.5704252953893091,2025-04-01,0.0025,True
2025-02-28,control_naive_low,PNB,bear,-1.0044827516051544,82.91642656731148,78.26904548415096,78.26904548415096,92.2111887336325,92.2111887336325,target,19,0.10959795876545092,2.0,2025-03-28,0.0025,True
2025-02-28,control_naive_low,KPITTECH,bear,-1.004530221823878,1176.4705250511538,1106.6661570074782,1106.6661570074782,1316.079261138505,1316.079261138505,target,15,0.11616743204746321,2.0,2025-03-24,0.0025,True
2025-02-28,control_naive_low,JBMA,bear,-1.004863813229572,512.5548510630097,451.8229342470399,451.8229342470399,634.0186846949492,634.0186846949492,target,15,0.23447723937258708,2.0,2025-03-24,0.0025,True
2025-02-28,control_naive_low,BPCL,bear,-1.0048698250476245,224.32723741330892,212.01351550815534,212.01351550815534,248.9546812236161,248.9546812236161,target,4,0.10728356482379636,2.0,2025-03-06,0.0025,True
2025-02-28,control_naive_low,SIGNATURE,bear,-1.0049519465519832,1045.1500244140625,971.4632549251381,971.4632549251381,1192.5235633919112,1192.5235633919112,target,14,0.13850706648356054,2.0,2025-03-21,0.0025,True
2025-02-28,control_naive_low,IOC,bear,-1.005047818845794,106.62624619006833,100.84484320503792,100.84484320503792,118.18905216012915,118.18905216012915,target,8,0.10594239934555477,2.0,2025-03-12,0.0025,True
2025-02-28,control_naive_low,HEROMOTOCO,bear,-1.0051746094009892,3470.094834828667,3356.370382527633,3356.370382527633,3697.543739430735,3356.370382527633,stop,2,-0.03527272170189816,-1.0,2025-03-04,0.0025,True
2025-02-28,control_naive_low,BANKBARODA,bear,-1.0054079528957176,185.50052862344444,175.76831324687794,175.76831324687794,204.96495937657744,204.96495937657744,target,15,0.10242924681980131,2.0,2025-03-24,0.0025,True
2025-02-28,trend_lowbeta,GVT&D,bear,1.170065459470305,1314.3326842953752,1121.4771884103407,1319.5782444385393,,1266.538733001506,stop,24,-0.03886366337453745,-0.24782260455963492,2025-04-07,0.0025,False
2025-02-28,trend_lowbeta,CARTRADE,bear,1.1589950341091493,1528.0,1263.7015166137194,1436.3120304857696,,1436.3120304857696,stop,24,-0.0625052156506744,-0.34691069104708233,2025-04-07,0.0025,False
2025-02-28,trend_lowbeta,DIVISLAB,bear,1.1277312399678974,5433.005049847388,4957.493661574994,5194.028919173742,,4912.283411928882,stop,24,-0.09834412919570795,-1.0950771122651086,2025-04-07,0.0025,False
2025-02-28,trend_lowbeta,BLUEJET,bear,1.097958467094703,788.6611539349343,646.3723261802318,775.5696819452933,,762.0636760984771,stop,22,-0.03622484837594969,-0.1869259748369679,2025-04-03,0.0025,False
2025-02-28,trend_lowbeta,MUTHOOTFIN,bear,1.0961188302568219,2088.906767241614,1909.7222853139933,2115.7432306895903,,2106.197211210823,stop,24,0.005777269354649341,0.09649520864308475,2025-04-07,0.0025,False
2025-02-28,trend_lowbeta,JUBLPHARMA,bear,1.0926502307383628,896.4581894457665,764.3108898289862,980.899613436362,,1158.7237548828125,time,60,0.29005749852560453,1.984645665841083,2025-06-02,0.0025,False
2025-02-28,trend_lowbeta,BSE,bear,1.0926038322632423,1529.4674332802294,1281.5285747122084,1281.5285747122084,,1281.5285747122084,stop,7,-0.1646079685471104,-1.0,2025-03-11,0.0025,False
2025-02-28,trend_lowbeta,DOMS,bear,1.087582764847512,2412.064633317301,2096.9873659627474,2540.0500857853467,,2243.549098068341,stop,24,-0.07236360685418325,-0.5348387608660155,2025-04-07,0.0025,False
2025-02-28,trend_lowbeta,CHOLAHLDNG,bear,1.0789564105136438,1664.2383096630124,1455.3624184713308,1565.8452032426758,,1412.910204141722,stop,24,-0.15351689707658583,-1.203241331909632,2025-04-07,0.0025,False
2025-03-07,momentum,ACUTAAS,bear,0.6933006535947712,1220.3937064823326,1121.9188461699846,1121.9188461699846,1417.3434271070287,1121.9188461699846,stop,2,-0.08319105878642424,-1.0,2025-03-11,0.0025,True
2025-03-07,momentum,SBICARD,bear,0.6749279123414074,831.8856397496817,799.1333420397727,799.1333420397727,897.3902351694995,760.8345327155733,stop,19,-0.08790970493911637,-2.1693472520131745,2025-04-07,0.0025,True
2025-03-07,momentum,NAVINFLUOR,bear,0.6673923490965014,4100.066004130496,3828.858371688317,3828.858371688317,4642.481269014855,3686.303458637268,stop,19,-0.10341606941849107,-1.5256301667005696,2025-04-07,0.0025,True
2025-03-07,momentum,REDINGTON,bear,0.6372116493656286,241.21626615486235,220.82050096538228,220.82050096538228,282.0077965338225,220.82050096538228,stop,3,-0.08705385498914014,-1.0,2025-03-12,0.0025,True
2025-03-07,momentum,BAJAJFINSV,bear,0.6346789696270665,1842.2796302331092,1765.7118364114833,1765.7118364114833,1995.4152178763609,1995.4152178763609,target,13,0.08062287946421848,2.0,2025-03-27,0.0025,True
2025-03-07,momentum,NH,bear,0.6062187620146098,1567.9238987722806,1449.3957576760079,1449.3957576760079,1804.980180964826,1449.3957576760079,stop,19,-0.0780955956721388,-1.0,2025-04-07,0.0025,True
2025-03-07,momentum,EICHERMOT,bear,0.5807237600922722,5005.011033157787,4785.89915079895,4785.89915079895,5443.234797875461,5110.865234375,time,20,0.018649643930040708,0.48310570872581354,2025-04-08,0.0025,True
2025-03-07,momentum,WELCORP,bear,0.5746587850826606,789.1089333796076,729.4033162606097,729.4033162606097,908.5201676176034,658.5490725830571,stop,19,-0.1679522655539924,-2.1867265945235044,2025-04-07,0.0025,True
2025-03-07,momentum,BHARTIARTL,bear,0.570520953479431,1606.1891532670866,1540.6224686329294,1540.6224686329294,1737.3225225354008,1737.3225225354008,target,19,0.07914254440492335,2.0,2025-04-07,0.0025,True
2025-03-07,control_naive_low,AIAENG,bear,-1.0137554891850744,3097.09935094739,2977.0919321110696,2977.0919321110696,3337.114188620031,3337.114188620031,target,9,0.07499665428047092,2.0,2025-03-21,0.0025,True
2025-03-07,control_naive_low,INDUSINDBK,bear,-1.0141279425319603,893.552717159087,887.1485970602732,887.1485970602732,906.3609573567146,887.1485970602732,stop,1,-0.009667031083711196,-1.0,2025-03-10,0.0025,True
2025-03-07,control_naive_low,IDFCFIRSTB,bear,-1.0173881748041387,56.94577361349391,54.37988597655422,54.37988597655422,62.0775488873733,54.37988597655422,stop,3,-0.04755843847789393,-1.0,2025-03-12,0.0025,True
2025-03-07,control_naive_low,TITAN,bear,-1.0206661897672298,3060.715488176788,2946.887767241797,2946.887767241797,3288.3709300467694,2906.6859812046773,stop,19,-0.05282467328868362,-1.3531809800538812,2025-04-07,0.0025,True
2025-03-07,control_naive_low,DRREDDY,bear,-1.0265874107860484,1120.690289394458,1079.3081610871884,1079.3081610871884,1203.454546008997,1079.3081610871884,stop,3,-0.03942557051567702,-1.0,2025-03-12,0.0025,True
2025-03-07,control_naive_low,DALBHARAT,bear,-1.0322228714528952,1684.0354491657765,1608.588324806914,1608.588324806914,1834.9296978835016,1608.588324806914,stop,3,-0.047301387284476026,-1.0,2025-03-12,0.0025,True
2025-03-07,control_naive_low,DABUR,bear,-1.0329166818106357,481.26754930829605,466.55858826632624,466.55858826632624,510.6854713922357,460.80156036008486,stop,17,-0.04502517955475288,-1.3913959585462603,2025-04-03,0.0025,True
2025-03-07,control_naive_low,LT,bear,-1.0330149205514862,3184.898425682085,3080.353012681535,3080.353012681535,3393.989251683185,3393.989251683185,target,10,0.06315070468654599,2.0,2025-03-24,0.0025,True
2025-03-07,control_naive_low,STARHEALTH,bear,-1.0366232507520434,368.0,344.61897549329444,344.61897549329444,414.7620490134111,344.61897549329444,stop,12,-0.06603539268126507,-1.0,2025-03-26,0.0025,True
2025-03-07,control_naive_low,HINDUNILVR,bear,-1.0367760598691083,2146.1496079412746,2073.571682421844,2073.571682421844,2291.305458980136,2225.123779296875,time,20,0.03429807365869414,1.0881293560044971,2025-04-08,0.0025,True
2025-03-07,control_naive_low,BAJAJ-AUTO,bear,-1.0374949185728848,7283.3142270492635,6991.626527876516,6991.626527876516,7866.689625394759,7866.689625394759,target,10,0.07759751881621652,2.0,2025-03-24,0.0025,True
2025-03-07,control_naive_low,SUNTV,bear,-1.037502202799438,544.9392243845833,518.7330189426697,518.7330189426697,597.3516352684106,597.3516352684106,target,7,0.09368028678889523,2.0,2025-03-19,0.0025,True
2025-03-07,control_naive_low,ASTRAL,bear,-1.0393465742717662,1317.3612206443936,1264.7274512460215,1264.7274512460215,1422.6287594411378,1262.2968284173776,stop,2,-0.04429900802004855,-1.046179911802385,2025-03-11,0.0025,True
2025-03-07,control_naive_low,BOSCHLTD,bear,-1.0395462685388857,26469.19509109472,25523.68197507692,25523.68197507692,28360.221323130318,25523.68197507692,stop,19,-0.038221264389180776,-1.0,2025-04-07,0.0025,True
2025-03-07,control_naive_low,TCS,bear,-1.0446052162489916,3420.635765390215,3319.039998551757,3319.039998551757,3623.827299067131,3319.039998551757,stop,3,-0.03220084329538914,-1.0,2025-03-12,0.0025,True
2025-03-07,control_naive_low,HEROMOTOCO,bear,-1.0450643527675552,3478.617578833192,3329.324082316041,3329.324082316041,3777.2045718674945,3319.58966805235,stop,5,-0.04821583601155249,-1.065203203694626,2025-03-17,0.0025,True
2025-03-07,control_naive_low,BATAINDIA,bear,-1.0476634942269127,1164.0650346126863,1101.6312955779565,1101.6312955779565,1288.932512682146,1089.238947592463,stop,19,-0.06677998848459504,-1.1984879998713511,2025-04-07,0.0025,True
2025-03-07,control_naive_low,DELHIVERY,bear,-1.0486452813949891,255.64999389648438,238.31019008304244,238.31019008304244,290.32960152336824,238.31019008304244,stop,3,-0.07032634158975576,-1.0,2025-03-12,0.0025,True
2025-03-07,trend_lowbeta,ERIS,bear,1.109207240948814,1258.8447159855639,1114.5036062122588,1193.9909129549749,,1091.3435221679192,stop,19,-0.1355594565720571,-1.1604538310721986,2025-04-07,0.0025,False
2025-03-07,trend_lowbeta,DEEPAKFERT,bear,1.1026029962546817,1108.250267865707,936.5819346454484,1325.6028188551904,,1510.4075927734375,time,60,0.3603759104044379,2.3426412860416357,2025-06-09,0.0025,False
2025-03-17,momentum,SARDAEN,bear,0.7883338499278545,534.4529418945312,497.6444597336265,497.6444597336265,608.0699062163408,497.6444597336265,stop,6,-0.07137132481753378,-1.0,2025-03-25,0.0025,True
2025-03-17,momentum,CHAMBLFERT,bear,0.6894059835236306,559.8065185546875,528.1151546801837,528.1151546801837,623.1892463036952,623.1892463036952,target,17,0.11072256109601891,2.0,2025-04-11,0.0025,True
2025-03-17,momentum,UPL,bear,0.688225658813894,614.5234375,586.300053756452,586.300053756452,670.9702049870959,583.9519113107395,stop,14,-0.052248348596159844,-1.0831984735440974,2025-04-07,0.0025,True
2025-03-17,momentum,BAJFINANCE,bear,0.6750831044948692,847.562744140625,816.8805731602708,816.8805731602708,908.9270861013333,908.9270861013333,target,6,0.06990094303924116,2.0,2025-03-25,0.0025,True
2025-03-17,momentum,MUTHOOTFIN,bear,0.672891072891073,2243.540771484375,2148.763970991056,2148.763970991056,2433.0943724710132,2106.197211210823,stop,14,-0.06371732309000239,-1.449126363821847,2025-04-07,0.0025,True
2025-03-17,momentum,JSWSTEEL,bear,0.6523148817266464,997.2708740234375,963.9503373981787,963.9503373981787,1063.911947273955,1063.911947273955,target,6,0.06432344284422714,2.0,2025-03-25,0.0025,True
2025-03-17,momentum,COROMANDEL,bear,0.6377607554078143,1872.491455078125,1760.9443750728854,1760.9443750728854,2095.5856150886043,2095.5856150886043,target,12,0.11664295224443161,2.0,2025-04-03,0.0025,True
2025-03-17,momentum,DOMS,bear,0.6084597966950909,2827.669677734375,2635.9653610822866,2635.9653610822866,3211.078311038552,2635.9653610822866,stop,13,-0.07029586673846872,-1.0,2025-04-04,0.0025,True
2025-03-17,control_naive_low,TATATECH,bear,-1.0028723972278655,609.3339233398438,577.1825686237701,577.1825686237701,673.6366327719911,673.6366327719911,target,4,0.10302950848312425,2.0,2025-03-21,0.0025,True
2025-03-17,control_naive_low,TATAELXSI,bear,-1.0032475714690092,5026.43017578125,4796.4365460262525,4796.4365460262525,5486.417435291245,5486.417435291245,target,5,0.08901370722831142,2.0,2025-03-24,0.0025,True
2025-03-17,control_naive_low,RRKABEL,bear,-1.00461994001624,852.0947265625,788.2152277876852,788.2152277876852,979.8537241121296,933.3906860351562,time,20,0.09290718530276382,1.272645544061596,2025-04-17,0.0025,True
2025-03-17,control_naive_low,ASTRAL,bear,-1.0046660983381182,1232.773193359375,1171.4112193500314,1171.4112193500314,1355.4971413780622,1301.2301025390625,time,20,0.053030822334916905,1.115624298026389,2025-04-17,0.0025,True
2025-03-17,control_naive_low,AUBANK,bear,-1.0048012575898018,490.7176513671875,463.47625508423664,463.47625508423664,545.2004439330892,545.2004439330892,target,5,0.1085267633823796,2.0,2025-03-24,0.0025,True
2025-03-17,control_naive_low,TEJASNET,bear,-1.0048720508445377,647.373046875,587.0584023433544,587.0584023433544,768.0023359382913,768.0023359382913,target,4,0.1838365947124198,2.0,2025-03-21,0.0025,True
2025-03-17,control_naive_low,LATENTVIEW,bear,-1.0049147506129763,347.6000061035156,322.64284249556016,322.64284249556016,397.51433331942656,393.3500061035156,time,20,0.12911679860953623,1.833141005872018,2025-04-17,0.0025,True
2025-03-17,control_naive_low,IDFCFIRSTB,bear,-1.0055133255501902,52.56303405761719,50.0495560568419,50.0495560568419,57.58999005916776,57.58999005916776,target,5,0.0931367167854173,2.0,2025-03-24,0.0025,True
2025-03-17,control_naive_low,FINCABLES,bear,-1.006602595402644,772.3198852539062,719.4141078878528,719.4141078878528,878.1314399860132,878.1314399860132,target,5,0.13450483019069298,2.0,2025-03-24,0.0025,True
2025-03-17,control_naive_low,APARINDS,bear,-1.0078788063742896,5271.9755859375,4708.854367379382,4708.854367379382,6398.218023053736,4360.999890185153,stop,14,-0.1752958866467988,-1.6177257502122127,2025-04-07,0.0025,True
2025-03-17,control_naive_low,OLECTRA,bear,-1.0079341655828113,1016.0557250976562,927.268000930692,927.268000930692,1193.6311734315848,1193.6311734315848,target,4,0.172269398909554,2.0,2025-03-21,0.0025,True
2025-03-17,control_naive_low,HEROMOTOCO,bear,-1.00909983796838,3326.350830078125,3182.8566448265337,3182.8566448265337,3613.3392005813075,3613.3392005813075,target,9,0.08377724048471519,2.0,2025-03-28,0.0025,True
2025-03-17,control_naive_low,BSOFT,bear,-1.0113119255587089,377.2960510253906,352.9436498459139,352.9436498459139,426.00085338434405,325.0043182680013,stop,14,-0.141096024568172,-2.147292678533023,2025-04-07,0.0025,True
2025-03-17,control_naive_low,TCS,bear,-1.0117732186900177,3317.44287109375,3220.0726168885026,3220.0726168885026,3512.183379504245,3512.183379504245,target,6,0.056201993064401934,2.0,2025-03-25,0.0025,True
2025-03-17,control_naive_low,SAMMAANCAP,bear,-1.012132904715877,105.11000061035156,96.45646417444664,96.45646417444664,122.41707348216141,122.41707348216141,target,20,0.1621567669233312,2.0,2025-04-17,0.0025,True
2025-03-17,trend_lowbeta,KIMS,bear,1.1108535339694563,595.5999755859375,529.020217739186,549.038339014548,,528.0499877929688,stop,14,-0.11591502780706903,-1.0145724463049337,2025-04-07,0.0025,False
2025-03-17,trend_lowbeta,PAYTM,bear,1.106536037270485,688.9000244140625,596.598267017255,839.8275274374383,,877.3499755859375,time,60,0.2710519589103794,2.0416724067530385,2025-06-16,0.0025,False
2025-03-17,trend_lowbeta,BSE,bear,1.099164154562894,1313.171142578125,1087.402249137995,2681.426478871318,,2646.0289043522894,stop,59,1.0124916629734866,5.903637748606036,2025-06-13,0.0025,False
2025-03-17,trend_lowbeta,SARDAEN,bear,1.0840479334313262,534.4529418945312,473.1054716263566,473.1054716263566,,473.1054716263566,stop,6,-0.11728554136255637,-1.0,2025-03-25,0.0025,False
2025-03-24,momentum,SHREECEM,bear,0.7066516288026152,29481.726935295374,28256.379233059073,28256.379233059073,31932.422339767974,30315.5546875,time,20,0.025782866673131403,0.6804825688927828,2025-04-25,0.0025,True
2025-03-24,momentum,LAURUSLABS,bear,0.7031334102268357,624.707603943206,590.3512794745552,590.3512794745552,693.4202528805075,590.3512794745552,stop,8,-0.057495848060421906,-1.0,2025-04-04,0.0025,True
2025-03-24,momentum,ACUTAAS,bear,0.6917435601691657,1244.8004874274436,1151.1761146374722,1151.1761146374722,1432.0492330073864,1151.1761146374722,stop,8,-0.07771235228904788,-1.0,2025-04-04,0.0025,True
2025-03-24,momentum,SRF,bear,0.6743800461361016,2998.8120692738944,2870.4603557438413,2870.4603557438413,3255.5154963340005,2870.4603557438413,stop,2,-0.04530085265934353,-1.0,2025-03-26,0.0025,True
2025-03-24,momentum,ABBOTINDIA,bear,0.6722078046905037,29947.372736825404,28720.761034516734,28720.761034516734,32400.596141442744,28720.761034516734,stop,6,-0.04345890858567175,-1.0,2025-04-02,0.0025,True
2025-03-24,momentum,CARTRADE,bear,0.6335447904652057,1785.0,1646.5587943139512,1646.5587943139512,2061.8824113720975,1646.5587943139512,stop,2,-0.08005809842355677,-1.0,2025-03-26,0.0025,True
2025-03-24,momentum,BAJAJHLDNG,bear,0.6115292195309497,12329.672330778561,11558.073647682417,11558.073647682417,13872.86969697085,11558.073647682417,stop,6,-0.065080631698541,-1.0,2025-04-02,0.0025,True
2025-03-24,momentum,REDINGTON,bear,0.5914648212226067,234.3243758673079,214.42936156787346,214.42936156787346,274.1144044661768,214.42936156787346,stop,7,-0.08740373323644529,-1.0,2025-04-03,0.0025,True
2025-03-24,momentum,BLUESTARCO,bear,0.5906141868512111,2218.411807766659,2037.0270086276519,2037.0270086276519,2581.181406044673,2037.0270086276519,stop,5,-0.08426335813935854,-1.0,2025-04-01,0.0025,True
2025-03-24,reversal,FORCEMOT,bear,0.7772303921568627,8885.050568431547,6423.518127186975,6423.518127186975,15038.881671542975,9115.3857421875,time,20,0.02342390127461175,0.09357389319618062,2025-04-25,0.0025,True
2025-03-24,control_naive_low,HONAUT,bear,-1.0075310985307482,33611.81494277295,31558.670101412863,31558.670101412863,37718.10462549313,31558.670101412863,stop,1,-0.06358402193858753,-1.0,2025-03-25,0.0025,True
2025-03-24,control_naive_low,COLPAL,bear,-1.0320288438932588,2297.505199716155,2262.375316991177,2262.375316991177,2367.764965166111,2262.375316991177,stop,6,-0.017790447538189754,-1.0,2025-04-02,0.0025,True
2025-03-24,control_naive_low,JSL,bear,-1.0410175181913317,589.2623626410689,548.2912635336705,548.2912635336705,671.2045608558656,548.2912635336705,stop,8,-0.07202946888337863,-1.0,2025-04-04,0.0025,True
2025-03-24,control_naive_low,DEVYANI,bear,-1.042611494940391,150.0,138.0226723815297,138.0226723815297,173.9546552369406,135.0,stop,9,-0.10249999999999998,-1.2523661769816186,2025-04-07,0.0025,True
2025-03-24,control_naive_low,KEI,bear,-1.0435875544234685,2903.5620588825655,2627.6654785102896,2627.6654785102896,3455.355219627117,2627.6654785102896,stop,8,-0.09752003910274759,-1.0,2025-04-04,0.0025,True
2025-03-24,trend_lowbeta,GODFRYPHLP,bear,1.117801888437679,2047.0302624497963,1779.9418040653047,2601.5254592851766,,2601.5254592851766,stop,59,0.26837786976426264,2.0760732237899537,2025-06-20,0.0025,False
2025-03-24,trend_lowbeta,JUBLFOOD,bear,1.1141034903709608,657.9783327707047,592.160597079453,629.2522895245154,,690.2302856445312,time,60,0.04651674001637057,0.49001918001432276,2025-06-23,0.0025,False
2025-03-24,trend_lowbeta,POLYMED,bear,1.0966802860061287,2306.8665158514636,2049.39855231901,2049.39855231901,,2049.39855231901,stop,8,-0.1141093895174608,-1.0,2025-04-04,0.0025,False
2025-04-01,momentum,BAJAJFINSV,bear,0.7126071194478911,1943.6936774439228,1859.17736446035,1859.17736446035,2112.7263034110683,1832.5426788155612,stop,4,-0.05968545052558488,-1.31514254117978,2025-04-07,0.0025,True
2025-04-01,momentum,SARDAEN,bear,0.6941839537747466,523.8205711528203,485.3631701018076,485.3631701018076,600.7353732548457,485.3631701018076,stop,3,-0.07591712633846354,-1.0,2025-04-04,0.0025,True
2025-04-01,momentum,JSWSTEEL,bear,0.6890096618357487,1049.2316835390477,1017.2035929254033,1017.2035929254033,1113.2878647663365,1017.2035929254033,stop,3,-0.03302527970334829,-1.0,2025-04-04,0.0025,True
2025-04-01,momentum,SRF,bear,0.6852988538410534,2874.4417287867627,2749.3325799125296,2749.3325799125296,3124.660026535229,2557.248489887562,stop,4,-0.11284951090592504,-2.535332082053101,2025-04-07,0.0025,True
2025-04-01,momentum,BAJFINANCE,bear,0.6583783271762812,862.345105454572,825.9163062828085,825.9163062828085,935.2027037980992,823.8211181216217,stop,4,-0.04717351538180653,-1.057514609562283,2025-04-07,0.0025,True
2025-04-01,momentum,JKCEMENT,bear,0.6290636544472862,4856.837301672717,4673.948340980622,4673.948340980622,5222.615223056909,4673.948340980622,stop,4,-0.040155978434589124,-1.0,2025-04-07,0.0025,True
2025-04-01,momentum,MANAPPURAM,bear,0.618523254712513,229.34225309371985,217.33809813890667,217.33809813890667,253.3505630033462,217.33809813890667,stop,4,-0.0548416631383129,-1.0,2025-04-07,0.0025,True
2025-04-01,momentum,KOTAKBANK,bear,0.6119517855451359,426.96975936089984,415.2043427269121,415.2043427269121,450.5005926288753,402.5800042719004,stop,4,-0.059622909888294384,-2.07300394433485,2025-04-07,0.0025,True
2025-04-01,momentum,GABRIEL,bear,0.6074950269963058,589.291229005337,548.3043835156483,548.3043835156483,671.2649199847143,548.3043835156483,stop,3,-0.07205278387372277,-1.0,2025-04-04,0.0025,True
2025-04-01,momentum,KIMS,bear,0.5923747276688452,626.0,573.9340029745987,573.9340029745987,730.1319940508026,528.0499877929688,stop,4,-0.1589696680623502,-1.8812664272854434,2025-04-07,0.0025,True
2025-04-01,reversal,RBLBANK,bear,0.5725845410628019,175.3964489215876,148.47911647415773,148.47911647415773,242.68978004016225,203.10369873046875,time,20,0.1554692746303427,1.0293460491671687,2025-05-05,0.0025,True
2025-04-01,control_naive_low,TATAELXSI,bear,-1.0054740376152818,4946.484381594912,4672.28745509124,4672.28745509124,5494.878234602254,4652.977584535529,stop,4,-0.061836444718490424,-1.070423366162176,2025-04-07,0.0025,True
2025-04-01,control_naive_low,SONACOMS,bear,-1.012519245244573,458.4289865089673,429.29987902097344,429.29987902097344,516.687201484955,429.29987902097344,stop,3,-0.06604115543569372,-1.0,2025-04-04,0.0025,True
2025-04-01,control_naive_low,STARHEALTH,bear,-1.0142626269008086,348.6499938964844,324.45491917990756,324.45491917990756,397.040143329638,397.040143329638,target,11,0.13629291633523127,2.0,2025-04-21,0.0025,True
2025-04-01,control_naive_low,SUPREMEIND,bear,-1.0154678814828246,3281.2301774310044,3089.9530227695927,3089.9530227695927,3663.784486753828,3066.9456000961354,stop,4,-0.06780617047495291,-1.120283170847997,2025-04-07,0.0025,True
2025-04-01,control_naive_low,SONATSOFTW,bear,-1.019447368378124,337.51677007493424,308.865479745171,308.865479745171,394.8193507344607,308.865479745171,stop,3,-0.08738849405439081,-1.0,2025-04-04,0.0025,True
2025-04-01,control_naive_low,KAJARIACER,bear,-1.0208760363651586,840.2364407883288,802.0390820032279,802.0390820032279,916.6311583585305,802.0390820032279,stop,2,-0.04796025015204436,-1.0,2025-04-03,0.0025,True
2025-04-01,control_naive_low,ZYDUSLIFE,bear,-1.0261957650618776,859.6214074084069,832.9444268551326,832.9444268551326,912.9753685149553,938.0517046771481,target,2,0.08873818531368766,2.939999041949858,2025-04-03,0.0025,True
2025-04-01,control_naive_low,TCS,bear,-1.0271333825780091,3361.3572839771014,3266.097346940647,3266.097346940647,3551.8771580500097,3266.097346940647,stop,2,-0.030839723804588933,-1.0,2025-04-03,0.0025,True
2025-04-01,control_naive_low,CYIENT,bear,-1.0423205934694335,1205.784629830691,1135.7758786209301,1135.7758786209301,1345.802132250213,1135.7758786209301,stop,3,-0.06056074275436002,-1.0,2025-04-04,0.0025,True
2025-04-01,control_naive_low,LTM,bear,-1.0442556892483905,4334.526626351823,4093.167431479824,4093.167431479824,4817.245016095822,4093.167431479824,stop,3,-0.05818294203215929,-1.0,2025-04-04,0.0025,True
2025-04-01,control_naive_low,PFIZER,bear,-1.0442561547142488,3877.73540823453,3704.247937838994,3704.247937838994,4224.710349025602,3539.2105367694026,stop,4,-0.08979963131219731,-1.9512929129309495,2025-04-07,0.0025,True
2025-04-01,control_naive_low,PRESTIGE,bear,-1.04955468147503,1138.6543411673993,1055.8037513451563,1055.8037513451563,1304.355520811885,1055.8037513451563,stop,4,-0.07526184424616583,-1.0,2025-04-07,0.0025,True
2025-04-01,trend_lowbeta,BAJAJHLDNG,bear,1.1166060439971102,11759.779220083143,10578.267553369227,10578.267553369227,,10201.159996412494,stop,4,-0.13503813651610624,-1.319173790306756,2025-04-07,0.0025,False
2025-04-01,trend_lowbeta,SARDAEN,bear,1.1101609407309598,523.8205711528203,459.12872100301263,459.12872100301263,,394.095105491616,stop,4,-0.2501524840857348,-2.0052829739881846,2025-04-07,0.0025,False
2025-04-08,momentum,MANAPPURAM,bear,0.7398503362697736,225.16303175850615,215.00911953381524,215.00911953381524,245.47085620788798,227.9590606689453,time,20,0.009917797400409824,0.2753646918121034,2025-05-12,0.0025,True
2025-04-08,momentum,MUTHOOTFIN,bear,0.7157667898077106,2260.5375768214326,2139.27668957001,2139.27668957001,2503.0593513242775,2139.27668957001,stop,1,-0.056142500126863115,-1.0,2025-04-09,0.0025,True
2025-04-08,momentum,BAJFINANCE,bear,0.7133986928104575,870.7414114073935,835.5113302473889,835.5113302473889,941.2015737274027,950.2589188698975,target,9,0.08882160986116244,2.257091236927869,2025-04-24,0.0025,True
2025-04-08,momentum,COROMANDEL,bear,0.7000710429099175,2045.579201446576,1923.619182522646,1923.619182522646,2289.499239294436,2289.499239294436,target,14,0.1167425292921273,2.0,2025-05-02,0.0025,True
2025-04-08,momentum,NH,bear,0.694018186984939,1667.3687955478692,1568.4711885434583,1568.4711885434583,1865.164009556691,1772.786376953125,time,20,0.06072391404153471,1.065926513273006,2025-05-12,0.0025,True
2025-04-08,momentum,SBICARD,bear,0.6925120772946861,837.2667972507986,805.4658917065104,805.4658917065104,900.868608339375,900.868608339375,target,5,0.07346361314865896,2.0,2025-04-17,0.0025,True
2025-04-08,momentum,KOTAKBANK,bear,0.6878232452401252,409.6197059266208,396.2296535041894,396.2296535041894,436.39981077148354,436.39981077148354,target,5,0.06287796999849443,2.0,2025-04-17,0.0025,True
2025-04-08,momentum,JKCEMENT,bear,0.6861561049540589,4865.136134302586,4612.737783804613,4612.737783804613,5369.93283529853,5087.77001953125,time,20,0.043261080282819,0.882073455668059,2025-05-12,0.0025,True
2025-04-08,momentum,BAJAJFINSV,bear,0.6667708629345459,1896.4570066120295,1820.8359581277139,1820.8359581277139,2047.699103580661,2047.699103580661,target,6,0.07724981580986195,2.0,2025-04-21,0.0025,True
2025-04-08,momentum,HDFCBANK,bear,0.6653973666761391,856.5632934570312,832.8858881251223,832.8858881251223,903.9181041208492,905.0937456982635,target,3,0.05415717012617555,2.0496524665998765,2025-04-15,0.0025,True
2025-04-08,momentum,ICICIBANK,bear,0.6637633797480346,1284.1320386492785,1241.1989722434212,1241.1989722434212,1369.998171460993,1369.998171460993,target,5,0.06436705901523448,2.0,2025-04-17,0.0025,True
2025-04-08,momentum,INDIGO,bear,0.6488538410533295,5136.8191939775115,4918.108772512379,4918.108772512379,5574.240036907777,5574.240036907777,target,7,0.08265402750462852,2.0,2025-04-22,0.0025,True
2025-04-08,momentum,AAVAS,bear,0.6479444918063842,2061.050048828125,1953.2532945352086,1953.2532945352086,2276.6435574139578,1953.2532945352086,stop,2,-0.05480186154586958,-1.0,2025-04-11,0.0025,True
2025-04-08,momentum,BHARTIARTL,bear,0.6283082315051625,1684.1970896124594,1618.5904677059543,1618.5904677059543,1815.4103334254696,1815.4103334254696,target,5,0.07540848507118775,2.0,2025-04-17,0.0025,True
2025-04-08,momentum,BSE,bear,0.6111916264090178,1822.8334684046936,1684.65376191422,1684.65376191422,2099.1928813856407,2103.804677173456,target,7,0.15163981235195484,2.033375347979433,2025-04-22,0.0025,True
2025-04-08,momentum,EICHERMOT,bear,0.5864213318177514,5149.162691958163,4906.9166563435765,4906.9166563435765,5633.654763187336,5633.654763187336,target,6,0.09159142810458126,2.0,2025-04-21,0.0025,True
2025-04-08,reversal,DMART,bear,0.7457246376811596,4053.85009765625,3699.6208519664065,3699.6208519664065,4939.423211880859,4023.5,time,20,-0.009986734073812174,-0.08567925439680939,2025-05-12,0.0025,True
2025-04-08,reversal,HINDPETRO,bear,0.7215217391304347,341.1830483497255,290.28252228698466,290.28252228698466,468.43436350657754,356.59130859375,time,20,0.0426612714012406,0.302713182669901,2025-05-12,0.0025,True
2025-04-08,control_naive_low,SCHNEIDER,bear,-1.0173275651602909,588.0,543.0988878319367,543.0988878319367,677.8022243361265,540.0,stop,19,-0.08413265306122447,-1.069015836853611,2025-05-09,0.0025,True
2025-04-08,control_naive_low,BOSCHLTD,bear,-1.02294230992648,25974.216186111687,24931.206419422444,24931.206419422444,28060.235719490174,28060.235719490174,target,12,0.07781116390314308,2.0,2025-04-29,0.0025,True
2025-04-08,control_naive_low,DEEPAKNTR,bear,-1.0259258876021615,1811.9416000582473,1707.8921940159644,1707.8921940159644,2020.0404121428132,2020.0404121428132,target,7,0.11234852054717231,2.0,2025-04-22,0.0025,True
2025-04-08,control_naive_low,TATATECH,bear,-1.0315743710410759,597.1172144219,560.6520900414896,560.6520900414896,670.0474631827209,670.0474631827209,target,7,0.11963724039329254,2.0,2025-04-22,0.0025,True
2025-04-08,control_naive_low,DLF,bear,-1.0338488944130537,607.8662961035299,572.4976732791035,572.4976732791035,678.6035417523825,678.6035417523825,target,7,0.11386974463345617,2.0,2025-04-22,0.0025,True
2025-04-08,control_naive_low,LTTS,bear,-1.034329309242124,3962.291235455841,3743.2880212352316,3743.2880212352316,4400.29766389706,4400.29766389706,target,8,0.10804372392463185,2.0,2025-04-23,0.0025,True
2025-04-08,control_naive_low,TATAELXSI,bear,-1.0360425908205428,4718.061172762084,4451.857523445194,4451.857523445194,5250.468471395866,5250.468471395866,target,7,0.11034450945812874,2.0,2025-04-22,0.0025,True
2025-04-08,control_naive_low,SUPREMEIND,bear,-1.0365267214641756,3146.3177462205886,2964.387353024509,2964.387353024509,3510.1785326127474,3510.1785326127474,target,7,0.1131465480415112,2.0,2025-04-22,0.0025,True
2025-04-08,control_naive_low,PRESTIGE,bear,-1.0372118616065282,1091.468054411997,1002.9299288871105,1002.9299288871105,1268.54430546177,1268.54430546177,target,6,0.15973676939877895,2.0,2025-04-21,0.0025,True
2025-04-08,control_naive_low,KAJARIACER,bear,-1.0391458880235012,780.0285393144296,740.7469216956821,740.7469216956821,858.5917745519247,867.1715381382908,target,20,0.10921770573990991,2.2184167584348997,2025-05-12,0.0025,True
2025-04-08,control_naive_low,GODREJPROP,bear,-1.0392368621498869,1984.9055873720422,1831.5581319451157,1831.5581319451157,2291.600498225895,2291.600498225895,target,15,0.15201360145542647,2.0,2025-05-05,0.0025,True
2025-04-08,control_naive_low,ELGIEQUIP,bear,-1.039547412274966,413.4642405852836,378.3699101031111,378.3699101031111,483.6529015496286,459.514892578125,time,20,0.10887759320528873,1.3121963394125604,2025-05-12,0.0025,True
2025-04-08,control_naive_low,HINDALCO,bear,-1.0400768067006092,560.691783661538,528.0983898785951,528.0983898785951,625.8785712274239,625.8785712274239,target,10,0.11376135689057282,2.0,2025-04-25,0.0025,True
2025-04-08,control_naive_low,INDIAMART,bear,-1.0450765425011237,1890.5724558502984,1786.6886827160836,1786.6886827160836,2098.340002118728,2098.340002118728,target,4,0.10739663243294467,2.0,2025-04-16,0.0025,True
2025-04-08,control_naive_low,TIMKEN,bear,-1.0464351527184828,2293.5893460214484,2112.713712673882,2112.713712673882,2655.340612716581,2655.340612716581,target,8,0.15522277078398566,2.0,2025-04-23,0.0025,True
2025-04-08,control_naive_low,HINDCOPPER,bear,-1.0474376584762706,188.00934701886393,173.8555528622969,173.8555528622969,216.31693533199802,216.31693533199802,target,6,0.14806479245307863,2.0,2025-04-21,0.0025,True
2025-04-08,trend_lowbeta,COHANCE,bear,1.2068387353945043,1080.0,921.9207627097137,1006.3091361529741,,1006.3091361529741,stop,37,-0.07073228133983872,-0.46616409030178213,2025-06-04,0.0025,False
2025-04-08,trend_lowbeta,AEGISLOG,bear,1.1997521114128404,765.8958812638521,634.2865297211661,731.4657290119762,,731.4657290119762,stop,56,-0.047454089836676594,-0.2616087067392684,2025-07-01,0.0025,False
2025-04-08,trend_lowbeta,VIJAYA,bear,1.1588081417075662,991.6243400744717,836.51618876351,893.7269001087576,,893.7269001087576,stop,23,-0.10122432130736309,-0.6311559975300635,2025-05-15,0.0025,False
2025-04-08,trend_lowbeta,ERIS,bear,1.143512543909913,1302.8089013408796,1122.2764151064823,1569.8441832975127,,1724.74462890625,time,60,0.32136616880733987,2.337173416077277,2025-07-07,0.0025,False
2025-04-08,trend_lowbeta,DOMS,bear,1.1369341538154911,2627.8439651571293,2266.6739898747364,2486.358722543381,,2486.358722543381,stop,30,-0.05634080808819569,-0.3917414300652294,2025-05-26,0.0025,False
2025-04-08,trend_lowbeta,CARTRADE,bear,1.1362440519195793,1524.4000244140625,1271.4227859409345,1460.7318905516834,,1698.5999755859375,time,60,0.1117744347821909,0.6885993072866082,2025-07-07,0.0025,False
2025-04-08,trend_lowbeta,DIVISLAB,bear,1.134762948753083,5254.309098087316,4825.194310627541,6125.032484097307,,6829.11474609375,time,60,0.29721697869462965,3.669893683526479,2025-07-07,0.0025,False
2025-04-08,trend_lowbeta,FORTIS,bear,1.1313473180697078,647.4466642620389,574.7598156039635,703.5507535642988,,804.19482421875,time,60,0.23960204269933655,2.1564858409815875,2025-07-07,0.0025,False
2025-04-08,trend_lowbeta,BLUESTARCO,bear,1.127391066045492,1954.0839158867432,1684.2610138702973,1684.2610138702973,,1684.2610138702973,stop,13,-0.1405815326418584,-1.0,2025-04-30,0.0025,False
2025-04-08,trend_lowbeta,SARDAEN,bear,1.109171877724906,438.21466272645324,355.316732760357,389.52930843285924,,423.8062438964844,time,60,-0.035379819083011965,-0.17380915103503372,2025-07-07,0.0025,False
2025-04-08,trend_lowbeta,PPLPHARMA,bear,1.0996910735195198,221.35658019457904,192.15611165883422,192.15611165883422,,192.15611165883422,stop,47,-0.13441597245528797,-1.0,2025-06-18,0.0025,False
2025-04-08,trend_lowbeta,POLYMED,bear,1.0985525299583947,2028.277339623529,1772.693388322113,2465.7216469712707,,2465.7216469712707,stop,20,0.21317282678853772,1.7115484173411706,2025-05-12,0.0025,False
2025-04-08,trend_lowbeta,GVT&D,bear,1.0894578838536086,1302.882051338524,1094.7594030899154,2143.4397024118193,,2339.31298828125,time,60,0.7929909931240071,4.979904617130756,2025-07-07,0.0025,False
2025-04-08,trend_lowbeta,BLUEJET,bear,1.0879580956177284,687.351453412787,573.8573374989227,795.2617104867729,,895.1507568359375,time,60,0.29981885361033384,1.8309257863276234,2025-07-07,0.0025,False
2025-04-17,momentum,CHAMBLFERT,bear,0.8418709408898295,654.7192984602642,620.3530176747191,620.3530176747191,723.4518600313544,620.3530176747191,stop,18,-0.054990098988018155,-1.0,2025-05-15,0.0025,True
2025-04-17,momentum,SBICARD,bear,0.750642081439714,903.136023852398,866.7695894238154,866.7695894238154,975.8688927095632,866.7695894238154,stop,5,-0.04276684072844167,-1.0,2025-04-25,0.0025,True
2025-04-17,momentum,ICICIBANK,bear,0.7204737195848668,1413.0914304704045,1343.3352557078726,1343.3352557078726,1552.6037799954681,1425.8841552734375,time,20,0.006553005720071727,0.1833920057483483,2025-05-19,0.0025,True
2025-04-17,momentum,SUNDARMFIN,bear,0.7185158908191512,5186.618727157638,4891.227131738735,4891.227131738735,5777.401917995445,4891.227131738735,stop,13,-0.05945263348975399,-1.0,2025-05-08,0.0025,True
2025-04-17,momentum,SBFC,bear,0.7181003857740451,99.19999694824219,91.94737956719047,91.94737956719047,113.70523171034563,106.05000305175781,time,20,0.06655248300652289,0.9444874510286503,2025-05-19,0.0025,True
2025-04-17,momentum,HDFCBANK,bear,0.7141389913403422,933.726706667588,897.9971466098369,897.9971466098369,1005.1858267830902,940.8607177734375,time,20,0.0051403631329238215,0.19966691709381532,2025-05-19,0.0025,True
2025-04-17,momentum,RADICO,bear,0.6571184995737425,2451.2984204140203,2329.2595824864047,2329.2595824864047,2695.3760962692513,2579.328125,time,20,0.04972934242512811,1.0490898369740094,2025-05-19,0.0025,True
2025-04-17,momentum,KOTAKBANK,bear,0.6505636070853463,437.73872860261855,421.42295086375236,421.42295086375236,470.3702840803509,419.8103531564253,stop,10,-0.04345679517191797,-1.0988367047612835,2025-05-05,0.0025,True
2025-04-17,momentum,AAVAS,bear,0.6462063086104008,2024.300048828125,1901.9696248025643,1901.9696248025643,2268.9608968792463,1901.9696248025643,stop,9,-0.06293097420087418,-1.0,2025-05-02,0.0025,True
2025-04-17,momentum,CHOLAFIN,bear,0.6456789964610947,1606.7430797479294,1497.0125926451635,1497.0125926451635,1826.2040539534612,1497.0125926451635,stop,6,-0.07079373562323404,-1.0,2025-04-28,0.0025,True
2025-04-17,momentum,GABRIEL,bear,0.6364544851757129,559.7273379852745,512.745505580262,512.745505580262,653.6910027952995,627.2026977539062,time,20,0.11805040943954553,1.4362011082699448,2025-05-19,0.0025,True
2025-04-17,momentum,UPL,bear,0.6348773325755424,644.0645108793809,614.1708745370769,614.1708745370769,703.851783563989,633.51416015625,time,20,-0.018880891269301422,-0.35292965373371354,2025-05-19,0.0025,True
2025-04-17,reversal,APTUS,bear,0.5327294685990338,317.41235346504595,268.76445490283936,268.76445490283936,439.03209987056243,324.6260986328125,time,20,0.020226730982639333,0.14828482588086006,2025-05-19,0.0025,True
2025-04-17,control_naive_low,TIINDIA,bear,-1.0368492999568832,2505.228660242924,2348.4866123225875,2348.4866123225875,2818.712756083597,2818.712756083597,target,8,0.12263192939852269,2.0,2025-04-30,0.0025,True
2025-04-17,control_naive_low,ZYDUSLIFE,bear,-1.0459748570427223,822.1842848269199,771.0834439365577,771.0834439365577,924.3859666076443,900.1206665039062,time,20,0.09229186493255942,1.52514871221396,2025-05-19,0.0025,True
2025-04-17,trend_lowbeta,CEMPRO,bear,1.1359749869204514,532.2756767039009,492.25241124001553,492.25241124001553,,492.25241124001553,stop,8,-0.07769273792807535,-1.0,2025-04-30,0.0025,False
2025-04-17,trend_lowbeta,KIMS,bear,1.118972819452403,655.0,583.7261868964526,614.74670315894,,710.2999877929688,time,60,0.0819274622793415,0.7758808654256836,2025-07-14,0.0025,False
2025-04-17,trend_lowbeta,BAJAJHLDNG,bear,1.106103789332071,11799.996397590778,10503.131565978718,12457.346497057706,,13905.5732421875,time,60,0.17593877011916897,1.6235900560117726,2025-07-14,0.0025,False
2025-04-17,trend_lowbeta,GLAXO,bear,1.1006502404145593,2798.353380776314,2502.2948737580255,2965.9438291206106,,3108.7646484375,time,60,0.10842640043019575,1.0484794738291725,2025-07-14,0.0025,False
2025-04-25,momentum,SBICARD,bear,0.762221354921344,863.0264907706279,824.1441090316737,824.1441090316737,940.7912542485363,903.3353271484375,time,20,0.04420637206259598,1.0366864007568313,2025-05-26,0.0025,True
2025-04-25,momentum,ERIS,bear,0.7364718433778807,1460.3633341343727,1352.7658482631243,1352.7658482631243,1675.5583058768696,1352.7658482631243,stop,17,-0.07617857255538846,-1.0,2025-05-21,0.0025,True
2025-04-25,momentum,SHREECEM,bear,0.6795964762716681,30315.553132709705,29192.165168146446,29192.165168146446,32562.329061836223,29192.165168146446,stop,4,-0.03955648911123283,-1.0,2025-05-02,0.0025,True
2025-04-25,momentum,NAVINFLUOR,bear,0.6747797669792555,4454.349579761973,4195.457865988561,4195.457865988561,4972.133007308796,4195.457865988561,stop,15,-0.06062110368473733,-1.0,2025-05-19,0.0025,True
2025-04-25,momentum,RAMCOCEM,bear,0.6675428625556504,970.6217774173572,922.0976626228245,922.0976626228245,1067.6700070064226,915.9156714098722,stop,7,-0.05886191900932586,-1.1274003913132455,2025-05-07,0.0025,True
2025-04-25,momentum,BAJAJFINSV,bear,0.652358624609264,2037.2682382175078,1956.4366205094343,1956.4366205094343,2198.9314736336546,1956.4366205094343,stop,3,-0.04217647273527242,-1.0,2025-04-30,0.0025,True
2025-04-25,momentum,DEEPAKFERT,bear,0.6500331533579615,1276.9827478895484,1205.383011907755,1205.383011907755,1420.1822198531352,1189.707279070316,stop,7,-0.07084506493018122,-1.2189356234696882,2025-05-07,0.0025,True
2025-04-25,momentum,SHRIRAMFIN,bear,0.6381500426257459,612.6984735030825,604.7798675527072,604.7798675527072,628.5356854038331,604.7798675527072,stop,1,-0.015424148325522911,-1.0,2025-04-28,0.0025,True
2025-04-25,momentum,BAJFINANCE,bear,0.6364450127877237,896.918026756798,862.7939297252291,862.7939297252291,965.1662208199358,862.7939297252291,stop,3,-0.04054594847419851,-1.0,2025-04-30,0.0025,True
2025-04-25,momentum,BAJAJHLDNG,bear,0.6281093113573932,11877.485954779955,11257.140829150027,11257.140829150027,13118.176206039812,11257.140829150027,stop,8,-0.05472865579397107,-1.0,2025-05-08,0.0025,True
2025-04-25,momentum,INDIGO,bear,0.6270768210665909,5245.136034552869,5062.956980507778,5062.956980507778,5609.494142643051,4963.612156317389,stop,9,-0.05617332255653856,-1.5453141949337383,2025-05-09,0.0025,True
2025-04-25,momentum,SRF,bear,0.6182059297148811,2935.134479701349,2810.9431623803257,2810.9431623803257,3183.5171143433954,2876.82958984375,time,20,-0.02236446967279387,-0.4694763781825916,2025-05-26,0.0025,True
2025-04-25,reversal,FORCEMOT,bear,0.7790821256038647,9228.314608165876,7819.170400074095,7819.170400074095,12751.175128395329,10529.2333984375,time,20,0.13847035542334857,0.9231977698246279,2025-05-26,0.0025,True
2025-04-25,reversal,AXISBANK,bear,0.6978019323671498,1164.4060709863415,1014.7741797385231,1014.7741797385231,1538.4857991058875,1213.2266845703125,time,20,0.039427481142911114,0.32627144639316813,2025-05-26,0.0025,True
2025-04-25,control_naive_low,SYNGENE,bear,-1.0387667274614725,627.1054745742055,584.9901436230922,584.9901436230922,711.336136476432,647.0602416992188,time,20,0.029320432023117463,0.4738124258877707,2025-05-26,0.0025,True
2025-04-25,trend_lowbeta,AMBER,bear,1.0980941704035874,6388.0,5613.691682077155,6747.568354908017,,7469.5,time,60,0.16680181590482163,1.3967304431149925,2025-07-21,0.0025,False
2025-04-25,trend_lowbeta,MAXHEALTH,bear,1.093733878328505,1064.8765704703515,956.1066183855459,1146.1534893725766,,1216.038818359375,time,60,0.1394528347987371,1.3897427091920165,2025-07-21,0.0025,False
2025-05-05,momentum,ASTERDM,neutral,0.7201438477942709,529.295510255758,496.44483090090955,496.44483090090955,594.996868965455,594.996868965455,target,8,0.12162982433565278,2.0,2025-05-15,0.0025,True
2025-05-05,momentum,CARTRADE,neutral,0.7122668579626973,1820.0999755859375,1669.8846889772772,1669.8846889772772,2120.530548803258,1669.8846889772772,stop,2,-0.08503133818119096,-1.0,2025-05-07,0.0025,True
2025-05-05,momentum,COROMANDEL,neutral,0.7059301769488283,2219.7080875763036,2077.0906756279005,2077.0906756279005,2504.9429114731097,2263.624267578125,time,20,0.017284664590636992,0.30793000238785484,2025-06-02,0.0025,True
2025-05-05,momentum,ANURAS,neutral,0.6788617886178862,875.0289083575965,823.5133050785453,823.5133050785453,978.0601149156989,978.4614351649292,target,15,0.11570469680421475,2.0077902659327576,2025-05-26,0.0025,True
2025-05-05,momentum,DOMS,neutral,0.6626972740315638,2767.043906442459,2574.2936447194393,2574.2936447194393,3152.5444298884986,2574.2936447194393,stop,11,-0.07215927113561255,-1.0,2025-05-20,0.0025,True
2025-05-05,momentum,JUBLFOOD,neutral,0.6465327594452416,721.6857728046772,686.3095287125244,686.3095287125244,792.4382609889827,686.3095287125244,stop,3,-0.05151890188948932,-1.0,2025-05-08,0.0025,True
2025-05-05,momentum,CHOLAHLDNG,neutral,0.6213534194165471,1852.4599187574956,1716.2632216955508,1716.2632216955508,2124.853312881385,1716.2632216955508,stop,4,-0.07602207498950714,-1.0,2025-05-09,0.0025,True
2025-05-05,reversal,GLAXO,neutral,0.8148780487804878,2783.1439365779647,2480.8592534091717,2480.8592534091717,3538.855644499947,3189.899658203125,time,20,0.14364972523673697,1.3456048032643178,2025-06-02,0.0025,True
2025-05-05,reversal,JYOTICNC,neutral,0.7747560975609755,1176.5999755859375,925.2495267025745,925.2495267025745,1804.9760977943452,1312.9000244140625,time,20,0.11334230125472228,0.54227095847111,2025-06-02,0.0025,True
2025-05-05,reversal,GMRAIRPORT,neutral,0.7149390243902439,88.08000183105469,82.56563052443285,82.56563052443285,101.8659300976093,82.19999694824219,stop,4,-0.0692575472363281,-1.0663055778909185,2025-05-09,0.0025,True
2025-05-05,reversal,LODHA,neutral,0.5158536585365854,1316.122677466878,1058.2767648764582,1058.2767648764582,1960.7374589429278,1424.185791015625,time,20,0.0796071738971435,0.4190995795244652,2025-06-02,0.0025,True
2025-05-05,control_naive_low,RKFORGE,neutral,-1.0238297382831056,602.722414929035,546.1569624972474,546.1569624972474,715.8533197926104,603.2706298828125,time,20,-0.001590435430641799,0.009691692193897915,2025-06-02,0.0025,True
2025-05-05,control_naive_low,AIAENG,neutral,-1.0477008603922902,3156.5637091741537,3008.3309897597524,3008.3309897597524,3453.0291480029564,3453.0291480029564,target,18,0.09142030896356163,2.0,2025-05-29,0.0025,True
2025-05-05,trend_lowbeta,CHOLAHLDNG,neutral,1.0967931908084805,1852.4599187574956,1623.6680322530012,1838.7178623417017,,1898.691650390625,time,60,0.02245694031757423,0.20206892971364687,2025-07-28,0.0025,False
2025-05-05,trend_lowbeta,COFORGE,neutral,1.090022519519386,1551.7834052423825,1336.2727063073735,1728.8194353146978,,1728.8194353146978,stop,58,0.11158552860807464,0.8214721169165877,2025-07-24,0.0025,False
2025-05-12,momentum,MANAPPURAM,neutral,0.7074605451936872,227.68242781028619,220.07368400685772,220.07368400685772,242.89991541714312,242.89991541714312,target,19,0.06433646056136028,2.0,2025-06-06,0.0025,True
2025-05-12,momentum,BHARTIHEXA,neutral,0.6750764565844917,1728.3568673489265,1626.2344213476244,1626.2344213476244,1932.6017593515305,1626.2344213476244,stop,4,-0.0615864351746665,-1.0,2025-05-16,0.0025,True
2025-05-12,momentum,REDINGTON,neutral,0.6661406025824965,249.92686197286216,232.54226080080568,232.54226080080568,284.69606431697514,287.1718244888319,target,6,0.1465234471875771,2.142411099763176,2025-05-20,0.0025,True
2025-05-12,momentum,SOLARINDS,neutral,0.6555475848876137,13285.193472320574,12634.632343214724,12634.632343214724,14586.315730532275,14586.315730532275,target,8,0.09543777267320669,2.0,2025-05-22,0.0025,True
2025-05-12,momentum,APLAPOLLO,neutral,0.6549190406913885,1712.403684144495,1622.3449667172151,1622.3449667172151,1892.5211189990546,1892.5211189990546,target,18,0.10268397999391427,2.0,2025-06-05,0.0025,True
2025-05-12,momentum,JKCEMENT,neutral,0.6548302247728359,5119.574812346814,4867.044204654669,4867.044204654669,5624.636027731104,5624.636027731104,target,18,0.09615296121198197,2.0,2025-06-05,0.0025,True
2025-05-12,momentum,NH,neutral,0.6546389287422286,1781.8449258645628,1677.9174845529342,1677.9174845529342,1989.69980848782,1783.3380126953125,time,20,-0.0016620556822444766,0.014366627446091327,2025-06-09,0.0025,True
2025-05-12,momentum,RAMCOCEM,neutral,0.6414634146341462,955.7381341275942,909.6451049952201,909.6451049952201,1047.9241923923423,1034.5367431640625,time,20,0.07994790724856488,1.7095558812194214,2025-06-09,0.0025,True
2025-05-12,momentum,MAZDOCK,neutral,0.6267336202773793,2892.4445731173487,2631.0730465631473,2631.0730465631473,3415.1876262257515,3415.1876262257515,target,4,0.17822707700843282,2.0,2025-05-16,0.0025,True
2025-05-12,momentum,MFSL,neutral,0.6146580583452893,1293.0,1245.2158362544933,1245.2158362544933,1388.5683274910134,1388.5683274910134,target,5,0.07141208622661516,2.0,2025-05-19,0.0025,True
2025-05-12,momentum,LLOYDSME,neutral,0.6136776661884266,1264.7982792421506,1173.4361606008113,1173.4361606008113,1447.5225165248291,1447.5225165248291,target,16,0.1419690748568731,2.0,2025-06-03,0.0025,True
2025-05-12,momentum,DEEPAKFERT,neutral,0.6127450980392156,1283.9845554770209,1198.6919749844237,1198.6919749844237,1454.5697164622152,1454.5697164622152,target,13,0.13035608480066124,2.0,2025-05-29,0.0025,True
2025-05-12,reversal,GMRAIRPORT,neutral,0.662560975609756,88.05999755859375,79.03028740686814,79.03028740686814,110.63427293790778,86.37000274658203,time,20,-0.02169140198575664,-0.1871593643223149,2025-06-09,0.0025,True
2025-05-12,reversal,SYRMA,neutral,0.6289024390243904,543.4371621248971,430.960159942014,430.960159942014,824.6296675821048,545.9299926757812,time,20,0.0020871551020488787,0.022163024462822256,2025-06-09,0.0025,True
2025-05-12,reversal,ANGELONE,neutral,0.6230487804878049,241.19623461952858,213.7817103941009,213.7817103941009,309.7325451830977,309.7325451830977,target,15,0.28165166045888207,2.499999999999999,2025-06-02,0.0025,True
2025-05-12,reversal,SAIL,neutral,0.4610975609756098,116.77640348776738,102.68600268772141,102.68600268772141,152.0024054878823,132.17343139648438,time,20,0.12935050617122207,1.0927317204963225,2025-06-09,0.0025,True
2025-05-12,control_naive_low,ACC,neutral,-1.0451798339710159,1844.241350238705,1766.1564875950762,1766.1564875950762,2000.4110755259628,1887.0201416015625,time,20,0.02069587474671936,0.5478499918491928,2025-06-09,0.0025,True
2025-05-12,trend_lowbeta,ASTERDM,neutral,1.1289983258515193,544.7022733571823,499.7870208258022,582.2131572811231,,582.2131572811231,stop,50,0.06636492999698479,0.8351480134222501,2025-07-21,0.0025,False
2025-05-12,trend_lowbeta,NH,neutral,1.1119679393158215,1781.8449258645628,1614.6715562861402,2031.5281670818463,,2031.5281670818463,stop,37,0.13762624644994598,1.4935587040384128,2025-07-02,0.0025,False
2025-05-12,trend_lowbeta,MARICO,neutral,1.1074047735454908,727.3955430577205,681.3187842749438,681.3187842749438,,681.3187842749438,stop,23,-0.06584484617418168,-1.0,2025-06-12,0.0025,False
2025-05-12,trend_lowbeta,CEMPRO,neutral,1.1068158584825991,543.319132440909,488.03241707438576,856.1703961111714,,856.1703961111714,stop,41,0.5733149216368483,5.658705922321756,2025-07-08,0.0025,False
2025-05-12,trend_lowbeta,PARADEEP,neutral,1.0944486421618738,145.49146751652748,124.6816851930889,196.5200453054807,,225.36392211914062,time,60,0.5464837718046238,3.8382167271711816,2025-08-04,0.0025,False
2025-05-19,momentum,MFSL,neutral,0.7456734498776411,1396.5999755859375,1339.4379848480182,1339.4379848480182,1510.923957061776,1510.923957061776,target,9,0.07935878810994129,2.0,2025-05-30,0.0025,True
2025-05-19,momentum,GODFRYPHLP,neutral,0.7205533689726851,2760.8915012311927,2543.616074729708,2543.616074729708,3195.442354234162,2692.982177734375,time,20,-0.027096882371702876,-0.31254948886892964,2025-06-16,0.0025,True
2025-05-19,momentum,SHYAMMETL,neutral,0.7027752864612128,907.1822547966336,850.2289126980276,850.2289126980276,1021.0889389938458,850.2289126980276,stop,6,-0.06528048517535595,-1.0,2025-05-27,0.0025,True
2025-05-19,momentum,DALBHARAT,neutral,0.6911005715271857,2059.9972781618862,1971.0062450713367,1971.0062450713367,2237.9793443429853,2080.547607421875,time,20,0.0074759011712508,0.2309258421472479,2025-06-16,0.0025,True
2025-05-19,momentum,HDFCLIFE,neutral,0.6875396548333468,743.8355235098313,722.0101871281702,722.0101871281702,787.4861962731536,765.6968994140625,time,20,0.026890067042075475,1.0016512699708178,2025-06-16,0.0025,True
2025-05-19,momentum,INDIANB,neutral,0.6821013573349799,589.0688121794093,557.2329389940254,557.2329389940254,652.7405585501771,619.5029296875,time,20,0.04916479175071581,0.9559693032721107,2025-06-16,0.0025,True
2025-05-19,momentum,SBFC,neutral,0.6668730650154798,106.58999633789062,98.77007068988695,98.77007068988695,122.22984763389798,108.55999755859375,time,20,0.015982046049220325,0.2519207099118699,2025-06-16,0.0025,True
2025-05-19,momentum,BAJAJFINSV,neutral,0.6452716014635519,2044.2587078518468,1953.6236830107975,1953.6236830107975,2225.5287575339453,1953.6236830107975,stop,12,-0.04683637704118698,-1.0,2025-06-04,0.0025,True
2025-05-19,momentum,PNBHOUSING,neutral,0.6448025143071583,1045.4718821026988,985.4461651308214,985.4461651308214,1165.5233160464536,1049.51953125,time,20,0.0013716001994816284,0.06743191670992507,2025-06-16,0.0025,True
2025-05-19,momentum,GABRIEL,neutral,0.6393611032929919,635.6992268163018,586.2317112506865,586.2317112506865,734.6342579475323,605.3900146484375,time,20,-0.050178541815534994,-0.6127094078064466,2025-06-16,0.0025,True
2025-05-19,momentum,CHOLAHLDNG,neutral,0.636687306501548,1887.2086051221272,1761.296883203639,1761.296883203639,2139.0320489591036,1992.9522705078125,time,20,0.05353178424403299,0.8398238366888577,2025-06-16,0.0025,True
2025-05-19,momentum,HOMEFIRST,neutral,0.6354911342527443,1203.2355611816422,1119.2584907757664,1119.2584907757664,1371.1897019933938,1271.856201171875,time,20,0.05453009635357148,0.8171354354060854,2025-06-16,0.0025,True
2025-05-19,momentum,GODREJIND,neutral,0.6271085467679894,1159.0,1088.1258221435057,1088.1258221435057,1300.7483557129885,1300.7483557129885,target,14,0.11980229138307891,2.0,2025-06-06,0.0025,True
2025-05-19,reversal,CCL,neutral,0.6327272727272728,761.3529804766121,558.5293517691647,558.5293517691647,1268.4120522452304,801.0026245117188,time,20,0.04957787327539681,0.19548828845921745,2025-06-16,0.0025,True
2025-05-19,reversal,SOBHA,neutral,0.4580143540669857,1366.6884450315276,1164.4554359742608,1164.4554359742608,1872.2709676746947,1576.11474609375,time,20,0.1507363149945204,1.035569326879365,2025-06-16,0.0025,True
2025-05-19,reversal,COALINDIA,neutral,0.3912200956937799,369.19660865285874,332.88509930259744,332.88509930259744,459.975382028512,359.0448303222656,time,20,-0.0299969436139606,-0.27957467239020356,2025-06-16,0.0025,True
2025-05-19,trend_lowbeta,RADICO,neutral,1.101256352134169,2599.2549185957478,2382.5321328473033,2605.194107079975,,2605.194107079975,stop,57,-0.00021504193692717171,0.027404541076363108,2025-08-06,0.0025,False
2025-05-19,trend_lowbeta,TARIL,neutral,1.097178393113768,532.0,463.8435687949128,467.0510036370967,,526.1500244140625,time,60,-0.013496194710408803,-0.08583160066486666,2025-08-11,0.0025,False
2025-05-26,momentum,POWERINDIA,neutral,0.7565201122428619,16421.314487441843,15223.53222506138,15223.53222506138,18816.879012202768,18816.879012202768,target,3,0.14338141080867345,2.0,2025-05-29,0.0025,True
2025-05-26,momentum,ANURAS,neutral,0.7226556676076661,994.3510488990939,936.5592650461044,936.5592650461044,1109.934616605073,1109.934616605073,target,12,0.1137402029282803,2.0,2025-06-11,0.0025,True
2025-05-26,momentum,SBILIFE,neutral,0.6980319384948575,1799.0990396865345,1743.9728084476003,1743.9728084476003,1909.351502164403,1717.6123402295552,stop,14,-0.04779305928103722,-1.478183754368961,2025-06-13,0.0025,True
2025-05-26,momentum,ICICIBANK,neutral,0.6731427285015487,1429.3282240162364,1401.2968388904192,1401.2968388904192,1485.3909942678708,1401.2968388904192,stop,11,-0.022111580219868972,-1.0,2025-06-10,0.0025,True
2025-05-26,momentum,EIDPARRY,neutral,0.6627436752763258,987.0999755859375,943.4040223146326,943.4040223146326,1074.4918821285473,943.4040223146326,stop,5,-0.04676699863442629,-1.0,2025-06-02,0.0025,True
2025-05-26,momentum,CEATLTD,neutral,0.6530406365444729,3687.223070949023,3470.6600593622675,3470.6600593622675,4120.349094122535,3470.6600593622675,stop,18,-0.061233363135259455,-1.0,2025-06-19,0.0025,True
2025-05-26,momentum,FORCEMOT,neutral,0.6483754854598844,10596.39334513955,9772.30419072245,9772.30419072245,12244.571653973748,12244.571653973748,target,3,0.15304144274855552,2.0,2025-05-29,0.0025,True
2025-05-26,momentum,INDIGO,neutral,0.6470446149474283,5261.109032968794,5149.453826221128,5149.453826221128,5484.419446464126,5484.419446464126,target,8,0.039945501907669045,2.0,2025-06-05,0.0025,True
2025-05-26,momentum,SUNDARMFIN,neutral,0.6450412048877522,5315.024730821123,5011.0066193933235,5011.0066193933235,5923.0609536767215,5011.0066193933235,stop,2,-0.05969975481296236,-1.0,2025-05-28,0.0025,True
2025-05-26,momentum,BHARTIHEXA,neutral,0.6283034953111679,1660.4818283037932,1575.3866481736113,1575.3866481736113,1830.672188564157,1830.672188564157,target,5,0.09999456354136432,2.0,2025-06-02,0.0025,True
2025-05-26,momentum,CUB,neutral,0.6181633039689305,144.34254706539215,138.30015166846346,138.30015166846346,156.42733785924955,138.30015166846346,stop,20,-0.04436149905052794,-1.0,2025-06-23,0.0025,True
2025-05-26,reversal,DATAPATTNS,neutral,0.8072705314009663,2817.38680063252,2024.496942164684,2024.496942164684,4799.611446802111,3008.09765625,time,20,0.06519068967550495,0.2405262894722926,2025-06-23,0.0025,True
2025-05-26,reversal,BHEL,neutral,0.7427777777777779,260.5999629802471,206.4152738928311,206.4152738928311,396.0616856987871,252.4534454345703,time,20,-0.033760624339744305,-0.15034722322636235,2025-06-23,0.0025,True
2025-05-26,reversal,SCHAEFFLER,neutral,0.695,3976.2834344773914,3406.1998804457858,3406.1998804457858,5401.492319556406,3868.371337890625,time,20,-0.029638934727611862,-0.1892917201761336,2025-06-23,0.0025,True
2025-05-26,reversal,CRAFTSMAN,neutral,0.6689130434782609,5483.680810655236,4296.467865428445,4296.467865428445,8451.713173722213,5260.14208984375,time,20,-0.04326435673957035,-0.18828864839305137,2025-06-23,0.0025,True
2025-05-26,reversal,RITES,neutral,0.6462560386473429,266.971707102221,198.31980233149744,198.31980233149744,438.6014690290299,265.23779296875,time,20,-0.008994748646930893,-0.02525660634270432,2025-06-23,0.0025,True
2025-05-26,control_naive_low,ABFRL,neutral,-1.00638054606995,87.80000305175781,56.38835444715113,56.38835444715113,150.62330026097118,74.66999816894531,time,20,-0.15204446954941914,-0.41799795509258675,2025-06-23,0.0025,True
2025-05-26,trend_lowbeta,NEULANDLAB,neutral,1.1775864606328184,11317.694159075574,10002.406965456772,11788.500220389482,,11788.500220389482,stop,23,0.03909911504026392,0.3579492475849022,2025-06-26,0.0025,False
2025-05-26,trend_lowbeta,COROMANDEL,neutral,1.1332303164091244,2378.9172202741806,2154.3087400807926,2169.051523222485,,2169.051523222485,stop,31,-0.09071899949402523,-0.934362304001173,2025-07-08,0.0025,False
2025-05-26,trend_lowbeta,HOMEFIRST,neutral,1.1152023546725534,1165.9258944724984,1049.7665875478028,1304.4210253012989,,1304.4210253012989,stop,26,0.11628553472856867,1.192286132686595,2025-07-01,0.0025,False
2025-05-26,trend_lowbeta,DOMS,neutral,1.0977336276674023,2497.818051062017,2207.5006018647214,2207.5006018647214,,2465.112060546875,time,60,-0.015593824228404439,-0.11265595852254583,2025-08-19,0.0025,False
2025-05-26,trend_lowbeta,POLYMED,neutral,1.086026490066225,2401.8551080145753,2169.5150291721516,2169.5150291721516,,2169.5150291721516,stop,16,-0.09923359482307864,-1.0,2025-06-17,0.0025,False
2025-06-02,momentum,AUBANK,neutral,0.7942838568587848,723.404479140818,690.6701344231528,690.6701344231528,788.8731685761484,788.8731685761484,target,12,0.08800080739489896,2.0,2025-06-18,0.0025,True
2025-06-02,momentum,BHARTIHEXA,neutral,0.7545722320726582,1812.0695821312354,1724.132013008348,1724.132013008348,1987.9447203770103,1724.132013008348,stop,9,-0.05102880374464497,-1.0,2025-06-13,0.0025,True
2025-06-02,momentum,MAZDOCK,neutral,0.7438822732405606,3367.921725831208,3103.6986249780753,3103.6986249780753,3896.367927537473,3103.6986249780753,stop,9,-0.08095286273329944,-1.0,2025-06-13,0.0025,True
2025-06-02,momentum,MCX,neutral,0.7082509528086195,1341.4771132854219,1270.853118075702,1270.853118075702,1482.7251037048616,1482.7251037048616,target,4,0.10279288127287395,2.0,2025-06-06,0.0025,True
2025-06-02,momentum,CHOICEIN,neutral,0.7078056998455707,704.7000122070312,678.7996876786879,678.7996876786879,756.500661263718,701.0,time,20,-0.007750478420517291,-0.14285582418020407,2025-06-30,0.0025,True
2025-06-02,momentum,DEEPAKFERT,neutral,0.6470595853371597,1462.480022468991,1374.3071478144388,1374.3071478144388,1638.825771778095,1638.825771778095,target,20,0.11807993722977045,2.0,2025-06-30,0.0025,True
2025-06-02,momentum,PAYTM,neutral,0.6400735015730405,927.1500244140625,877.1403514781165,877.1403514781165,1027.1693702859545,877.1403514781165,stop,8,-0.05643913780841564,-1.0,2025-06-12,0.0025,True
2025-06-02,reversal,POONAWALLA,neutral,0.7395226730310263,409.0,373.5914873974681,373.5914873974681,497.5212815063298,466.04998779296875,time,20,0.136986522721195,1.6111941338334936,2025-06-30,0.0025,True
2025-06-02,reversal,ANGELONE,neutral,0.7256801909307876,310.84945821319525,232.8002328986947,232.8002328986947,505.9725214994466,286.7447204589844,time,20,-0.08004473143613683,-0.3088401922899358,2025-06-30,0.0025,True
2025-06-02,reversal,NETWEB,neutral,0.7059546539379474,1956.9076121295036,1638.1731335025906,1638.1731335025906,2753.743808696786,1841.81884765625,time,20,-0.061311547239071895,-0.3610803731339276,2025-06-30,0.0025,True
2025-06-02,reversal,KIRLOSENG,neutral,0.6587231503579952,879.0291549771247,675.5692438297914,675.5692438297914,1387.678932845458,844.068359375,time,20,-0.042272054663004266,-0.17183137161997578,2025-06-30,0.0025,True
2025-06-02,reversal,LODHA,neutral,0.5692362768496421,1449.1155773653318,1216.648387529672,1216.648387529672,2030.2835519544815,1374.8223876953125,time,20,-0.053767953247106315,-0.3195857003413688,2025-06-30,0.0025,True
2025-06-02,control_naive_low,CGCL,neutral,-1.006755313999486,152.67479953785565,142.8985006068542,142.8985006068542,172.22739739985852,172.22739739985852,target,5,0.12556696272854645,2.0,2025-06-09,0.0025,True
2025-06-02,control_naive_low,BLUESTARCO,neutral,-1.0466676696207633,1542.9846829913304,1445.5162504401771,1445.5162504401771,1737.9215480936368,1619.836669921875,time,20,0.047307355690371755,0.7884807923858967,2025-06-30,0.0025,True
2025-06-02,trend_lowbeta,UNITDSPR,neutral,1.0860666946677475,1550.5687864598704,1430.7235605103751,1454.1961878395252,,1438.6215463219921,stop,9,-0.07469753236066806,-0.934098452824935,2025-06-13,0.0025,False
2025-06-09,momentum,BEL,bull,0.7562001965345863,393.3713593446415,376.6519383567979,376.6519383567979,426.8102013203287,376.6519383567979,stop,4,-0.045002893488987616,-1.0,2025-06-13,0.0025,True
2025-06-09,momentum,ABCAPITAL,bull,0.7228084813586537,241.75,230.3531391514896,230.3531391514896,264.5437216970208,264.5437216970208,target,10,0.09178633587185442,2.0,2025-06-23,0.0025,True
2025-06-09,momentum,APLAPOLLO,bull,0.7138769871352009,1874.1141650568381,1807.8040733032328,1807.8040733032328,2006.7343485640488,1801.746389734138,stop,4,-0.04111439002597023,-1.0913538710156523,2025-06-13,0.0025,True
2025-06-09,momentum,POONAWALLA,bull,0.7115281903011671,432.0,414.19260880649506,414.19260880649506,467.6147823870099,409.20001220703125,stop,4,-0.05527774952076098,-1.2803665368616604,2025-06-13,0.0025,True
2025-06-09,momentum,LODHA,bull,0.6669950659246092,1504.7363634011679,1430.230302839126,1430.230302839126,1653.7484845252518,1423.4904383124638,stop,4,-0.05649346162211649,-1.0904606212678467,2025-06-13,0.0025,True
2025-06-09,momentum,IEX,bull,0.6576657460588166,205.14945399650526,194.6498131832779,194.6498131832779,226.14873562295998,194.6498131832779,stop,2,-0.05368044727238813,-1.0,2025-06-11,0.0025,True
2025-06-09,momentum,JKCEMENT,bull,0.6515369745478362,5746.228191416751,5483.358077809452,5483.358077809452,6271.968418631348,6271.968418631348,target,14,0.08899309942126993,2.0,2025-06-27,0.0025,True
2025-06-09,momentum,ELECON,bull,0.6499557542732057,689.642801338066,642.8135215636387,642.8135215636387,783.3013608869205,642.8135215636387,stop,4,-0.07040367373307993,-1.0,2025-06-13,0.0025,True
2025-06-09,momentum,MFSL,bull,0.6447347585114805,1521.0,1473.3010362170971,1473.3010362170971,1616.3979275658057,1616.3979275658057,target,10,0.06022053094398799,2.0,2025-06-23,0.0025,True
2025-06-09,momentum,HAL,bull,0.6422709701457779,4971.616930992749,4744.3632329379325,4744.3632329379325,5426.124327102382,4744.3632329379325,stop,12,-0.048210218870269606,-1.0,2025-06-25,0.0025,True
2025-06-09,momentum,REDINGTON,bull,0.6379535186996413,275.14928266176753,257.7413941187683,257.7413941187683,309.96505974776596,309.96505974776596,target,14,0.12403413721160378,2.0,2025-06-27,0.0025,True
2025-06-09,momentum,INDIGO,bull,0.6330476776114072,5695.3753717704885,5476.451918447181,5476.451918447181,6133.222278417104,5476.451918447181,stop,3,-0.04093881026848839,-1.0,2025-06-12,0.0025,True
2025-06-09,momentum,LLOYDSME,bull,0.6325507056401364,1499.203999614022,1407.2776591939512,1407.2776591939512,1683.0566804541636,1527.786865234375,time,20,0.016565361103433488,0.31093226913787103,2025-07-07,0.0025,True
2025-06-09,reversal,HBLENGINE,bull,0.8177434679334916,602.2474882655737,528.9847185814921,528.9847185814921,785.4044124757777,633.5363159179688,time,20,0.049453438182871456,0.42707677838711916,2025-07-07,0.0025,True
2025-06-09,reversal,DELHIVERY,bull,0.8136579572446556,373.0,335.1614967771926,335.1614967771926,467.5962580570185,396.1000061035156,time,20,0.0594303112694789,0.6104894257443025,2025-07-07,0.0025,True
2025-06-09,reversal,JBMA,bull,0.7444655581947744,737.2432717414391,687.4143342647907,687.4143342647907,861.8156154330602,687.4143342647907,stop,4,-0.07008818884701068,-1.0,2025-06-13,0.0025,True
2025-06-09,reversal,MMTC,bull,0.7021971496437056,73.79000091552734,58.17881470289892,58.17881470289892,112.8179664470984,69.66000366210938,time,20,-0.058469605667112956,-0.26455371149676454,2025-07-07,0.0025,True
2025-06-09,reversal,INDIAMART,bull,0.6106769596199525,2423.9996784293066,2154.0241307989754,2154.0241307989754,3098.938547505135,2467.1533203125,time,20,0.015302659904293305,0.1598427793256382,2025-07-07,0.0025,True
2025-06-09,reversal,SYRMA,bull,0.6090736342042755,546.4285557988607,507.5974724877379,507.5974724877379,643.5062640766675,507.5974724877379,stop,8,-0.07356342247131104,-1.0,2025-06-19,0.0025,True
2025-06-09,reversal,LINDEINDIA,bull,0.5975771971496437,7497.317731264561,6756.531276683278,6756.531276683278,9349.28386771777,6756.531276683278,stop,8,-0.10130686415251283,-1.0,2025-06-19,0.0025,True
2025-06-09,reversal,GODREJPROP,bull,0.5573396674584323,2470.0605756792233,2091.0639153160337,2091.0639153160337,3417.5522265871978,2287.940673828125,time,20,-0.07623094556639304,-0.4805316798215958,2025-07-07,0.0025,True
2025-06-09,reversal,RVNL,bull,0.5520190023752969,429.1039912202706,382.0688194985266,382.0688194985266,546.6919205246306,382.0688194985266,stop,8,-0.1121125244325672,-1.0,2025-06-19,0.0025,True
2025-06-09,reversal,BOSCHLTD,bull,0.5419714964370547,31061.24221164705,30095.668009539844,30095.668009539844,33475.177716915074,33475.177716915074,target,18,0.07521535628935244,2.5000000000000036,2025-07-03,0.0025,True
2025-06-09,reversal,AIAENG,bull,0.47967933491686465,3493.527979498742,3128.0560542465405,3128.0560542465405,4407.207792629245,3323.063720703125,time,20,-0.05129430186217526,-0.4664223077545136,2025-07-07,0.0025,True
2025-06-09,reversal,IRCTC,bull,0.29862232779097386,780.9637226955635,730.35623966081,730.35623966081,907.4824302824472,773.3715209960938,time,20,-0.012221580502183414,-0.15002132578409463,2025-07-07,0.0025,True
2025-06-09,trend_lowbeta,COHANCE,bull,1.2085183109573354,1028.0,925.1495490791426,954.4093687107996,,954.4093687107996,stop,39,-0.07408621720739333,-0.7155110223661321,2025-08-01,0.0025,False
2025-06-09,trend_lowbeta,KPRMILL,bull,1.1945871201968763,1111.8154739462045,1002.4054588756261,1085.4541170352516,,1085.4541170352516,stop,39,-0.026210190700429566,-0.24094098601437655,2025-08-01,0.0025,False
2025-06-09,trend_lowbeta,DEEPAKFERT,bull,1.1109305328817525,1523.3262730760705,1362.722922034728,1512.6170713173692,,1512.6170713173692,stop,34,-0.009530143146599888,-0.06668106044651911,2025-07-25,0.0025,False
2025-06-09,trend_lowbeta,CEATLTD,bull,1.1082064277186228,3714.6809139818,3426.8644834667334,3426.8644834667334,,3426.8644834667334,stop,10,-0.07998079503457373,-1.0,2025-06-23,0.0025,False
2025-06-09,trend_lowbeta,FSL,bull,1.083695572719963,368.5561172440144,334.45997321344873,335.4815540515626,,335.4815540515626,stop,34,-0.0922409150057702,-0.9700382296250835,2025-07-25,0.0025,False
2025-06-16,momentum,BEL,bull,0.7956247201546581,402.59795623517454,386.6743380847451,386.6743380847451,434.4451925360334,404.08612060546875,time,20,0.0011964031914381578,0.09345642153910108,2025-07-14,0.0025,True
2025-06-16,momentum,BDL,bull,0.7231784360522252,1883.4308455447763,1754.9371625847023,1754.9371625847023,2140.4182114649243,1816.8946533203125,time,20,-0.037827122512543554,-0.5178168349734215,2025-07-14,0.0025,True
2025-06-16,momentum,NH,bull,0.7101194971076306,1931.061955426851,1838.0719030451216,1838.0719030451216,2117.0420601903097,2117.0420601903097,target,8,0.09380975549013332,2.0,2025-06-26,0.0025,True
2025-06-16,momentum,PARADEEP,bull,0.6980251766577753,169.5527429515383,158.37378723820314,158.37378723820314,191.91065437820865,158.37378723820314,stop,8,-0.06843202515473518,-1.0,2025-06-26,0.0025,True
2025-06-16,momentum,SBFC,bull,0.6822687070054753,108.0,102.61856875033479,102.61856875033479,118.76286249933042,102.61856875033479,stop,4,-0.052328067126529765,-1.0,2025-06-20,0.0025,True
2025-06-16,momentum,BSE,bull,0.6702185408769713,2711.855556233622,2532.6922470397026,2532.6922470397026,3070.1821746214605,2518.3653587885387,stop,2,-0.07384974316766829,-1.079965525952956,2025-06-18,0.0025,True
2025-06-16,momentum,NBCC,bull,0.6671814310449719,121.16882150923195,114.17730197997484,114.17730197997484,135.15186056774616,114.17730197997484,stop,3,-0.060200648088950925,-1.0,2025-06-19,0.0025,True
2025-06-16,momentum,KARURVYSYA,bull,0.6619165364021361,204.67247730918797,194.057694402692,194.057694402692,225.90204312217992,225.90204312217992,target,11,0.10122457543923485,2.0,2025-07-01,0.0025,True
2025-06-16,momentum,HOMEFIRST,bull,0.6582151715101315,1271.8562664329975,1197.2618599148439,1197.2618599148439,1421.0450794693047,1421.0450794693047,target,9,0.11480005738362004,2.0,2025-06-27,0.0025,True
2025-06-16,momentum,PNBHOUSING,bull,0.6441293462492395,1050.4080788188674,1002.9857639384466,1002.9857639384466,1145.252708579709,1074.2001953125,time,20,0.020150355584075134,0.5017071931985267,2025-07-14,0.0025,True
2025-06-16,momentum,POWERINDIA,bull,0.6392718423885067,17665.658065126783,16364.935937994598,16364.935937994598,20267.102319391153,20267.102319391153,target,10,0.1447599687299394,2.0,2025-06-30,0.0025,True
2025-06-16,momentum,APLAPOLLO,bull,0.6362066544995086,1847.4105187135972,1775.5709652491976,1775.5709652491976,1991.0896256423964,1775.5709652491976,stop,2,-0.041386621428584014,-1.0,2025-06-18,0.0025,True
2025-06-16,momentum,ELECON,bull,0.6265665215967055,666.932966670873,628.3725350154964,628.3725350154964,744.0538299816263,628.3725350154964,stop,3,-0.06031755226144936,-1.0,2025-06-19,0.0025,True
2025-06-16,momentum,DALBHARAT,bull,0.6228789367775749,2084.8166849634003,2006.894886255638,2006.894886255638,2240.660282378925,2148.75537109375,time,20,0.02816873293537187,0.8205494122401505,2025-07-14,0.0025,True
2025-06-16,momentum,UNIONBANK,bull,0.6215031119846506,138.20930343226692,131.79225549791647,131.79225549791647,151.04339930096782,131.79225549791647,stop,3,-0.04892992747225072,-1.0,2025-06-19,0.0025,True
2025-06-16,momentum,HDFCLIFE,bull,0.6204033880855444,769.0258885609201,741.9802472390336,741.9802472390336,823.117171204693,762.0339965820312,time,20,-0.011591881148465264,-0.2585219516769484,2025-07-14,0.0025,True
2025-06-16,reversal,FACT,bull,0.8365990453460621,1042.6387001655119,849.0032202780891,849.0032202780891,1526.7273998840687,903.8934326171875,time,20,-0.13557128109315292,-0.7165281260902656,2025-07-14,0.0025,True
2025-06-16,reversal,AUBANK,bull,0.8335680190930788,779.7302693109347,678.8382070792522,678.8382070792522,1031.9604248901408,804.1690673828125,time,20,0.0288426309504119,0.24222716367674263,2025-07-14,0.0025,True
2025-06-16,reversal,GVT&D,bull,0.7802147971360383,2307.2511035554307,2019.3512919378231,2019.3512919378231,3027.00063259945,2276.38427734375,time,20,-0.015878182445818564,-0.10721377703670913,2025-07-14,0.0025,True
2025-06-16,reversal,CRISIL,bull,0.776527446300716,5344.560107374516,4937.399207891758,4937.399207891758,6362.462356081409,5894.35986328125,time,20,0.10037090889821049,1.3503255263586955,2025-07-14,0.0025,True
2025-06-16,reversal,JBMA,bull,0.7575894988066825,715.0536572773798,667.3800350176718,667.3800350176718,834.2377129266497,667.3800350176718,stop,4,-0.0691713914047078,-1.0,2025-06-20,0.0025,True
2025-06-16,reversal,PRESTIGE,bull,0.7341408114558472,1705.8865350398064,1377.00465825287,1377.00465825287,2528.091227007147,1722.1473388671875,time,20,0.007032171978250403,0.04944268740571417,2025-07-14,0.0025,True
2025-06-16,reversal,SOBHA,bull,0.6418973747016707,1577.40697284669,1300.6552336891814,1300.6552336891814,2269.2863207404616,1538.5933837890625,time,20,-0.027105944899293796,-0.14024695626406666,2025-07-14,0.0025,True
2025-06-16,reversal,OFSS,bull,0.5221957040572792,9285.879703955818,7783.095189133329,7783.095189133329,13042.840991012039,8360.642578125,time,20,-0.10213914624444936,-0.6156818337591854,2025-07-14,0.0025,True
2025-06-16,reversal,FIVESTAR,bull,0.4489618138424821,753.3451066491481,654.7061111086947,654.7061111086947,999.9425955002815,774.593994140625,time,20,0.025706047008111802,0.2154207610798553,2025-07-14,0.0025,True
2025-06-16,control_naive_low,COLPAL,bull,-1.0431780969029891,2332.381219761948,2262.5934074216716,2262.5934074216716,2471.9568444425013,2325.24365234375,time,20,-0.005560206178013503,-0.10227527097992815,2025-07-14,0.0025,True
2025-06-16,trend_lowbeta,INDIACEM,bull,1.1325223556930875,335.0,305.38317316986326,305.38317316986326,,305.38317316986326,stop,4,-0.09090843829891565,-1.0,2025-06-20,0.0025,False
2025-06-16,trend_lowbeta,CHOICEIN,bull,1.1261397139445921,696.9500122070312,652.9041049879186,763.0357054791798,,786.6500244140625,time,60,0.12620365253740123,2.036511854797443,2025-09-10,0.0025,False
2025-06-16,trend_lowbeta,MFSL,bull,1.0956311980702225,1585.0,1487.8748185476525,1529.124770380776,,1529.124770380776,stop,23,-0.03775251080077219,-0.575290864672804,2025-07-17,0.0025,False
2025-06-16,trend_lowbeta,BHARTIHEXA,bull,1.0910759971735582,1746.0634727039628,1582.535427178971,1732.8098275427471,,1732.8098275427471,stop,20,-0.010090586120383658,-0.08104814754353643,2025-07-14,0.0025,False
2025-06-23,momentum,POONAWALLA,bull,0.7730000779632399,437.5,418.9281839988729,418.9281839988729,474.6436320022542,474.6436320022542,target,9,0.08239973029086672,2.0,2025-07-04,0.0025,True
2025-06-23,momentum,SOLARINDS,bull,0.7013413441386056,17169.573081626164,16390.840559886252,16390.840559886252,18727.038125105988,16390.840559886252,stop,11,-0.04785538059319977,-1.0,2025-07-08,0.0025,True
2025-06-23,momentum,BSE,bull,0.6970844394765031,2842.5111995651464,2601.549067149739,2601.549067149739,3324.435464395961,2601.549067149739,stop,10,-0.08727086473828854,-1.0,2025-07-07,0.0025,True
2025-06-23,momentum,BHARTIHEXA,bull,0.6917423501467095,1784.3294172973299,1675.1924676532167,1675.1924676532167,2002.6033165855563,2002.6033165855563,target,6,0.11982825238001132,2.0,2025-07-01,0.0025,True
2025-06-23,momentum,NBCC,bull,0.6910111312933725,119.04738178714601,111.76780686920164,111.76780686920164,133.60653162303475,111.76780686920164,stop,14,-0.06364855117905982,-1.0,2025-07-11,0.0025,True
2025-06-23,momentum,AUBANK,bull,0.6896558148199898,800.2349930469319,765.6984410695958,765.6984410695958,869.3080970016041,765.6984410695958,stop,20,-0.04565801268054598,-1.0,2025-07-21,0.0025,True
2025-06-23,momentum,MFSL,bull,0.6893530808998183,1610.0,1548.1935124855163,1548.1935124855163,1733.6129750289674,1548.1935124855163,stop,18,-0.04088912267980355,-1.0,2025-07-17,0.0025,True
2025-06-23,momentum,BHARTIARTL,bull,0.6740279536717402,1910.6795910598546,1849.0489291180597,1849.0489291180597,2033.9409149434443,1885.4708251953125,time,20,-0.01569361235787253,-0.40902961399878723,2025-07-21,0.0025,True
2025-06-23,momentum,SBICARD,bull,0.6712123329141633,966.6136531067647,917.7739679857561,917.7739679857561,1064.2930233487818,917.7739679857561,stop,7,-0.05302658315350123,-1.0,2025-07-02,0.0025,True
2025-06-23,momentum,MAZDOCK,bull,0.6585394252712962,3332.2084503728775,3112.836893148651,3112.836893148651,3770.95156482133,3112.836893148651,stop,3,-0.06833368372398146,-1.0,2025-06-26,0.0025,True
2025-06-23,momentum,CHOLAHLDNG,bull,0.6561920730287364,1998.1443915607397,1877.7702205455541,1877.7702205455541,2238.8927335911108,2112.675048828125,time,20,0.0548185089881949,0.9514554185626496,2025-07-21,0.0025,True
2025-06-23,reversal,JMFINANCIL,bull,0.8382066508313539,137.320374633307,119.40408739619706,119.40408739619706,182.1110927260819,165.2915802001953,time,20,0.20119304731057647,1.5612166291323808,2025-07-21,0.0025,True
2025-06-23,reversal,HOMEFIRST,bull,0.7259738717339668,1302.911006486926,1181.4353162848397,1181.4353162848397,1606.6002319921417,1368.0068359375,time,20,0.04746183862633385,0.535875361912173,2025-07-21,0.0025,True
2025-06-23,reversal,NAM-INDIA,bull,0.7157600950118764,754.0967926325872,676.8355882772871,676.8355882772871,947.2498035208373,845.159912109375,time,20,0.11825786605441219,1.1786396579843246,2025-07-21,0.0025,True
2025-06-23,reversal,IDFCFIRSTB,bull,0.6836935866983372,71.05799362380897,65.17675370099109,65.17675370099109,85.76109343085368,73.77327728271484,time,20,0.03571221963120669,0.4616855789833003,2025-07-21,0.0025,True
2025-06-23,reversal,360ONE,bull,0.6068527315914488,1152.8600830032394,962.215875271715,962.215875271715,1629.4706023320505,1208.0078125,time,20,0.04533557893087842,0.28927041714491863,2025-07-21,0.0025,True
2025-06-23,reversal,ELGIEQUIP,bull,0.6018408551068883,533.374386315011,490.3714173737452,490.3714173737452,640.8818086681754,550.333251953125,time,20,0.029295425639539633,0.3943649951536318,2025-07-21,0.0025,True
2025-06-23,control_naive_low,ACC,bull,-1.0259131971839655,1819.0745510270153,1761.5008492849845,1761.5008492849845,1934.221954511077,1934.221954511077,target,7,0.06079999142643805,2.0,2025-07-02,0.0025,True
2025-06-23,trend_lowbeta,INDIACEM,bull,1.1652128359445433,313.0,280.0766671439335,362.35734010502256,,406.3500061035156,time,60,0.2957428310016474,2.8353753403891733,2025-09-17,0.0025,False
2025-06-23,trend_lowbeta,JUBLPHARMA,bull,1.1173521600350869,1121.377675450746,1002.0039811805216,1077.3716869339803,,1077.3716869339803,stop,33,-0.041742789900447386,-0.3686405852293555,2025-08-07,0.0025,False
2025-06-23,trend_lowbeta,SOLARINDS,bull,1.1076569771691722,17169.573081626164,15960.913953977088,16072.344769942923,,16072.344769942923,stop,13,-0.06640539278215535,-0.9078062512276921,2025-07-10,0.0025,False
2025-06-23,trend_lowbeta,GODFRYPHLP,bull,1.0981762140298725,2625.722627301082,2356.6217033031353,3195.6517322806394,,3195.6517322806394,stop,33,0.21455609688307947,2.1179009589127467,2025-08-07,0.0025,False
2025-06-30,momentum,DEEPAKFERT,bull,0.784577216820284,1696.2007741925365,1599.3807756417934,1599.3807756417934,1889.8407712940227,1599.3807756417934,stop,5,-0.05958050604848558,-1.0,2025-07-07,0.0025,True
2025-06-30,momentum,LTF,bull,0.7688703777804589,205.38539235219258,195.40808437403598,195.40808437403598,225.3400083085058,199.9315643310547,time,20,-0.029054118375593737,-0.5466232006747714,2025-07-28,0.0025,True
2025-06-30,momentum,REDINGTON,bull,0.7616790677783758,312.6239294197269,292.29600831276525,292.29600831276525,353.27977163365017,292.29600831276525,stop,8,-0.06752356087933847,-1.0,2025-07-10,0.0025,True
2025-06-30,momentum,HOMEFIRST,bull,0.7510909107447387,1369.5993484158278,1282.6577761057113,1282.6577761057113,1543.4824930360608,1365.3193359375,time,20,-0.005625010597645473,-0.04922860680574259,2025-07-28,0.0025,True
2025-06-30,momentum,RBLBANK,bull,0.7209457841928424,245.4695588847152,235.12093411944943,235.12093411944943,266.1668084152468,266.1668084152468,target,12,0.08181697039978814,2.0000000000000027,2025-07-16,0.0025,True
2025-06-30,momentum,ANURAS,bull,0.7166782006920417,1135.259065451633,1096.037056578233,1096.037056578233,1213.703083198433,1130.699951171875,time,20,-0.006515924134412652,-0.11623867340588785,2025-07-28,0.0025,True
2025-06-30,momentum,GABRIEL,bull,0.7088614374187293,837.4793090820312,660.37870423944,660.37870423944,1191.6805187672137,978.14404296875,time,20,0.16546204080659938,0.7942645594674449,2025-07-28,0.0025,True
2025-06-30,momentum,AIIL,bull,0.7023298731257208,523.4199829101562,498.30107113284004,498.30107113284004,573.6578064647887,498.30107113284004,stop,1,-0.05048997477638867,-1.0,2025-07-01,0.0025,True
2025-06-30,momentum,INDIANB,bull,0.7000628276462791,632.2318046206035,606.9542127912322,606.9542127912322,682.7869882793461,613.6281127929688,time,20,-0.0319254286033564,-0.7359756401327033,2025-07-28,0.0025,True
2025-06-30,momentum,NAVINFLUOR,bull,0.6940770796292144,4831.947054046751,4598.6882816780535,4598.6882816780535,5298.464598784146,5090.92138671875,time,20,0.05109626870396039,1.1102447725423787,2025-07-28,0.0025,True
2025-06-30,momentum,CHOICEIN,bull,0.693125720876586,703.0,677.6563993176301,677.6563993176301,753.6872013647398,753.6872013647398,target,13,0.06960128216890443,2.0,2025-07-17,0.0025,True
2025-06-30,reversal,SYRMA,bull,0.6559999999999999,569.1631338873515,488.7655907862776,488.7655907862776,770.1569916400363,744.2097778320312,time,20,0.30505091734266293,2.1772635977770523,2025-07-28,0.0025,True
2025-06-30,trend_lowbeta,CCL,bull,1.1464569475240207,833.5331567546411,761.2890071381796,817.8917193684514,,914.2764892578125,time,60,0.0943687710247127,1.1176452755251647,2025-09-24,0.0025,False
2025-06-30,trend_lowbeta,NEULANDLAB,bull,1.0995752616018983,12017.818972871326,10788.712449887755,13581.276336092857,,13581.276336092857,stop,23,0.12759493376051284,1.2720275533371557,2025-07-31,0.0025,False
2025-07-07,momentum,GVT&D,bull,0.7105495719414526,2342.2007129691183,2206.558062909243,2206.558062909243,2613.486013088869,2715.0927734375,target,18,0.156705852172968,2.7490767859797747,2025-07-31,0.0025,True
2025-07-07,momentum,AFFLE,bull,0.7080621369484241,1987.0,1893.412456558407,1893.412456558407,2174.175086883186,1893.412456558407,stop,9,-0.0495999212086527,-1.0,2025-07-18,0.0025,True
2025-07-07,momentum,INTELLECT,bull,0.7066280033140017,1132.3711925780913,1066.1284181278925,1066.1284181278925,1264.8567414784889,1066.1284181278925,stop,14,-0.0609991696047853,-1.0,2025-07-25,0.0025,True
2025-07-07,momentum,POONAWALLA,bull,0.6986004378230157,466.1000061035156,449.7207644510359,449.7207644510359,498.85848940847507,449.7207644510359,stop,5,-0.037641045779866544,-1.0,2025-07-14,0.0025,True
2025-07-07,momentum,AIIL,bull,0.6820537604713247,534.3400268554688,501.8462534550001,501.8462534550001,599.327573656406,501.8462534550001,stop,6,-0.0633110412234899,-1.0,2025-07-15,0.0025,True
2025-07-07,momentum,ASTERDM,bull,0.6669828232732388,620.2449086544992,583.7008417675287,583.7008417675287,693.3330424284403,583.7008417675287,stop,10,-0.06141876962963838,-1.0,2025-07-21,0.0025,True
2025-07-07,momentum,POWERINDIA,bull,0.6642225904446286,19619.624273517198,18361.28231653002,18361.28231653002,22136.30818749155,18361.28231653002,stop,5,-0.06663690392051497,-1.0,2025-07-14,0.0025,True
2025-07-07,momentum,MANAPPURAM,bull,0.6636886679554451,269.0640592193888,257.4894379983627,257.4894379983627,292.21330166144105,257.4894379983627,stop,2,-0.045518087419800735,-1.0,2025-07-09,0.0025,True
2025-07-07,momentum,ABCAPITAL,bull,0.6617324864217988,276.25,265.61765520718484,265.61765520718484,297.5146895856303,265.61765520718484,stop,9,-0.04098812594684226,-1.0,2025-07-18,0.0025,True
2025-07-07,momentum,DEEPAKFERT,bull,0.6537098407438093,1577.8610797237004,1500.0890961989653,1500.0890961989653,1733.4050467731706,1500.0890961989653,stop,15,-0.05178949989586773,-1.0,2025-07-28,0.0025,True
2025-07-07,momentum,ERIS,bull,0.652108073276259,1720.8654599251593,1621.037337966879,1621.037337966879,1920.5217038417197,1793.4757080078125,time,20,0.03969402955871465,0.7273526403010789,2025-08-04,0.0025,True
2025-07-07,momentum,BLUEJET,bull,0.6504280585473626,895.5492923352634,839.823507864903,839.823507864903,1007.0008612759842,1007.0008612759842,target,9,0.12195051310363508,2.0,2025-07-18,0.0025,True
2025-07-07,momentum,MAZDOCK,bull,0.649286569087729,3237.966586394141,3084.2724584740795,3084.2724584740795,3545.3548422342637,3084.2724584740795,stop,5,-0.049966248900121635,-1.0,2025-07-14,0.0025,True
2025-07-07,trend_lowbeta,ERIS,bull,1.1803702484460021,1720.8654599251593,1551.8991440072984,1564.9200076649054,,1564.9200076649054,stop,58,-0.09312036277201824,-0.9229381099607052,2025-09-29,0.0025,False
2025-07-07,trend_lowbeta,FORTIS,bull,1.1646753548537014,804.2446521817695,755.9951148234792,755.9951148234792,,755.9951148234792,stop,4,-0.06249360670586762,-1.0,2025-07-11,0.0025,False
2025-07-07,trend_lowbeta,NH,bull,1.1273939311787144,1980.9337425164451,1761.2065455934357,1761.2065455934357,,1761.2065455934357,stop,22,-0.11342102285252748,-1.0,2025-08-06,0.0025,False
2025-07-07,trend_lowbeta,DIVISLAB,bull,1.1088185743885672,6941.63624876698,6523.099088131926,6523.099088131926,,6523.099088131926,stop,5,-0.06279373272179128,-1.0,2025-07-14,0.0025,False
2025-07-07,trend_lowbeta,ANURAS,bull,1.1057928777521737,1129.2629604604322,1044.8714916007273,1057.3245804285182,,1057.3245804285182,stop,58,-0.06620383387283219,-0.8524366384889767,2025-09-29,0.0025,False
2025-07-07,trend_lowbeta,SARDAEN,bull,1.0877839313723592,423.95528734546156,391.8661516656178,533.3595544705368,,533.3595544705368,stop,24,0.25555614504797236,3.409386535574269,2025-08-08,0.0025,False
2025-07-07,trend_lowbeta,MUTHOOTFIN,bull,1.0845064967758176,2637.6969481316814,2481.6222189639752,2481.6222189639752,,2481.6222189639752,stop,27,-0.06167083434405013,-1.0,2025-08-13,0.0025,False
2025-07-14,momentum,GALLANTT,bull,0.733555206445756,578.8800019436397,536.2844896661161,536.2844896661161,664.071026498687,664.071026498687,target,10,0.1446652575128024,2.0,2025-07-28,0.0025,True
2025-07-14,momentum,CEMPRO,bull,0.7318271570923452,864.5251211064154,803.565052722056,803.565052722056,986.4452578751344,803.565052722056,stop,4,-0.07301277851399285,-1.0,2025-07-18,0.0025,True
2025-07-14,momentum,NAM-INDIA,bull,0.7269036103578446,796.1069536937536,757.4613882304193,757.4613882304193,873.3980846204221,789.1064453125,time,20,-0.011293426999692434,-0.1811464859505141,2025-08-11,0.0025,True
2025-07-14,momentum,SBFC,bull,0.7231854467923385,117.0999984741211,111.35755704726051,111.35755704726051,128.58488132784225,111.35755704726051,stop,9,-0.051538783105788466,-1.0,2025-07-25,0.0025,True
2025-07-14,momentum,REDINGTON,bull,0.7054185608669696,302.359604308459,285.26016143550925,285.26016143550925,336.55849005435846,285.26016143550925,stop,10,-0.05905333129588747,-1.0,2025-07-28,0.0025,True
2025-07-14,momentum,IIFL,bull,0.7010904307681596,521.1439819335938,499.2123605931377,499.2123605931377,565.0072246145058,499.2123605931377,stop,10,-0.04458361240032632,-1.0,2025-07-28,0.0025,True
2025-07-14,momentum,BAJAJHLDNG,bull,0.686168893787023,13976.339264045291,13318.280901498547,13318.280901498547,15292.45598913878,13318.280901498547,stop,10,-0.04958374275369998,-1.0,2025-07-28,0.0025,True
2025-07-14,momentum,EIDPARRY,bull,0.6768100874541305,1154.0999755859375,1097.735835077025,1097.735835077025,1266.8282566037624,1097.735835077025,stop,19,-0.0513381784085008,-1.0,2025-08-08,0.0025,True
2025-07-14,momentum,BEL,bull,0.6745557239289158,405.27665271392635,390.64815187841685,390.64815187841685,434.53365438494535,390.64815187841685,stop,5,-0.03859509883569673,-1.0,2025-07-21,0.0025,True
2025-07-14,momentum,POONAWALLA,bull,0.6725995316159251,455.79998779296875,437.07020123159367,437.07020123159367,493.2595609157189,437.07020123159367,stop,8,-0.04359211729483953,-1.0,2025-07-24,0.0025,True
2025-07-14,momentum,BEML,bull,0.6678284428525509,2298.955104621697,2161.1269174180957,2161.1269174180957,2574.6114790289,2161.1269174180957,stop,6,-0.062452535361181616,-1.0,2025-07-22,0.0025,True
2025-07-14,momentum,RAMCOCEM,bull,0.6654545824368104,1119.3087094959458,1080.6381471364582,1080.6381471364582,1196.649834214921,1196.649834214921,target,12,0.06659722408378638,2.0,2025-07-30,0.0025,True
2025-07-14,momentum,MUTHOOTFIN,bull,0.6639895302383247,2637.6968883125824,2553.877932467592,2553.877932467592,2805.334800002563,2553.877932467592,stop,15,-0.03427732673393419,-1.0,2025-08-04,0.0025,True
2025-07-14,reversal,BLUESTARCO,bull,0.4080093676814989,1817.3148711637155,1569.6143410536652,1569.6143410536652,2436.566196438841,1753.3013916015625,time,20,-0.03772420939700011,-0.2584309348619987,2025-08-11,0.0025,True
2025-07-14,control_naive_low,COLPAL,bull,-1.0399858086791685,2331.0123611627305,2261.0681115887596,2261.0681115887596,2470.900860310672,2261.0681115887596,stop,7,-0.03250595395344963,-1.0,2025-07-23,0.0025,True
2025-07-14,control_naive_low,SUNTV,bull,-1.047155198065331,556.8604849952715,534.3427210402039,534.3427210402039,601.8960129054067,534.3427210402039,stop,18,-0.04293699375662979,-1.0,2025-08-07,0.0025,True
2025-07-14,trend_lowbeta,FORTIS,bull,1.1685530876629036,780.5478510590999,730.0364790793485,997.0013636798379,,1067.71728515625,time,60,0.3654075327764969,5.685243200526572,2025-10-09,0.0025,False
2025-07-14,trend_lowbeta,CEMPRO,bull,1.1530421564260955,864.5251211064154,767.4352034299892,767.4352034299892,,767.4352034299892,stop,9,-0.1148043336810976,-1.0,2025-07-25,0.0025,False
2025-07-14,trend_lowbeta,KIMS,bull,1.1504763656784338,710.2999877929688,657.7178253080176,715.734948107006,,715.734948107006,stop,19,0.005151640725666597,0.1033612932064684,2025-08-08,0.0025,False
2025-07-14,trend_lowbeta,DIVISLAB,bull,1.1254235975290952,6741.378146861193,6384.026809159953,6384.026809159953,,6384.026809159953,stop,14,-0.05550864747776013,-1.0,2025-08-01,0.0025,False
2025-07-14,trend_lowbeta,BHARTIHEXA,bull,1.125360663039058,1733.1770516716185,1569.0449374390219,1609.5775364380681,,1609.5775364380681,stop,53,-0.07381384246885853,-0.7530489435991405,2025-09-29,0.0025,False
2025-07-14,trend_lowbeta,GILLETTE,bull,1.1092930036211537,10375.382021463061,9564.767382318461,9802.194843058347,,9802.194843058347,stop,19,-0.05774492276226445,-0.7071019331819239,2025-08-08,0.0025,False
2025-07-14,trend_lowbeta,JKCEMENT,bull,1.1077970992041206,6486.357963363477,6009.762168440903,6843.809906911015,,6843.809906911015,stop,28,0.05260826654441714,0.7500106953432268,2025-08-22,0.0025,False
2025-07-21,momentum,PARADEEP,bull,0.7443126140518668,187.2857592848843,171.8218441444429,171.8218441444429,218.2135895657671,218.2135895657671,target,6,0.16263711666586372,2.0,2025-07-29,0.0025,True
2025-07-21,momentum,BLUEJET,bull,0.7415956104862494,1011.1040428624872,944.456625371508,944.456625371508,1144.3988778444455,944.456625371508,stop,1,-0.06841548907498868,-1.0,2025-07-22,0.0025,True
2025-07-21,momentum,AIIL,bull,0.7289788723342263,577.97998046875,542.0192214495914,542.0192214495914,649.9014985070671,542.0192214495914,stop,4,-0.06471800102832953,-1.0,2025-07-25,0.0025,True
2025-07-21,momentum,DALBHARAT,bull,0.7251419784138301,2263.104896397016,2178.7751420659706,2178.7751420659706,2431.764405059107,2178.7751420659706,stop,6,-0.03976285708864086,-1.0,2025-07-29,0.0025,True
2025-07-21,momentum,GMDCLTD,bull,0.7189126606855673,425.99671223958336,403.9708272550677,403.9708272550677,470.04848220861464,403.9708272550677,stop,5,-0.054204354403862454,-1.0,2025-07-28,0.0025,True
2025-07-21,momentum,JKCEMENT,bull,0.7135468205973979,6395.695506872051,6114.056994338505,6114.056994338505,6958.972531939142,6958.972531939142,target,11,0.0855712698817292,2.0,2025-08-05,0.0025,True
2025-07-21,momentum,CHOICEIN,bull,0.7091732090400505,789.0,732.057485769981,732.057485769981,902.885028460038,732.057485769981,stop,5,-0.07467048698354756,-1.0,2025-07-28,0.0025,True
2025-07-21,momentum,ABCAPITAL,bull,0.6928852849551037,272.5,261.61506198532106,261.61506198532106,294.2698760293579,261.61506198532106,stop,4,-0.04244472665937221,-1.0,2025-07-25,0.0025,True
2025-07-21,momentum,SCHNEIDER,bull,0.6883048175922225,924.8499755859375,872.4035944044793,872.4035944044793,1029.7427379488538,872.4035944044793,stop,5,-0.05920798785309028,-1.0,2025-07-28,0.0025,True
2025-07-21,momentum,JMFINANCIL,bull,0.6846848085028405,165.7987322406174,156.44245970111635,156.44245970111635,184.5112773196195,156.44245970111635,stop,6,-0.05893150832976607,-1.0,2025-07-29,0.0025,True
2025-07-21,momentum,POWERINDIA,bull,0.6800210738501008,19369.755709358687,18077.420081668573,18077.420081668573,21954.426964738916,19700.296875,time,20,0.014564808178329782,0.25577037308188505,2025-08-19,0.0025,True
2025-07-21,momentum,WELCORP,bull,0.6718664101154481,931.8060112214954,887.4331025613668,887.4331025613668,1020.5518285417526,887.4331025613668,stop,4,-0.05012032882998957,-1.0,2025-07-25,0.0025,True
2025-07-21,momentum,ASAHIINDIA,bull,0.6639731623997288,836.2917965108817,785.2107132855152,785.2107132855152,938.4539629616146,868.4989624023438,time,20,0.036011875909622126,0.630510628550419,2025-08-19,0.0025,True
2025-07-21,momentum,CEMPRO,bull,0.6625251969946858,816.9187641174635,762.1091487440319,762.1091487440319,926.5379948643267,762.1091487440319,stop,4,-0.0695931037220619,-1.0,2025-07-25,0.0025,True
2025-07-21,reversal,CGCL,bull,0.5507710280373832,182.47109985351562,161.67441632444655,161.67441632444655,234.4628086761883,187.74160766601562,time,20,0.02638406885655348,0.2534302070391666,2025-08-19,0.0025,True
2025-07-21,control_naive_low,TEJASNET,bull,-1.0042233856520062,630.0999755859375,603.4055978616699,603.4055978616699,683.4887310344727,603.4055978616699,stop,4,-0.04486530512391179,-1.0,2025-07-25,0.0025,True
2025-07-21,control_naive_low,TCS,bull,-1.0461491063933035,3033.664306640625,2959.906173207918,2959.906173207918,3181.180573506039,2959.906173207918,stop,5,-0.0268132152991522,-1.0,2025-07-28,0.0025,True
2025-07-21,trend_lowbeta,ASTERDM,bull,1.20538013051816,585.1076755721243,538.8427577659008,632.9230981769487,,696.300048828125,time,60,0.1875374544690011,2.403384216993967,2025-10-16,0.0025,False
2025-07-21,trend_lowbeta,MFSL,bull,1.1553864100743403,1539.9000244140625,1460.2882655439876,1460.2882655439876,,1453.0999755859375,stop,10,-0.058867327392668034,-1.0902918119141323,2025-08-04,0.0025,False
2025-07-21,trend_lowbeta,COROMANDEL,bull,1.1054506547644924,2327.9481804175844,2109.0709725887887,2371.9361292024287,,2353.4227376602576,stop,17,0.00844292280943443,0.11638743702633136,2025-08-13,0.0025,False
2025-07-21,trend_lowbeta,CRISIL,bull,1.1010223600504296,5729.616603250594,5300.100525809807,5300.100525809807,,5300.100525809807,stop,5,-0.07746419170474855,-1.0,2025-07-28,0.0025,False
2025-07-28,momentum,FORTIS,bull,0.7615388519781526,845.7528429266339,815.2064815677481,815.2064815677481,906.8455656444054,906.8455656444054,target,10,0.069734723452264,2.0,2025-08-11,0.0025,True
2025-07-28,momentum,ANURAS,bull,0.7326874279123413,1130.0999755859375,1091.874943575593,1091.874943575593,1206.5500396066263,1124.300048828125,time,20,-0.007632224478462955,-0.15173111578410006,2025-08-26,0.0025,True
2025-07-28,momentum,MEDANTA,bull,0.7099531236687706,1354.631763485994,1299.6737737063447,1299.6737737063447,1464.5477430452927,1299.6737737063447,stop,2,-0.043070427522104604,-1.0,2025-07-30,0.0025,True
2025-07-28,momentum,NAVINFLUOR,bull,0.6984659746251441,5121.8506375499755,4873.679042334289,4873.679042334289,5618.1938279813485,4873.679042334289,stop,9,-0.05095350104438007,-1.0,2025-08-08,0.0025,True
2025-07-28,momentum,KIMS,bull,0.6790112871615007,771.0499877929688,736.1589846074731,736.1589846074731,840.83199416396,736.1589846074731,stop,3,-0.047751285568872925,-1.0,2025-07-31,0.0025,True
2025-07-28,momentum,IIFL,bull,0.6652595155709341,493.34961253523835,472.5944811096082,472.5944811096082,534.8598753864987,472.5944811096082,stop,3,-0.04456982411311344,-1.0,2025-07-31,0.0025,True
2025-07-28,momentum,WOCKPHARMA,bull,0.6597462514417533,1691.0999755859375,1574.5880218619295,1574.5880218619295,1924.1238830339535,1574.5880218619295,stop,5,-0.071397141154318,-1.0,2025-08-04,0.0025,True
2025-07-28,momentum,BAYERCROP,bull,0.6542560553633218,6082.489133589814,5858.549235006354,5858.549235006354,6530.368930756733,5858.549235006354,stop,7,-0.03931714733311703,-1.0,2025-08-06,0.0025,True
2025-07-28,momentum,MAXHEALTH,bull,0.6510957324106112,1253.7718443393308,1202.7467746344887,1202.7467746344887,1355.8219837490149,1202.7467746344887,stop,13,-0.043197252801788266,-1.0,2025-08-14,0.0025,True
2025-07-28,momentum,TORNTPHARM,bull,0.6446366382361013,3628.0635691087336,3490.1695134628344,3490.1695134628344,3903.851680400532,3490.1695134628344,stop,7,-0.04050761839456257,-1.0,2025-08-06,0.0025,True
2025-07-28,momentum,RBLBANK,bull,0.642722029988466,251.97896359101182,238.8552857255927,238.8552857255927,278.22631932185004,253.81748962402344,time,20,0.004796347309356132,0.14009228600894966,2025-08-26,0.0025,True
2025-07-28,momentum,HDFCAMC,bull,0.6386043829296424,2708.7538885495337,2638.2151983277745,2638.2151983277745,2849.831268993052,2849.831268993052,target,18,0.04958202230548964,2.0,2025-08-22,0.0025,True
2025-07-28,momentum,HOMEFIRST,bull,0.6328719723183392,1349.692371593136,1276.551215656793,1276.551215656793,1495.974683465822,1276.551215656793,stop,2,-0.05669098268297196,-1.0,2025-07-30,0.0025,True
2025-07-28,control_naive_low,COLPAL,bull,-1.002636385830966,2158.826266543429,2089.87964199309,2089.87964199309,2296.719515644107,2296.719515644107,target,16,0.06137417609174428,2.0,2025-08-20,0.0025,True
2025-07-28,control_naive_low,TEJASNET,bull,-1.0061039411422708,572.0,548.1267338185535,548.1267338185535,619.746532362893,548.1267338185535,stop,10,-0.044236479338193246,-1.0,2025-08-11,0.0025,True
2025-07-28,control_naive_low,TCS,bull,-1.020013700521214,2938.0339265993125,2889.375836245756,2889.375836245756,3035.3501073064253,2889.375836245756,stop,4,-0.019061446044932703,-1.0,2025-08-01,0.0025,True
2025-07-28,control_naive_low,ACC,bull,-1.030655482005737,1815.097513672293,1760.3837027296925,1760.3837027296925,1924.525135557494,1788.1534423828125,time,20,-0.017344420801925605,-0.49245466227434076,2025-08-26,0.0025,True
2025-07-28,control_naive_low,UNITDSPR,bull,-1.038218787274899,1292.3043249769873,1254.4216423987064,1254.4216423987064,1368.0696901335493,1287.0247802734375,time,20,-0.006585372618128358,-0.13936565058823816,2025-08-26,0.0025,True
2025-07-28,control_naive_low,ABFRL,bull,-1.040680297562595,73.30999755859375,69.82289415400645,69.82289415400645,80.28420436776835,80.28420436776835,target,18,0.0926330929127423,2.0,2025-08-22,0.0025,True
2025-07-28,control_naive_low,DEEPAKNTR,bull,-1.0421997896601176,1848.3736189785989,1791.467090025025,1791.467090025025,1962.1866768857465,1791.467090025025,stop,8,-0.03328735184773951,-1.0,2025-08-07,0.0025,True
2025-07-28,trend_lowbeta,CEMPRO,bull,1.167028948753991,725.2380883680003,637.7071940076798,725.0873616498143,,797.60888671875,time,60,0.09728902033896952,0.8268029120419559,2025-10-24,0.0025,False
2025-07-28,trend_lowbeta,CRISIL,bull,1.128078793938779,5299.063941552886,4850.087167715583,4850.087167715583,,4850.087167715583,stop,21,-0.0872275629789307,-1.0,2025-08-28,0.0025,False
2025-07-28,trend_lowbeta,SOLARINDS,bull,1.1122277450113756,14453.460392498358,13611.459007525396,13905.285774598055,,13905.285774598055,stop,21,-0.040426877233137704,-0.6510376677324665,2025-08-28,0.0025,False
2025-08-04,momentum,GVT&D,bull,0.7927297284709609,2801.9185743074645,2608.7138195357747,2608.7138195357747,3188.328083850844,2810.443603515625,time,20,0.0005425685051420625,0.04412432405317633,2025-09-03,0.0025,True
2025-08-04,momentum,CCL,bull,0.7370531975581832,926.2303474259952,867.6171852277809,867.6171852277809,1043.456671822424,845.3984332540762,stop,2,-0.08976977516613643,-1.3790744457459347,2025-08-06,0.0025,True
2025-08-04,momentum,ERIS,bull,0.7074658842159192,1802.3283044000607,1705.32407292578,1705.32407292578,1996.336767348622,1705.32407292578,stop,2,-0.05632162130920443,-1.0,2025-08-06,0.0025,True
2025-08-04,momentum,MANAPPURAM,bull,0.7054538680080109,260.25206630391557,250.37309003669682,250.37309003669682,280.01001883835306,250.37309003669682,stop,6,-0.04045926160172092,-1.0,2025-08-12,0.0025,True
2025-08-04,momentum,DELHIVERY,bull,0.6981241120669591,460.45001220703125,440.0310690759935,440.0310690759935,501.2878984691067,478.0,time,20,0.03561486008839071,0.8594954048474702,2025-09-03,0.0025,True
2025-08-04,momentum,MUTHOOTFIN,bull,0.6942643565739836,2647.61308937571,2556.0942183418756,2556.0942183418756,2830.6508314433786,2556.0942183418756,stop,5,-0.03706655785585872,-1.0,2025-08-11,0.0025,True
2025-08-04,momentum,MCX,bull,0.6906664803688696,1586.2402107051007,1513.9995074366843,1513.9995074366843,1730.7216172419335,1513.9995074366843,stop,16,-0.04804209556716804,-1.0,2025-08-28,0.0025,True
2025-08-04,momentum,GLENMARK,bull,0.6898607423967211,2067.7656099748447,1982.0023559080169,1982.0023559080169,2239.2921181085003,1982.0023559080169,stop,9,-0.043976293857054316,-1.0,2025-08-18,0.0025,True
2025-08-04,momentum,ENDURANCE,bull,0.6873224349122072,2614.335005021471,2492.2198073825075,2492.2198073825075,2858.5654002993974,2492.2198073825075,stop,3,-0.04920985065204392,-1.0,2025-08-07,0.0025,True
2025-08-04,momentum,ABSLAMC,bull,0.6788365702575566,842.6832366260776,805.3958440239328,805.3958440239328,917.2580218303672,805.3958440239328,stop,18,-0.046748409107359834,-1.0,2025-09-01,0.0025,True
2025-08-04,momentum,LTF,bull,0.6771598900842999,201.9210712690088,193.5634336026207,193.5634336026207,218.63634660178496,193.5634336026207,stop,4,-0.043890616709108266,-1.0,2025-08-08,0.0025,True
2025-08-04,momentum,ABCAPITAL,bull,0.6740976200456431,279.0,265.0577684992721,265.0577684992721,306.88446300145586,279.25,time,20,-0.001603942652329824,0.017931132472369823,2025-09-03,0.0025,True
2025-08-04,momentum,ANANDRATHI,bull,0.6665176284290438,1319.8487710915726,1255.8636159271025,1255.8636159271025,1447.819081420513,1447.819081420513,target,18,0.09445831305211078,2.0,2025-09-01,0.0025,True
2025-08-04,momentum,ECLERX,bull,0.6561055389956502,2015.8778460819578,1925.3846968793803,1925.3846968793803,2196.8641444871128,2196.8641444871128,target,15,0.08728038959896217,1.9999999999999976,2025-08-26,0.0025,True
2025-08-04,reversal,ESCORTS,bull,0.5953562945368172,3363.483658880442,3150.954621836435,3150.954621836435,3894.8062514904595,3618.103759765625,time,20,0.07320130457239532,1.1980485322222605,2025-09-03,0.0025,True
2025-08-04,control_naive_low,FIVESTAR,bull,-1.021790581969517,601.7228476898705,558.5865266453632,558.5865266453632,687.9954897788851,558.5865266453632,stop,15,-0.0741880225009171,-1.0,2025-08-26,0.0025,True
2025-08-04,control_naive_low,IEX,bull,-1.0254879600966005,131.31899589422113,117.53137486594105,117.53137486594105,158.8942379507813,138.19622802734375,time,20,0.04987042886516052,0.49879758944756164,2025-09-03,0.0025,True
2025-08-04,control_naive_low,TCS,bull,-1.0276774308011185,2951.859809051624,2884.244400320586,2884.244400320586,3087.0906265136996,2884.244400320586,stop,9,-0.025406036568437592,-1.0,2025-08-18,0.0025,True
2025-08-04,control_naive_low,COHANCE,bull,-1.0466830466830468,978.0,908.6984471225563,908.6984471225563,1116.6031057548873,908.6984471225563,stop,8,-0.07336048351476859,-1.0,2025-08-14,0.0025,True
2025-08-04,control_naive_low,PNBHOUSING,bull,-1.0479002245181352,778.9212528821384,710.331365461326,710.331365461326,916.1010277237634,785.7181396484375,time,20,0.006226025565677364,0.09909458991525694,2025-09-03,0.0025,True
2025-08-04,control_naive_low,BATAINDIA,bull,-1.0481711819369521,1135.5146122170074,1105.7700103726336,1105.7700103726336,1195.0038159057551,1105.7700103726336,stop,6,-0.0286948208542202,-1.0,2025-08-12,0.0025,True
2025-08-04,trend_lowbeta,MFSL,bull,1.1217267813410234,1483.0999755859375,1401.5755699491854,1547.1657832804221,,1547.1657832804221,stop,30,0.0406972279341275,0.7858482032968426,2025-09-17,0.0025,False
2025-08-04,trend_lowbeta,KPRMILL,bull,1.1214949208051357,1039.8055287099255,926.6682314472428,967.8019058620774,,1064.084228515625,time,60,0.0208492697772264,0.21459501325481622,2025-10-31,0.0025,False
2025-08-04,trend_lowbeta,RAINBOW,bull,1.1137010254998285,1499.474882206653,1383.9133440691712,1421.6513379468397,,1421.6513379468397,stop,32,-0.05440053210180279,-0.6734381137020508,2025-09-19,0.0025,False
2025-08-04,trend_lowbeta,DIVISLAB,bull,1.1095951618434845,6462.84909221895,6123.867116994226,6123.867116994226,,6123.867116994226,stop,2,-0.05495085725935439,-1.0,2025-08-06,0.0025,False
2025-08-04,trend_lowbeta,PARADEEP,bull,1.106911859183368,224.74291457676043,197.03117503909402,197.03117503909402,,197.03117503909402,stop,8,-0.1258041744157034,-1.0,2025-08-14,0.0025,False
2025-08-11,momentum,INDIANB,bull,0.7330213729641009,662.4382957793063,635.6978530366213,635.6978530366213,715.9191812646762,635.6978530366213,stop,12,-0.04286669213277744,-1.0,2025-08-29,0.0025,True
2025-08-11,momentum,AADHARHFC,bull,0.7240816135523421,508.8999938964844,485.32583512525747,485.32583512525747,556.0483114389382,517.7999877929688,time,20,0.014988689336268237,0.3775317703954354,2025-09-10,0.0025,True
2025-08-11,momentum,FORCEMOT,bull,0.7230801628527307,18586.969453967406,17139.084690271073,17139.084690271073,21482.73898136007,21482.73898136007,target,7,0.153295679040865,2.0,2025-08-21,0.0025,True
2025-08-11,momentum,AIIL,bull,0.7210632224250081,578.0,540.5632629335703,540.5632629335703,652.8734741328594,540.5632629335703,stop,3,-0.06726944129140094,-1.0,2025-08-14,0.0025,True
2025-08-11,momentum,DCMSHRIRAM,bull,0.7166690065047499,1350.3748821474946,1273.3919664023324,1273.3919664023324,1504.3407136378191,1273.3919664023324,stop,3,-0.059508551301499846,-1.0,2025-08-14,0.0025,True
2025-08-11,momentum,MEDANTA,bull,0.7159298198984196,1386.4091136157558,1318.0396956215666,1318.0396956215666,1523.1479496041343,1370.114013671875,time,20,-0.014253457030719617,-0.23833901796949253,2025-09-10,0.0025,True
2025-08-11,momentum,JKCEMENT,bull,0.7152089475408302,6980.020650300266,6620.578595981435,6620.578595981435,7698.90475893793,6620.578595981435,stop,16,-0.053995843970514545,-1.0,2025-09-04,0.0025,True
2025-08-11,momentum,JMFINANCIL,bull,0.7109083251439,162.30720601048606,145.88037375345039,145.88037375345039,195.1608705245574,171.31886291503906,time,20,0.05302222311048105,0.5485937132336202,2025-09-10,0.0025,True
2025-08-11,momentum,CHOICEIN,bull,0.7049768356029763,768.0,734.89470741356,734.89470741356,834.21058517288,786.6500244140625,time,20,0.021783885955810548,0.5633547676815156,2025-09-10,0.0025,True
2025-08-11,momentum,MFSL,bull,0.6980158173054424,1550.0,1504.7560879477735,1504.7560879477735,1640.487824104453,1640.487824104453,target,4,0.05587924135771155,2.0,2025-08-18,0.0025,True
2025-08-11,momentum,KARURVYSYA,bull,0.6885628714492956,216.85509107267654,208.3548260561042,208.3548260561042,233.85562110582123,208.3548260561042,stop,13,-0.041697903883767096,-1.0,2025-09-01,0.0025,True
2025-08-11,momentum,SYRMA,bull,0.6832888764097524,716.9381624021074,671.2101409734863,671.2101409734863,808.3942052593496,671.2101409734863,stop,1,-0.0662823787694729,-1.0,2025-08-12,0.0025,True
2025-08-11,momentum,GABRIEL,bull,0.669825448078993,1018.5894898787374,936.3414975632577,936.3414975632577,1183.0854745096967,1183.0854745096967,target,6,0.1589938954951739,2.0,2025-08-20,0.0025,True
2025-08-11,momentum,MOTILALOFS,bull,0.6693761991670176,912.9312337587136,867.7090810544548,867.7090810544548,1003.3755391672311,867.7090810544548,stop,12,-0.05203511396260424,-1.0,2025-08-29,0.0025,True
2025-08-11,momentum,LAURUSLABS,bull,0.6685666151902289,832.483590140797,795.1043034527042,795.1043034527042,907.2421635169825,907.2421635169825,target,20,0.0873018582727158,2.0,2025-09-10,0.0025,True
2025-08-11,momentum,DALBHARAT,bull,0.6682016004492489,2216.1311061129527,2135.9725831158244,2135.9725831158244,2376.4481521072094,2376.4481521072094,target,4,0.06984095742442314,2.0,2025-08-18,0.0025,True
2025-08-11,control_naive_low,PETRONET,bull,-1.0231834411144198,263.45007006708533,253.6254184414846,253.6254184414846,283.0993733182868,265.7149658203125,time,20,0.006097058837943816,0.2305319149765455,2025-09-10,0.0025,True
2025-08-11,control_naive_low,JINDALSAW,bull,-1.0281018070328962,201.84039423370692,191.6804201895149,191.6804201895149,222.16034232209094,200.06674194335938,time,20,-0.011287400049832806,-0.1745725218029919,2025-09-10,0.0025,True
2025-08-11,control_naive_low,AIAENG,bull,-1.0289917299941704,3092.342089026035,2967.990444886061,2967.990444886061,3341.0453773059826,3050.732177734375,time,20,-0.015955791789441228,-0.33461488651346366,2025-09-10,0.0025,True
2025-08-11,control_naive_low,MINDACORP,bull,-1.0328053173889926,460.16802660399867,435.9891646569912,435.9891646569912,508.5257504980136,508.81101947167423,target,4,0.10320702451158276,2.0117982796000007,2025-08-18,0.0025,True
2025-08-11,control_naive_low,TEJASNET,bull,-1.0330275229357797,567.9000244140625,535.6855005017776,535.6855005017776,632.3290722386323,632.3290722386323,target,7,0.11095139118640679,2.0,2025-08-21,0.0025,True
2025-08-11,control_naive_low,SUNPHARMA,bull,-1.039048732542041,1597.1124913175224,1542.0552098927137,1542.0552098927137,1707.2270541671398,1578.978271484375,time,20,-0.013854378562394075,-0.3293700554015401,2025-09-10,0.0025,True
2025-08-11,control_naive_low,DEEPAKNTR,bull,-1.0399763056191649,1851.0455725134402,1781.9778162548873,1781.9778162548873,1989.181085030546,1781.9778162548873,stop,3,-0.03981283404587893,-1.0,2025-08-14,0.0025,True
2025-08-11,control_naive_low,AUROPHARMA,bull,-1.046388461814651,1052.5,1008.0353142433775,1008.0353142433775,1141.429371513245,1050.300048828125,time,20,-0.004590214890142495,-0.049476368368291924,2025-09-10,0.0025,True
2025-08-11,control_naive_low,GRANULES,bull,-1.047148825684384,441.63003138116386,417.79767138999904,417.79767138999904,489.2947513634935,489.2947513634935,target,12,0.10542907319563816,2.0,2025-08-29,0.0025,True
2025-08-11,control_naive_low,GODREJPROP,bull,-1.04784213248849,1980.427175301308,1888.1872493031342,1888.1872493031342,2164.907027297655,1979.531494140625,time,20,-0.0029522666482531524,-0.009710341275649244,2025-09-10,0.0025,True
2025-08-11,trend_lowbeta,NH,bull,1.1839435302736727,1770.3761449712115,1603.863098577151,1622.8482550001988,,1808.2921142578125,time,60,0.018916900241399085,0.22770569698707693,2025-11-10,0.0025,False
2025-08-11,trend_lowbeta,RADICO,bull,1.18223367747284,2860.652938018045,2618.484846575928,2979.481666065674,,3252.3837890625,time,60,0.13443756618929775,1.6175989524948877,2025-11-10,0.0025,False
2025-08-11,trend_lowbeta,KIMS,bull,1.1424829135216943,728.2999877929688,661.8792645747219,678.6809948186732,,678.6809948186732,stop,36,-0.07062988302342327,-0.7470408416249287,2025-10-03,0.0025,False
2025-08-11,trend_lowbeta,GLENMARK,bull,1.114186596874789,2042.2537459104321,1904.376338277784,1904.376338277784,,1904.376338277784,stop,7,-0.07001237837548074,-1.0,2025-08-21,0.0025,False
2025-08-11,trend_lowbeta,GODFRYPHLP,bull,1.1112573141694861,3203.764662863644,2748.297985185023,2990.5614663684078,,2990.5614663684078,stop,57,-0.06904770837776436,-0.4680983416434984,2025-11-04,0.0025,False
2025-08-11,trend_lowbeta,REDINGTON,bull,1.1079255713968978,237.0440526670234,209.93293568592821,254.7168033196745,,254.7168033196745,stop,32,0.07205471020602267,0.6518636124426175,2025-09-26,0.0025,False
2025-08-11,trend_lowbeta,GILLETTE,bull,1.0935081022200372,9993.259051726729,9093.752697973883,9093.752697973883,,9093.752697973883,stop,44,-0.09251131153479114,-1.0,2025-10-15,0.0025,False
2025-08-19,momentum,LTF,bull,0.7811342871738455,215.7882928671051,205.92141540400135,205.92141540400135,235.5220477933126,235.5220477933126,target,18,0.08894960861412765,2.0,2025-09-15,0.0025,True
2025-08-19,momentum,CRAFTSMAN,bull,0.7294082341639159,6848.6427553147,6471.896792722102,6471.896792722102,7602.134680499895,6793.21044921875,time,20,-0.010593911169907764,-0.14713443964864062,2025-09-17,0.0025,True
2025-08-19,momentum,ACUTAAS,bull,0.7050109256520104,1392.5394717127863,1320.264432912742,1320.264432912742,1537.0895493128749,1472.098876953125,time,20,0.05463260331678982,1.1007867524007469,2025-09-17,0.0025,True
2025-08-19,momentum,NYKAA,bull,0.6913058731939302,228.0,217.10080685624212,217.10080685624212,249.79838628751577,242.63999938964844,time,20,0.061710523638808856,1.3432186398158257,2025-09-17,0.0025,True
2025-08-19,momentum,ETERNAL,bull,0.6864154067079676,322.3999938964844,308.35840387475537,308.35840387475537,350.4831739399424,308.35840387475537,stop,7,-0.04605331975048815,-1.0,2025-08-29,0.0025,True
2025-08-19,momentum,PARADEEP,bull,0.6762805358550041,205.422898081213,187.88262150403574,187.88262150403574,240.5034512355675,187.88262150403574,stop,13,-0.08788618012410082,-1.0,2025-09-08,0.0025,True
2025-08-19,momentum,ABDL,bull,0.6716172994020303,528.42450837142,494.2008247461039,494.2008247461039,596.8718756220521,494.2008247461039,stop,6,-0.06726551159746902,-1.0,2025-08-28,0.0025,True
2025-08-19,momentum,POONAWALLA,bull,0.6677745329810411,469.20001220703125,449.6536902941871,449.6536902941871,508.2926560327196,449.6536902941871,stop,2,-0.04415882652240749,-1.0,2025-08-21,0.0025,True
2025-08-19,momentum,ENDURANCE,bull,0.6633569739952718,2913.0050185649225,2715.7139645975058,2715.7139645975058,3307.587126499756,2868.6875,time,20,-0.017713677382112877,-0.22463014755976546,2025-09-17,0.0025,True
2025-08-19,momentum,ASTERDM,bull,0.6633152551800863,618.2569250893877,588.5242773569065,588.5242773569065,677.72222055435,588.5242773569065,stop,6,-0.05059108725823397,-1.0,2025-08-28,0.0025,True
2025-08-19,reversal,CGCL,bull,0.7516312056737591,188.16085157168507,171.25993655171436,171.25993655171436,230.41313912161183,189.34051513671875,time,20,0.0037694421032860603,0.06979879868277822,2025-09-17,0.0025,True
2025-08-19,control_naive_low,TCS,bull,-1.0082230027592016,2890.8905988262018,2837.074629895999,2837.074629895999,2998.5225366866075,3005.2438266480435,target,2,0.03705640101644553,2.1248939691145066,2025-08-21,0.0025,True
2025-08-19,control_naive_low,DEEPAKNTR,bull,-1.021944581119858,1805.354244323744,1744.9863158019893,1744.9863158019893,1926.0901013672535,1744.9863158019893,stop,9,-0.0359382732428048,-1.0,2025-09-02,0.0025,True
2025-08-19,control_naive_low,AAVAS,bull,-1.0375758757973648,1690.0999755859375,1596.4412979665012,1596.4412979665012,1877.41733082481,1596.4412979665012,stop,5,-0.057916057613376315,-1.0,2025-08-26,0.0025,True
2025-08-19,control_naive_low,POLYMED,bull,-1.0434877854687652,1893.1916791015587,1792.1138453334718,1792.1138453334718,2095.3473466377327,2095.3473466377327,target,4,0.10428034863966323,2.0,2025-08-25,0.0025,True
2025-08-19,trend_lowbeta,PARADEEP,bull,1.148052383346501,205.422898081213,176.98423977886165,187.8558318085704,,187.8558318085704,stop,13,-0.08801659253535371,-0.6177178292264979,2025-09-08,0.0025,False
2025-08-19,trend_lowbeta,ANANDRATHI,bull,1.139039718451483,1404.8172161843888,1298.4669614634254,1376.4165390175456,,1376.4165390175456,stop,28,-0.022716635189012065,-0.2670485109919064,2025-09-29,0.0025,False
2025-08-19,trend_lowbeta,MUTHOOTFIN,bull,1.1277358806770572,2731.3053703154137,2536.869062423903,3466.754333877839,,3728.9697265625,time,60,0.3627701624248902,5.131059970567591,2025-11-17,0.0025,False
2025-08-19,trend_lowbeta,NAVINFLUOR,bull,1.1239998563527975,5054.005073622736,4639.678021688611,4639.678021688611,,4620.491098493831,stop,8,-0.08827632369058153,-1.0463086421830619,2025-09-01,0.0025,False
2025-08-26,momentum,AIIL,bull,0.7383064987828772,625.7999877929688,585.43350340049,585.43350340049,706.5329565779261,611.9000244140625,time,20,-0.024711511105853064,-0.34434416541600454,2025-09-24,0.0025,True
2025-08-26,momentum,BOSCHLTD,bull,0.7207749766573295,39440.45713830465,37957.58909331369,37957.58909331369,42406.19322828657,38506.60546875,time,20,-0.02617750622869158,-0.6297604650050593,2025-09-24,0.0025,True
2025-08-26,momentum,HDFCAMC,bull,0.7171863513851364,2811.0170497368076,2730.288663772749,2730.288663772749,2972.4738216649253,2730.288663772749,stop,1,-0.031218568594814252,-1.0,2025-08-28,0.0025,True
2025-08-26,momentum,NUVOCO,bull,0.7040732959850609,465.0,443.97759288657466,443.97759288657466,507.0448142268507,443.97759288657466,stop,10,-0.04770947766328032,-1.0,2025-09-10,0.0025,True
2025-08-26,momentum,FORTIS,bull,0.6973389355742297,921.5224169251542,883.6054735677623,883.6054735677623,997.356303639938,959.3822631835938,time,20,0.03858402092351326,0.998494153433884,2025-09-24,0.0025,True
2025-08-26,momentum,RBLBANK,bull,0.6766339869281046,253.7181241415838,241.89709116737674,241.89709116737674,277.3601900899979,241.89709116737674,stop,1,-0.04909120436981668,-1.0,2025-08-28,0.0025,True
2025-08-26,momentum,RADICO,bull,0.6718954248366014,2898.5687457877148,2780.8497406089696,2780.8497406089696,3134.006756145205,2780.8497406089696,stop,7,-0.04311280428481051,-1.0,2025-09-05,0.0025,True
2025-08-26,momentum,GABRIEL,bull,0.6656395891690009,1114.8835211822716,1039.3320444160684,1039.3320444160684,1265.986474714678,1265.986474714678,target,4,0.13303250241977754,2.0,2025-09-02,0.0025,True
2025-08-26,momentum,KIMS,bull,0.6648692810457516,745.7999877929688,709.9225097164721,709.9225097164721,817.5549439459621,726.4500122070312,time,20,-0.028445261333671364,-0.539334887047528,2025-09-24,0.0025,True
2025-08-26,momentum,POONAWALLA,bull,0.6647992530345471,452.95001220703125,432.2680825618535,432.2680825618535,494.3138714973868,432.2680825618535,stop,1,-0.04816051239165137,-1.0,2025-08-28,0.0025,True
2025-08-26,control_naive_low,FIVESTAR,bull,-1.0057194141323167,562.7573231421259,531.6523071746251,531.6523071746251,624.9673550771274,531.6523071746251,stop,4,-0.05777252101105951,-1.0,2025-09-02,0.0025,True
2025-08-26,control_naive_low,AAVAS,bull,-1.0072389806714446,1580.9000244140625,1488.4428983875305,1488.4428983875305,1765.8142764671265,1669.9000244140625,time,20,0.05379704511706013,0.962608333450253,2025-09-24,0.0025,True
2025-08-26,control_naive_low,ACC,bull,-1.0153559868573039,1790.1419145328875,1740.3390439283876,1740.3390439283876,1889.7476557418875,1889.7476557418875,target,18,0.053141254137658966,2.0,2025-09-22,0.0025,True
2025-08-26,control_naive_low,RKFORGE,bull,-1.0241957033990385,562.094857137986,536.6766273450974,536.6766273450974,612.9313167237632,560.8468627929688,time,20,-0.004720255761405832,-0.04909839729934208,2025-09-24,0.0025,True
2025-08-26,control_naive_low,UBL,bull,-1.029474483326813,1848.3472283045771,1788.2481365768015,1788.2481365768015,1968.5454117601284,1788.2481365768015,stop,3,-0.035015044147252816,-1.0,2025-09-01,0.0025,True
2025-08-26,control_naive_low,RVNL,bull,-1.0306045180155337,314.03198368809956,296.09795345551845,296.09795345551845,349.9000441532618,349.9000441532618,target,13,0.11171785782427451,2.0,2025-09-15,0.0025,True
2025-08-26,control_naive_low,UNITDSPR,bull,-1.0339772796204614,1287.0246742625884,1253.0101311589103,1253.0101311589103,1355.0537604699446,1334.542236328125,time,20,0.034420474809670754,1.3969778138927404,2025-09-24,0.0025,True
2025-08-26,control_naive_low,PPLPHARMA,bull,-1.0432920383547226,189.60000610351562,181.65065895542452,181.65065895542452,205.49870039969784,205.49870039969784,target,13,0.08135387017077428,2.0,2025-09-15,0.0025,True
2025-08-26,control_naive_low,RECLTD,bull,-1.0447855553645575,346.22562319191513,336.05734904873503,336.05734904873503,366.56217147827533,336.05734904873503,stop,2,-0.031868924372023655,-1.0,2025-08-29,0.0025,True
2025-08-26,trend_lowbeta,JKCEMENT,bull,1.141674629718108,6839.5434150946985,6329.222511276598,6329.222511276598,,6329.222511276598,stop,22,-0.07711329987201115,-1.0,2025-09-26,0.0025,False
2025-08-26,trend_lowbeta,GVT&D,bull,1.1031593406593407,2673.3829177069265,2444.605763376787,2827.8798070087514,,2827.8798070087514,stop,39,0.05529078196337983,0.6753160723333254,2025-10-23,0.0025,False
2025-08-26,trend_lowbeta,HOMEFIRST,bull,1.0968705207835643,1290.867294510322,1160.159104591093,1160.159104591093,,1160.159104591093,stop,48,-0.10375610159548726,-1.0,2025-11-06,0.0025,False
2025-09-03,momentum,SYRMA,bull,0.7616584532292368,802.5918716343365,742.7631199131811,742.7631199131811,922.2493750766473,803.2783203125,time,20,-0.0016447101541588439,0.011473558421590587,2025-10-01,0.0025,True
2025-09-03,momentum,INDIACEM,bull,0.7543463882340073,410.95001220703125,385.2744452335645,385.2744452335645,462.30114615396474,385.2744452335645,stop,5,-0.06497856481515746,-1.0,2025-09-10,0.0025,True
2025-09-03,momentum,ANANDRATHI,bull,0.7426791763473162,1464.2352977375613,1398.0501183030526,1398.0501183030526,1596.6056566065786,1398.0501183030526,stop,18,-0.04770119104953524,-1.0,2025-09-29,0.0025,True
2025-09-03,momentum,MRF,bull,0.7217979983713579,152278.1694929588,144535.40483811864,144535.40483811864,167763.69880263915,148474.953125,time,20,-0.027475453675483482,-0.49119617313711583,2025-10-01,0.0025,True
2025-09-03,momentum,FORCEMOT,bull,0.7205558638549759,20138.12058532843,18345.83825983677,18345.83825983677,23722.685236311747,18345.83825983677,stop,1,-0.09149948323864049,-1.0,2025-09-04,0.0025,True
2025-09-03,momentum,UNOMINDA,bull,0.7101301941223626,1292.0507689179396,1230.4740245768517,1230.4740245768517,1415.2042576001156,1321.3837890625,time,20,0.020202683865221564,0.4763652326611795,2025-10-01,0.0025,True
2025-09-03,momentum,GMDCLTD,bull,0.6931603773584906,456.425054877335,422.07036658733534,422.07036658733534,525.1344314573344,525.1344314573344,target,3,0.14803813511281744,2.0,2025-09-08,0.0025,True
2025-09-03,momentum,POLYCAB,bull,0.6869857244100058,7215.762549036706,7001.872969366625,7001.872969366625,7643.54170837687,7643.54170837687,target,13,0.05678398508585508,2.0,2025-09-22,0.0025,True
2025-09-03,momentum,MANAPPURAM,bull,0.6851992655648209,287.1997699849045,273.7776034262618,273.7776034262618,314.04410310218987,273.7776034262618,stop,17,-0.04923460065566271,-1.0,2025-09-26,0.0025,True
2025-09-03,momentum,NAVA,bull,0.6840919175321155,699.5400361447056,653.0240758276849,653.0240758276849,792.571956778747,653.0240758276849,stop,19,-0.06899506520510074,-1.0,2025-09-30,0.0025,True
2025-09-03,momentum,DELHIVERY,bull,0.6778024417314097,482.70001220703125,459.8459910865904,459.8459910865904,528.408054447913,459.8459910865904,stop,4,-0.04984622030761149,-1.0,2025-09-09,0.0025,True
2025-09-03,momentum,ABCAPITAL,bull,0.6758879023307437,281.54998779296875,267.5565338938225,267.5565338938225,309.5368955912612,299.8500061035156,time,20,0.06249740402760512,1.3077556436344422,2025-10-01,0.0025,True
2025-09-03,reversal,ESCORTS,bull,0.7367924528301887,3825.203901868815,3254.2733604723626,3254.2733604723626,5252.530255359947,3578.946533203125,time,20,-0.06687757959657531,-0.43132631872059846,2025-10-01,0.0025,True
2025-09-03,control_naive_low,DEEPAKNTR,bull,-1.0095091356593706,1771.9071403177081,1696.883810892015,1696.883810892015,1921.9537991690945,1833.12744140625,time,20,0.03205051322698832,0.8160168517871161,2025-10-01,0.0025,True
2025-09-03,control_naive_low,UBL,bull,-1.020758918054628,1820.1479695201458,1756.185528304309,1756.185528304309,1948.0728519518195,1756.185528304309,stop,13,-0.037641341411214835,-1.0,2025-09-22,0.0025,True
2025-09-03,control_naive_low,FIVESTAR,bull,-1.021455884482785,539.9899529402985,503.33042164313395,503.33042164313395,613.3090155346276,503.33042164313395,stop,18,-0.07038928404602679,-1.0,2025-09-29,0.0025,True
2025-09-03,control_naive_low,TCS,bull,-1.035399024483081,2991.801961311159,2902.6086212883947,2902.6086212883947,3170.188641356688,2902.6086212883947,stop,3,-0.03231258157330558,-1.0,2025-09-08,0.0025,True
2025-09-03,control_naive_low,INDUSTOWER,bull,-1.0371140827277823,317.06735301790184,297.49880703395667,297.49880703395667,356.2044449857922,339.2813415527344,time,20,0.06756078778971081,1.1351885087966063,2025-10-01,0.0025,True
2025-09-03,trend_lowbeta,NAVINFLUOR,bull,1.1500440990679601,4868.926018836514,4451.195054737184,5534.1995414758085,,5743.0908203125,time,60,0.1770395530952999,2.092650238080324,2025-12-01,0.0025,False
2025-09-03,trend_lowbeta,COROMANDEL,bull,1.1207027246072798,2393.2269154193095,2127.773623589742,2127.773623589742,,2127.773623589742,stop,35,-0.1134185636010025,-1.0,2025-10-24,0.0025,False
2025-09-03,trend_lowbeta,POWERINDIA,bull,1.1032931276965985,19384.371660646466,17195.53102914756,17376.744612681585,,17376.744612681585,stop,27,-0.10606936418221397,-0.9172102432099274,2025-10-13,0.0025,False
2025-09-10,momentum,TVSMOTOR,bull,0.7549339257557806,3483.1254115392494,3368.825575910827,3368.825575910827,3711.7250827960943,3368.825575910827,stop,16,-0.03531530870228167,-1.0,2025-10-03,0.0025,True
2025-09-10,momentum,CARTRADE,bull,0.74923423618043,2450.0,2243.170261685128,2243.170261685128,2863.659476629744,2475.0,time,20,0.007704081632652961,0.12087236682541598,2025-10-09,0.0025,True
2025-09-10,momentum,GABRIEL,bull,0.7292874896437448,1258.1199675814235,1177.1061112030343,1177.1061112030343,1420.1476803382018,1177.1061112030343,stop,14,-0.06689279120108721,-1.0,2025-09-30,0.0025,True
2025-09-10,momentum,MARUTI,bull,0.7023200537987759,14960.748135182905,14528.143221124445,14528.143221124445,15825.957963299825,15840.90944906707,target,7,0.05633137032527852,2.034561525496738,2025-09-19,0.0025,True
2025-09-10,momentum,ABDL,bull,0.6966399705422075,503.639140195031,479.9569188242958,479.9569188242958,551.0035829365014,551.2270750169527,target,3,0.0919881583339483,2.0094371248774587,2025-09-15,0.0025,True
2025-09-10,momentum,LAURUSLABS,bull,0.6902743256927184,897.9642233392965,862.99482383996,862.99482383996,967.9030223379696,862.99482383996,stop,12,-0.04144297633517552,-1.0,2025-09-26,0.0025,True
2025-09-10,momentum,ASAHIINDIA,bull,0.686941912915401,858.1882230098989,813.1411442149033,813.1411442149033,948.2823805998902,863.726806640625,time,20,0.003953809877861926,0.12295100545657044,2025-10-09,0.0025,True
2025-09-10,momentum,CUMMINSIND,bull,0.6734297513425413,3964.9348995996825,3849.125165487731,3849.125165487731,4196.554367823585,3849.125165487731,stop,14,-0.03170848312632929,-1.0,2025-09-30,0.0025,True
2025-09-10,momentum,INDIANB,bull,0.6716060749836505,680.4545017314688,658.2092319250855,658.2092319250855,724.9450413442353,724.9450413442353,target,14,0.06288356275042178,2.0,2025-09-30,0.0025,True
2025-09-10,momentum,CCL,bull,0.6713476940071803,920.3431529852039,866.9413723859519,866.9413723859519,1027.146714183708,866.9413723859519,stop,2,-0.06052377127057357,-1.0,2025-09-12,0.0025,True
2025-09-10,momentum,CHOICEIN,bull,0.6671637669152168,788.4000244140625,760.6890717043433,760.6890717043433,843.8219298335009,760.6890717043433,stop,14,-0.03764834075546092,-1.0,2025-09-30,0.0025,True
2025-09-10,momentum,PAYTM,bull,0.6667265028076959,1235.9000244140625,1182.8473591964423,1182.8473591964423,1342.0053548493029,1182.8473591964423,stop,7,-0.045426340456035164,-1.0,2025-09-19,0.0025,True
2025-09-10,momentum,GODFRYPHLP,bull,0.6635920095737826,3554.3342714174655,3236.9729845970887,3236.9729845970887,4189.05684505822,3236.9729845970887,stop,12,-0.0917885312933196,-1.0,2025-09-26,0.0025,True
2025-09-10,control_naive_low,AIAENG,bull,-1.0256955746080756,3063.4843670692107,2957.5050784859322,2957.5050784859322,3275.4429442357678,3259.646728515625,time,20,0.061532434294443605,1.850949973987322,2025-10-09,0.0025,True
2025-09-10,control_naive_low,SUNPHARMA,bull,-1.0293585103548657,1578.0863401973904,1536.9601291052954,1536.9601291052954,1660.3387623815804,1536.9601291052954,stop,12,-0.028560811784829773,-1.0,2025-09-26,0.0025,True
2025-09-10,control_naive_low,JINDALSAW,bull,-1.0300479652290548,200.92879376725318,191.55658794940334,191.55658794940334,219.67320540295287,219.67320540295287,target,10,0.09078882776956493,2.0,2025-09-24,0.0025,True
2025-09-10,control_naive_low,PETRONET,bull,-1.0329244501947474,265.5221855950462,258.015179190978,258.015179190978,280.5361984031826,258.015179190978,stop,12,-0.030772614535936767,-1.0,2025-09-26,0.0025,True
2025-09-10,control_naive_low,TCS,bull,-1.0395775383086645,3013.8849494515116,2912.692670379859,2912.692670379859,3216.269507594817,2912.692670379859,stop,10,-0.03607536228782332,-1.0,2025-09-24,0.0025,True
2025-09-10,control_naive_low,AUROPHARMA,bull,-1.0438045655367125,1065.0,1013.7368157462128,1013.7368157462128,1167.5263685075745,1119.9000244140625,time,20,0.0490493186986502,1.0709444841013085,2025-10-09,0.0025,True
2025-09-10,control_naive_low,SUNTV,bull,-1.0463190770711919,545.1199151667605,521.1237878450786,521.1237878450786,593.1121698101243,521.1237878450786,stop,11,-0.046519905811625184,-1.0,2025-09-25,0.0025,True
2025-09-10,control_naive_low,GODREJPROP,bull,-1.0468947425472392,1990.1800570775233,1903.205058605243,1903.205058605243,2164.1300540220836,2021.7275390625,time,20,0.013351571757433013,0.36271897141833415,2025-10-09,0.0025,True
2025-09-10,control_naive_low,TORNTPOWER,bull,-1.0498179327183768,1249.6776862638133,1196.2755021648888,1196.2755021648888,1356.482054461662,1196.2755021648888,stop,15,-0.04523276596510423,-1.0,2025-10-01,0.0025,True
2025-09-10,trend_lowbeta,PARADEEP,bull,1.1508620689655173,181.01403321854875,153.802426768562,157.39691737344774,,157.39691737344774,stop,41,-0.13297118737245467,-0.867905975654462,2025-11-11,0.0025,False
2025-09-10,trend_lowbeta,MEDANTA,bull,1.1191867059891107,1363.5164311812393,1271.4204342193,1271.4204342193,,1271.4204342193,stop,36,-0.07004300487758325,-1.0,2025-11-03,0.0025,False
2025-09-10,trend_lowbeta,CHOICEIN,bull,1.1142335904416214,788.4000244140625,743.3817698978638,765.7244314702906,,765.7244314702906,stop,14,-0.03126153252357439,-0.5036977374503195,2025-09-30,0.0025,False
2025-09-10,trend_lowbeta,NUVOCO,bull,1.1096396702964308,442.0,409.60032902138835,409.60032902138835,,409.60032902138835,stop,15,-0.07580242302853318,-1.0,2025-10-01,0.0025,False
2025-09-17,momentum,DALBHARAT,bull,0.7805535215406423,2476.9749175281954,2402.4858840808583,2402.4858840808583,2625.9529844228696,2402.4858840808583,stop,2,-0.0325725828591234,-1.0,2025-09-19,0.0025,True
2025-09-17,momentum,ABDL,bull,0.7706005087007229,540.3215024495013,513.2981978128755,513.2981978128755,594.3681117227528,513.2981978128755,stop,7,-0.052513380023038014,-1.0,2025-09-26,0.0025,True
2025-09-17,momentum,RADICO,bull,0.7174674590376877,3007.4273326587804,2888.7942013117545,2888.7942013117545,3244.6935953528323,2888.7942013117545,stop,7,-0.04194671582210624,-1.0,2025-09-26,0.0025,True
2025-09-17,momentum,ETERNAL,bull,0.6965686274509804,328.79998779296875,317.80334067435683,317.80334067435683,350.7932820301926,350.7932820301926,target,17,0.06438958349679774,2.0,2025-10-13,0.0025,True
2025-09-17,momentum,AADHARHFC,bull,0.6939899767946851,541.1500244140625,517.4769264870949,517.4769264870949,588.4962202679976,517.4769264870949,stop,7,-0.04624590568040704,-1.0,2025-09-26,0.0025,True
2025-09-17,momentum,DELHIVERY,bull,0.6896591970121383,485.0,465.6909079446839,465.6909079446839,523.6181841106322,465.6909079446839,stop,4,-0.04231256093879615,-1.0,2025-09-23,0.0025,True
2025-09-17,momentum,CRAFTSMAN,bull,0.6869981325863679,6816.681617914244,6477.423479209828,6477.423479209828,7495.197895323077,6477.423479209828,stop,16,-0.05226881094356023,-1.0,2025-10-10,0.0025,True
2025-09-17,momentum,GVT&D,bull,0.6852975586352316,2992.493021292373,2847.7764809320324,2847.7764809320324,3281.926102013055,2910.6953125,time,20,-0.02983430227250688,-0.5652270886845335,2025-10-16,0.0025,True
2025-09-17,momentum,SARDAEN,bull,0.6689133186728089,602.8869722122963,562.4648073542071,562.4648073542071,683.7313019284747,562.4648073542071,stop,7,-0.06954766684501396,-1.0,2025-09-26,0.0025,True
2025-09-17,momentum,OLECTRA,bull,0.6679038281979458,1663.6001197676542,1573.3143197998647,1573.3143197998647,1844.171719703233,1573.3143197998647,stop,7,-0.05677133533772477,-1.0,2025-09-26,0.0025,True
2025-09-17,trend_lowbeta,MFSL,bull,1.142062818336163,1538.0,1449.5908346390845,1612.9271196665932,,1698.300048828125,time,60,0.10172629962816976,1.8131609791103345,2025-12-15,0.0025,False
2025-09-17,trend_lowbeta,CUB,bull,1.0924165251839275,151.80283052982094,141.1373577705167,196.28898972149682,,196.28898972149682,stop,52,0.29055223780354206,4.171044284264615,2025-12-03,0.0025,False
2025-09-24,momentum,KAYNES,bull,0.70974054575255,7455.0,7141.555132788227,7141.555132788227,8081.8897344235465,7141.555132788227,stop,3,-0.044544918472404216,-1.0,2025-09-29,0.0025,True
2025-09-24,momentum,HEROMOTOCO,bull,0.7076754692375762,5094.310201626553,4941.35888407443,4941.35888407443,5400.2128367308,5400.2128367308,target,7,0.05754790108905733,2.0,2025-10-06,0.0025,True
2025-09-24,momentum,POLYCAB,bull,0.683006011398214,7544.203934462538,7295.882843076246,7295.882843076246,8040.846117235123,7295.882843076246,stop,2,-0.0354154796905663,-1.0,2025-09-26,0.0025,True
2025-09-24,momentum,ASHOKLEY,bull,0.6828089541313042,138.5800894183955,133.64862923217208,133.64862923217208,148.4430097908423,133.64862923217208,stop,12,-0.038085632877855435,-1.0,2025-10-13,0.0025,True
2025-09-24,momentum,FORTIS,bull,0.6826230729821622,959.3823048079757,930.8355834876198,930.8355834876198,1016.4757474486876,930.8355834876198,stop,2,-0.03225531357759376,-1.0,2025-09-26,0.0025,True
2025-09-24,momentum,TATASTEEL,bull,0.6825669219308659,169.40636317875388,165.0106729686386,165.0106729686386,178.19774359898443,165.0106729686386,stop,2,-0.028447609804225834,-1.0,2025-09-26,0.0025,True
2025-09-24,momentum,LEMONTREE,bull,0.6776302920217969,172.38999938964844,163.87408673122152,163.87408673122152,189.42182470650226,163.87408673122152,stop,3,-0.05189911067102343,-1.0,2025-09-29,0.0025,True
2025-09-24,momentum,NYKAA,bull,0.6763494946672255,237.00999450683594,228.6154287820022,228.6154287820022,253.79912595650342,228.6154287820022,stop,4,-0.037918614908206416,-1.0,2025-09-30,0.0025,True
2025-09-24,momentum,NMDC,bull,0.673552754954795,75.11654477168467,72.71674571950656,72.71674571950656,79.9161428760409,72.71674571950656,stop,2,-0.034447676233940905,-1.0,2025-09-26,0.0025,True
2025-09-24,momentum,JINDALSTEL,bull,0.6714808614500843,1046.1267307416865,1016.9877368422792,1016.9877368422792,1104.404718540501,1016.9877368422792,stop,9,-0.03035417200719864,-1.0,2025-10-08,0.0025,True
2025-09-24,momentum,JSWSTEEL,bull,0.6674535121750758,1142.5373449608014,1113.2851151391312,1113.2851151391312,1201.0418046041418,1134.88134765625,time,20,-0.009200872700851735,-0.26172354556300587,2025-10-24,0.0025,True
2025-09-24,control_naive_low,CROMPTON,bull,-1.0057177019592414,296.4349349937343,286.48083217980184,286.48083217980184,316.3431406215993,286.48083217980184,stop,4,-0.036079385014599896,-1.0,2025-09-30,0.0025,True
2025-09-24,control_naive_low,TCS,bull,-1.0146409198467743,2901.548445826189,2847.288626597177,2847.288626597177,3010.068084284213,2847.288626597177,stop,1,-0.02120029752805391,-1.0,2025-09-25,0.0025,True
2025-09-24,control_naive_low,UBL,bull,-1.016176389138106,1789.168480332767,1731.3954311880593,1731.3954311880593,1904.7145786221827,1731.3954311880593,stop,9,-0.03479044652852509,-1.0,2025-10-08,0.0025,True
2025-09-24,control_naive_low,RKFORGE,bull,-1.0228513976767786,561.046541805004,538.1685932943695,538.1685932943695,606.802438826273,538.1685932943695,stop,1,-0.043277273908562675,-1.0,2025-09-25,0.0025,True
2025-09-24,control_naive_low,ITC,bull,-1.0467473386691672,382.7810611389299,375.04300610672317,375.04300610672317,398.2571712033433,398.2571712033433,target,19,0.037930709968684695,2.0,2025-10-23,0.0025,True
2025-09-24,control_naive_low,COHANCE,bull,-1.04875627770077,903.0,845.1501785663606,845.1501785663606,1018.6996428672787,876.4000244140625,time,20,-0.0319573373044712,-0.45981085034896507,2025-10-24,0.0025,True
2025-09-24,trend_lowbeta,ECLERX,bull,1.0907202183478035,2039.2195307346603,1835.7105900361746,2156.2742205818945,,2328.109130859375,time,60,0.13916674836653703,1.4195425475322334,2025-12-22,0.0025,False
2025-10-01,momentum,FORTIS,bull,0.7545137395557968,995.0443977494667,957.259304502126,957.259304502126,1070.614584244148,1070.614584244148,target,5,0.073446547375777,2.0,2025-10-09,0.0025,True
2025-10-01,momentum,ABDL,bull,0.7391411671556983,531.3987430068942,499.7508075969325,499.7508075969325,594.6946138268175,594.6946138268175,target,13,0.11661181886085531,2.0,2025-10-21,0.0025,True
2025-10-01,momentum,ABCAPITAL,bull,0.738173973316618,300.6000061035156,287.2207176939952,287.2207176939952,327.3585829225565,327.3585829225565,target,19,0.08651721981278387,2.0,2025-10-30,0.0025,True
2025-10-01,momentum,LTF,bull,0.7342605776301552,256.3605650934868,246.5080303536746,246.5080303536746,276.0656345731112,267.73345947265625,time,20,0.041862885434513275,1.1543115228220178,2025-10-31,0.0025,True
2025-10-01,momentum,EICHERMOT,bull,0.7180010246378836,6927.456432452997,6769.040971148379,6769.040971148379,7244.287355062234,6769.040971148379,stop,5,-0.02536776724606898,-1.0,2025-10-09,0.0025,True
2025-10-01,momentum,UNOMINDA,bull,0.7134833030599413,1328.766871805498,1273.905936600042,1273.905936600042,1438.4887422164104,1273.905936600042,stop,5,-0.04378710338098085,-1.0,2025-10-09,0.0025,True
2025-10-01,momentum,NYKAA,bull,0.7038796516231195,241.0,232.0728905359517,232.0728905359517,258.8542189280966,258.8542189280966,target,3,0.07158389596720588,2.0,2025-10-07,0.0025,True
2025-10-01,momentum,GABRIEL,bull,0.6983000326021144,1223.3548513943722,1150.10627752416,1150.10627752416,1369.8519991347964,1369.8519991347964,target,4,0.11725033047316374,2.0,2025-10-08,0.0025,True
2025-10-01,momentum,MARUTI,bull,0.6956220017698292,15790.416014018609,15395.490118381782,15395.490118381782,16580.267805292264,16025.0595703125,time,20,0.012359871714942629,0.5941457850352494,2025-10-31,0.0025,True
2025-10-01,momentum,INDIANB,bull,0.6949660586998395,726.5231169007099,698.7767906345294,698.7767906345294,782.0157694330707,782.0157694330707,target,10,0.07388112434617095,2.0,2025-10-16,0.0025,True
2025-10-01,momentum,MUTHOOTFIN,bull,0.6766337114267952,3123.5884878711995,3020.7517755463623,3020.7517755463623,3329.261912520874,3329.261912520874,target,11,0.06334523712015788,2.0,2025-10-17,0.0025,True
2025-10-01,momentum,JSL,bull,0.670322760933352,761.8582805871888,720.1910089575579,720.1910089575579,845.1928238464507,749.6248168945312,time,20,-0.01855740070611139,-0.29359886582921696,2025-10-31,0.0025,True
2025-10-01,momentum,GODFRYPHLP,bull,0.6601043267663361,3317.487402032638,3042.748493183282,3042.748493183282,3866.96521973135,3042.748493183282,stop,17,-0.08531535859971079,-1.0,2025-10-28,0.0025,True
2025-10-01,momentum,OLECTRA,bull,0.6565693260677193,1559.0,1477.9842646293387,1477.9842646293387,1721.0314707413227,1477.9842646293387,stop,7,-0.054466475542438275,-1.0,2025-10-13,0.0025,True
2025-10-01,momentum,RADICO,bull,0.6514181919798799,2933.4913561047124,2799.3019060244897,2799.3019060244897,3201.870256265158,3201.870256265158,target,12,0.08898787829285343,2.0,2025-10-20,0.0025,True
2025-10-01,momentum,M&M,bull,0.6499557542732057,3426.1207859232754,3308.285151254284,3308.285151254284,3661.7920552612586,3450.959716796875,time,20,0.00474987016676537,0.21079303339243544,2025-10-31,0.0025,True
2025-10-01,momentum,RBLBANK,bull,0.6429835592194122,274.2898606975949,262.03473356619804,262.03473356619804,298.80011496038867,298.80011496038867,target,8,0.08685895114918724,2.0,2025-10-14,0.0025,True
2025-10-01,control_naive_low,ABREL,bull,-1.0071296586714988,1656.6121204018007,1552.1793620873802,1552.1793620873802,1865.4776370306415,1865.4776370306415,target,19,0.12357991578510358,2.0,2025-10-30,0.0025,True
2025-10-01,control_naive_low,TORNTPOWER,bull,-1.0108311079147565,1199.3750239797043,1159.3371346521571,1159.3371346521571,1279.4508026347987,1279.4508026347987,target,8,0.06426458743437141,2.0,2025-10-14,0.0025,True
2025-10-01,control_naive_low,TCS,bull,-1.0166049856603796,2807.454578770542,2727.8016264513362,2727.8016264513362,2966.7604834089534,2966.7604834089534,target,14,0.054243893861383785,2.0,2025-10-23,0.0025,True
2025-10-01,control_naive_low,CROMPTON,bull,-1.0248251881534285,291.49435073338327,279.64656013597175,279.64656013597175,315.1899319282063,279.64656013597175,stop,8,-0.043145009303278636,-1.0,2025-10-14,0.0025,True
2025-10-01,control_naive_low,CLEAN,bull,-1.0284456079063984,1089.6547514622678,1041.9326833128036,1041.9326833128036,1185.098887761196,1041.9326833128036,stop,4,-0.046295585790291194,-1.0,2025-10-08,0.0025,True
2025-10-01,control_naive_low,AJANTPHARM,bull,-1.030464376933692,2363.5919210577435,2259.808814352156,2259.808814352156,2571.158134468919,2415.822265625,time,20,0.019597868968803393,0.5032644158111753,2025-10-31,0.0025,True
2025-10-01,control_naive_low,PETRONET,bull,-1.0315672235682865,264.55841372710034,256.8598651921613,256.8598651921613,279.95551079697844,271.0639343261719,time,20,0.022090110393473143,0.8450320952770398,2025-10-31,0.0025,True
2025-10-01,control_naive_low,ACC,bull,-1.0320104403303638,1817.4838115064292,1773.6338574808701,1773.6338574808701,1905.1837195575474,1870.676025390625,time,20,0.026766953327142576,1.2130506192364832,2025-10-31,0.0025,True
2025-10-01,control_naive_low,COLPAL,bull,-1.0343561441857705,2179.262086702581,2111.6455419363533,2111.6455419363533,2314.495176235037,2193.146240234375,time,20,0.0038710343131797575,0.20533663143829337,2025-10-31,0.0025,True
2025-10-01,control_naive_low,SIGNATURE,bull,-1.0351207572851964,1049.0,1003.248046172979,1003.248046172979,1140.503907654042,1003.248046172979,stop,4,-0.046114827289819804,-1.0,2025-10-08,0.0025,True
2025-10-01,control_naive_low,JINDALSAW,bull,-1.0431588781459233,202.73218901375574,193.97810217416998,193.97810217416998,220.24036269292728,193.97810217416998,stop,11,-0.04568054711574093,-1.0,2025-10-17,0.0025,True
2025-10-01,trend_lowbeta,ANANDRATHI,bull,1.201397614173784,1444.412831135209,1332.0680344585812,1461.6238615232637,,1461.6238615232637,stop,32,0.009415589516418245,0.1531982868560864,2025-11-19,0.0025,False
2025-10-01,trend_lowbeta,ANURAS,bull,1.1982094538952024,1072.0,989.975924312835,1236.346274506719,,1314.199951171875,time,60,0.22343279027227142,2.9527909841448423,2025-12-30,0.0025,False
2025-10-01,trend_lowbeta,ERIS,bull,1.1789404955177525,1616.3264038851655,1510.6391316070933,1510.6391316070933,,1510.6391316070933,stop,28,-0.06788733267243025,-1.0,2025-11-13,0.0025,False
2025-10-01,trend_lowbeta,JKCEMENT,bull,1.172515940801393,6276.638524416845,5803.250798609158,6030.345453990321,,6030.345453990321,stop,21,-0.04173964546762016,-0.5202776857095354,2025-11-03,0.0025,False
2025-10-01,trend_lowbeta,CHOICEIN,bull,1.1195160113879674,766.75,715.8892318677249,766.1648831109086,,766.1648831109086,stop,43,-0.0032631129952284655,-0.01150428730391328,2025-12-04,0.0025,False
2025-10-09,momentum,NYKAA,bull,0.7533916732578282,263.0,253.1388846048592,253.1388846048592,282.7222307902816,253.1388846048592,stop,9,-0.03999473534274073,-1.0,2025-10-23,0.0025,True
2025-10-09,momentum,TATASTEEL,bull,0.7466659665228365,172.44372797158246,167.7737969254795,167.7737969254795,181.78359006378838,167.7737969254795,stop,2,-0.029580898221317316,-1.0,2025-10-13,0.0025,True
2025-10-09,momentum,UNOMINDA,bull,0.7325959150654532,1263.4160696091758,1199.0262660406356,1199.0262660406356,1392.1956767462561,1199.0262660406356,stop,3,-0.05346484453332817,-1.0,2025-10-14,0.0025,True
2025-10-09,momentum,TVSMOTOR,bull,0.7309021470821108,3472.562230570188,3375.8986546536407,3375.8986546536407,3665.889382403283,3686.1158330276003,target,7,0.058997415532952846,2.209245834664542,2025-10-20,0.0025,True
2025-10-09,momentum,NMDC,bull,0.7287568270861334,76.61111384648035,74.00667007862887,74.00667007862887,81.8200013821833,74.00667007862887,stop,3,-0.03649563897570368,-1.0,2025-10-14,0.0025,True
2025-10-09,momentum,EICHERMOT,bull,0.7257789576638256,6824.039588077104,6642.480378092036,6642.480378092036,7187.15800804724,6795.34033203125,time,20,-0.0067056110131595275,-0.1580710559834125,2025-11-10,0.0025,True
2025-10-09,momentum,HEROMOTOCO,bull,0.7195847231842692,5328.242525568182,5154.105217569961,5154.105217569961,5676.517141564625,5154.105217569961,stop,17,-0.035181941027009056,-1.0,2025-11-04,0.0025,True
2025-10-09,momentum,GABRIEL,bull,0.7189325136230265,1293.7816626525791,1195.4891143351908,1195.4891143351908,1490.3667592873558,1264.2960205078125,time,20,-0.025290276749102832,-0.2999784078194514,2025-11-10,0.0025,True
2025-10-09,momentum,ASTERDM,bull,0.6950872566839822,687.0406167883276,663.4195302587462,663.4195302587462,734.2827898474903,678.6773071289062,time,20,-0.014672947937949985,-0.35406117533788084,2025-11-10,0.0025,True
2025-10-09,momentum,VEDL,bull,0.6929509918049337,475.0659910649698,458.80965918558,458.80965918558,507.5786548237494,507.5786548237494,target,13,0.06593820515523524,2.0,2025-10-29,0.0025,True
2025-10-09,momentum,SARDAEN,bull,0.663942061385124,571.9058299681785,536.9836794247459,536.9836794247459,641.7501310550438,536.9836794247459,stop,6,-0.06356276368152386,-1.0,2025-10-17,0.0025,True
2025-10-09,momentum,AIIL,bull,0.6635182338968841,657.739990234375,629.3878673111935,629.3878673111935,714.4442360807379,629.3878673111935,stop,3,-0.045605365865132586,-1.0,2025-10-14,0.0025,True
2025-10-09,momentum,INDIACEM,bull,0.6630711191840156,392.75,376.9811950016589,376.9811950016589,424.28760999668225,424.28760999668225,target,14,0.07779945256952842,2.0,2025-10-30,0.0025,True
2025-10-09,momentum,CARTRADE,bull,0.6591961250058218,2451.0,2318.542815360512,2318.542815360512,2715.9143692789758,2733.0,target,12,0.11255507955936345,2.128989837489953,2025-10-28,0.0025,True
2025-10-09,control_naive_low,CLEAN,bull,-1.0018345317211927,1032.5658488650524,985.0687409440467,985.0687409440467,1127.560064707064,985.0687409440467,stop,16,-0.04849910792441209,-1.0,2025-11-03,0.0025,True
2025-10-09,control_naive_low,UBL,bull,-1.012195093691983,1756.5008296928952,1697.1950967187313,1697.1950967187313,1875.112295641223,1767.423095703125,time,20,0.0037181957592011283,0.18416880565303878,2025-11-10,0.0025,True
2025-10-09,control_naive_low,SIGNATURE,bull,-1.0179149921123798,1006.0,964.8357044682787,964.8357044682787,1088.3285910634427,1088.3285910634427,target,10,0.07933756566942612,2.0,2025-10-24,0.0025,True
2025-10-09,control_naive_low,DEEPAKNTR,bull,-1.0270488736177068,1763.943402711403,1718.0158753818075,1718.0158753818075,1855.798457370594,1718.0158753818075,stop,15,-0.028536848608067097,-1.0,2025-10-31,0.0025,True
2025-10-09,control_naive_low,TRENT,bull,-1.039124400941448,4663.109258899389,4462.835980317932,4462.835980317932,5063.655816062303,4462.835980317932,stop,20,-0.045448442222159435,-1.0,2025-11-10,0.0025,True
2025-10-09,control_naive_low,FINCABLES,bull,-1.0425543217143214,800.6983698296781,775.665516391361,775.665516391361,850.7640767063122,775.665516391361,stop,6,-0.033763774701629445,-1.0,2025-10-17,0.0025,True
2025-10-09,control_naive_low,POLYMED,bull,-1.0459802698461007,1900.5081018649105,1807.1444111557907,1807.1444111557907,2087.2354832831497,1858.494140625,time,20,-0.02460669936038867,-0.4500032177477596,2025-11-10,0.0025,True
2025-10-09,control_naive_low,FIVESTAR,bull,-1.0466068152187091,524.9944339443065,499.6187814465969,499.6187814465969,575.7457389397256,575.7457389397256,target,13,0.09417017727049476,2.0,2025-10-29,0.0025,True
2025-10-09,trend_lowbeta,FORTIS,bull,1.1798355121659279,1060.8745412433695,1005.5258572167758,1009.6685731503611,,1009.6685731503611,stop,18,-0.050767694343002934,-0.9251524041367475,2025-11-06,0.0025,False
2025-10-09,trend_lowbeta,CCL,bull,1.138022732798444,826.3097269469318,760.4093579440324,970.3508965318017,,970.3508965318017,stop,30,0.17181861793165204,2.185741472533067,2025-11-24,0.0025,False
2025-10-09,trend_lowbeta,MANAPPURAM,bull,1.112322093175485,290.6719679191931,273.6871927669832,273.6871927669832,,273.6871927669832,stop,11,-0.06093279375647148,-1.0,2025-10-27,0.0025,False
2025-10-09,trend_lowbeta,KIMS,bull,1.1037119639417232,693.7999877929688,642.178230772917,667.979515757865,,667.979515757865,stop,21,-0.039716016848372504,-0.5001858426685121,2025-11-11,0.0025,False
2025-10-09,trend_lowbeta,CARTRADE,bull,1.0998931623931625,2451.0,2214.2380256008537,2902.933235841195,,2902.933235841195,stop,39,0.1818872851249264,1.9088083590623424,2025-12-05,0.0025,False
2025-10-16,momentum,RBLBANK,bull,0.7610296774407392,304.2123902182348,291.650778429319,291.650778429319,329.3356137960664,329.3356137960664,target,10,0.08008448500341742,2.0,2025-10-31,0.0025,True
2025-10-16,momentum,ANANDRATHI,bull,0.726080371448822,1548.6119182470031,1463.6540449590716,1463.6540449590716,1718.5276648228662,1514.4788818359375,time,20,-0.024541052383029224,-0.4017642519768007,2025-11-17,0.0025,True
2025-10-16,momentum,ETERNAL,bull,0.7258361265063623,340.0,334.08797645009514,334.08797645009514,351.8240470998097,334.08797645009514,stop,1,-0.019888304558543676,-1.0,2025-10-17,0.0025,True
2025-10-16,momentum,BAJFINANCE,bull,0.7086560716868922,1049.6475471792012,1026.5469069481362,1026.5469069481362,1095.8488276413311,1026.5469069481362,stop,11,-0.024507997154040003,-1.0,2025-11-03,0.0025,True
2025-10-16,momentum,ACUTAAS,bull,0.7084270421808969,1558.7340945612273,1479.6960469060987,1479.6960469060987,1716.8101898714845,1716.8101898714845,target,2,0.09891312483111786,2.0,2025-10-20,0.0025,True
2025-10-16,momentum,GMDCLTD,bull,0.6985468771831774,591.0,543.6363272408059,543.6363272408059,685.7273455183881,563.4500122070312,time,20,-0.049115884590471615,-0.5816691609419341,2025-11-17,0.0025,True
2025-10-16,momentum,ADANIPORTS,bull,0.6958464906152484,1473.290840188477,1433.0328139429162,1433.0328139429162,1553.8068926795986,1433.0328139429162,stop,5,-0.029825240303815777,-1.0,2025-10-24,0.0025,True
2025-10-16,momentum,ENDURANCE,bull,0.6947138000093149,2939.4958794002946,2775.0606825429763,2775.0606825429763,3268.366273114931,2775.0606825429763,stop,14,-0.058439931064256434,-1.0,2025-11-07,0.0025,True
2025-10-16,momentum,CRAFTSMAN,bull,0.6783894555446882,6742.272726396734,6523.637125799822,6523.637125799822,7179.543927590557,6523.637125799822,stop,5,-0.03492758183615591,-1.0,2025-10-24,0.0025,True
2025-10-16,momentum,ASAHIINDIA,bull,0.672730659959946,911.8779756097988,866.5038822449405,866.5038822449405,1002.6261623395153,1002.6261623395153,target,20,0.09701790607622768,2.0,2025-11-17,0.0025,True
2025-10-16,control_naive_low,IEX,bull,-1.034776668113082,131.1147149525005,126.53235655823929,126.53235655823929,140.2794317410229,140.2794317410229,target,4,0.06739846099152608,2.0,2025-10-23,0.0025,True
2025-10-16,control_naive_low,CROMPTON,bull,-1.0381295074426706,285.565640179178,275.47833069368386,275.47833069368386,305.74025915016625,275.47833069368386,stop,13,-0.0378239608209337,-1.0,2025-11-06,0.0025,True
2025-10-16,control_naive_low,BLUEDART,bull,-1.044113671778442,5580.0,5379.806579495263,5379.806579495263,5980.386841009475,5980.386841009475,target,8,0.06925391415940413,2.0,2025-10-29,0.0025,True
2025-10-16,trend_lowbeta,ASTERDM,bull,1.189419336437936,696.300018689416,645.3979769424463,648.5342795358312,,648.5342795358312,stop,24,-0.07109936503159958,-0.9383855247108722,2025-11-21,0.0025,False
2025-10-16,trend_lowbeta,ZYDUSWELL,bull,1.1316639080588753,471.25856811259547,424.3935641440049,430.09867046566944,,430.09867046566944,stop,29,-0.08984036987756555,-0.878265105333435,2025-11-28,0.0025,False
2025-10-16,trend_lowbeta,ITI,bull,1.1171064074510464,332.0,298.65059669729567,298.65059669729567,,298.65059669729567,stop,24,-0.10295000994790465,-1.0,2025-11-21,0.0025,False
2025-10-16,trend_lowbeta,ABDL,bull,1.1110795507677347,537.3472381342787,495.7541884115809,619.3527265691821,,619.3527265691821,stop,15,0.15011172406809864,1.9716151852686155,2025-11-10,0.0025,False
2025-10-24,momentum,NATIONALUM,bull,0.7427372234432366,229.63193598094668,219.3346308911923,219.3346308911923,250.22654616045546,250.22654616045546,target,10,0.0871853048402535,2.0,2025-11-10,0.0025,True
2025-10-24,momentum,INDIANB,bull,0.7261740834979915,806.7637512484413,771.5604106519831,771.5604106519831,877.1704324413575,836.9213256835938,time,20,0.03488092395510395,0.8566679731010151,2025-11-24,0.0025,True
2025-10-24,momentum,CUMMINSIND,bull,0.7255564587812137,4166.340711704888,4010.038082366159,4010.038082366159,4478.945970382347,4244.33642578125,time,20,0.016220435862876307,0.4990044915196809,2025-11-24,0.0025,True
2025-10-24,momentum,HINDCOPPER,bull,0.7160414890593919,344.836723834154,320.79954022673013,320.79954022673013,392.9110910490017,320.79954022673013,stop,8,-0.07220598531432604,-1.0,2025-11-06,0.0025,True
2025-10-24,momentum,MOTILALOFS,bull,0.6949539590060568,1032.6648082329502,989.7587444466747,989.7587444466747,1118.4769358055014,989.7587444466747,stop,3,-0.04404887766505233,-1.0,2025-10-29,0.0025,True
2025-10-24,momentum,MUTHOOTFIN,bull,0.6915364213318177,3142.4293629651565,3025.515791750632,3025.515791750632,3376.2565053942053,3376.2565053942053,target,13,0.07190967335170656,2.0,2025-11-13,0.0025,True
2025-10-24,momentum,BANKINDIA,bull,0.6864998824556666,129.94521193906496,124.9357205671352,124.9357205671352,139.96419468292447,139.96419468292447,target,9,0.07460159223533153,2.0,2025-11-07,0.0025,True
2025-10-24,momentum,CHOLAFIN,bull,0.6725209783838598,1745.2087188972955,1673.3782041604668,1673.3782041604668,1888.869748370953,1673.3782041604668,stop,8,-0.04365869578179432,-1.0,2025-11-06,0.0025,True
2025-10-24,momentum,TVSMOTOR,bull,0.6714170692431563,3607.191836453769,3483.3495884596036,3483.3495884596036,3854.8763324421,3483.3495884596036,stop,3,-0.036832038219490715,-1.0,2025-10-29,0.0025,True
2025-10-24,momentum,CANBK,bull,0.6685658804584635,122.21829090993097,117.68563203571648,117.68563203571648,131.28360865835995,131.28360865835995,target,5,0.0716731673789292,2.0,2025-10-31,0.0025,True
2025-10-24,momentum,NYKAA,bull,0.6633039689305673,252.6999969482422,240.03428393498257,240.03428393498257,278.0314229747614,271.1600036621094,time,20,0.0705510761250549,1.4574786823719734,2025-11-24,0.0025,True
2025-10-24,control_naive_low,JINDALSAW,bull,-1.0062534621944133,179.54579882253606,168.97228040680523,168.97228040680523,200.69283565399772,168.97228040680523,stop,7,-0.06139036939361503,-1.0,2025-11-04,0.0025,True
2025-10-24,control_naive_low,TEJASNET,bull,-1.006727783190705,543.0,514.5325182932517,514.5325182932517,599.9349634134967,514.5325182932517,stop,10,-0.05492630148572436,-1.0,2025-11-10,0.0025,True
2025-10-24,control_naive_low,FINCABLES,bull,-1.0164128764416553,784.4143244633516,757.9214173718981,757.9214173718981,837.4001386462586,757.9214173718981,stop,9,-0.0362741245477361,-1.0,2025-11-07,0.0025,True
2025-10-24,control_naive_low,COHANCE,bull,-1.0238318042220356,875.0,837.9713494506734,837.9713494506734,949.0573010986532,830.0,stop,3,-0.05392857142857138,-1.2152751810400064,2025-10-29,0.0025,True
2025-10-24,trend_lowbeta,GVT&D,bull,1.1314683226568003,2903.313838723838,2646.8998146227236,2811.7922600030633,,2811.7922600030633,stop,20,-0.034023143485240104,-0.3569289122996024,2025-11-24,0.0025,False
2025-10-24,trend_lowbeta,REDINGTON,bull,1.1193761576612093,259.40300978964035,234.17948628098935,256.2537466136976,,256.2537466136976,stop,30,-0.014640426506602964,-0.12485421296761422,2025-12-08,0.0025,False
2025-10-24,trend_lowbeta,COROMANDEL,bull,1.105716338594617,2170.8210975539064,2002.9486893873318,2187.0235752985145,,2187.0235752985145,stop,60,0.004963755425477058,0.0965166218889939,2026-01-21,0.0025,False
2025-10-31,momentum,ABCAPITAL,bull,0.7750452520677198,325.6499938964844,311.7165394095297,311.7165394095297,353.5169028703938,353.5169028703938,target,19,0.08307319053034451,2.0,2025-11-28,0.0025,True
2025-10-31,momentum,CANBK,bull,0.7578606767588516,133.2735934275025,127.6132775214727,127.6132775214727,144.59422523956212,144.59422523956212,target,10,0.08244279715071795,2.0,2025-11-17,0.0025,True
2025-10-31,momentum,BEL,bull,0.7282258162554635,425.6078513499783,411.3819531895897,411.3819531895897,454.05964767075557,408.70288337372733,stop,3,-0.04221958675722365,-1.1883234215272336,2025-11-06,0.0025,True
2025-10-31,momentum,TATASTEEL,bull,0.7276908147654467,178.71440957861506,174.05944345214218,174.05944345214218,188.02434183156083,174.05944345214218,stop,3,-0.028546954677290345,-1.0,2025-11-06,0.0025,True
2025-10-31,momentum,VEDL,bull,0.7214892417657575,493.75390303762333,467.48959358500514,467.48959358500514,546.2825219428597,524.5397338867188,time,20,0.05985055694688762,1.1721545888969296,2025-12-01,0.0025,True
2025-10-31,momentum,MARUTI,bull,0.7195138007241265,15856.74963660469,15629.739681731871,15629.739681731871,16310.76954635033,15629.739681731871,stop,1,-0.016816298111233027,-1.0,2025-11-03,0.0025,True
2025-10-31,momentum,IIFL,bull,0.7177397430900034,536.0833824694552,506.0679777161675,506.0679777161675,596.1141919760305,583.1353149414062,time,20,0.08526980225577513,1.5675928030521515,2025-12-01,0.0025,True
2025-10-31,momentum,SAIL,bull,0.7080967433439286,136.7899932861328,130.95613694207918,130.95613694207918,148.45770597424007,135.0500030517578,time,20,-0.015220157319807357,-0.2982572987332039,2025-12-01,0.0025,True
2025-10-31,momentum,HBLENGINE,bull,0.7076662741767265,1000.2256141707297,952.187194430792,952.187194430792,1096.302453650605,1096.302453650605,target,5,0.09355516807278613,1.9999999999999976,2025-11-10,0.0025,True
2025-10-31,momentum,HINDPETRO,bull,0.707484739932158,453.1869122521613,430.65670567242046,430.65670567242046,498.2473254116429,430.65670567242046,stop,16,-0.05221504244854408,-1.0,2025-11-25,0.0025,True
2025-10-31,momentum,JSWSTEEL,bull,0.7028847666056153,1206.9673783623025,1165.1066123107253,1165.1066123107253,1290.688910465457,1165.1066123107253,stop,3,-0.037182599382575565,-1.0,2025-11-06,0.0025,True
2025-10-31,momentum,LTF,bull,0.702576762119716,267.74338334855395,258.9573272990374,258.9573272990374,285.31549544758707,285.31549544758707,target,4,0.06313042522009721,2.0,2025-11-07,0.0025,True
2025-10-31,momentum,PNB,bull,0.6930534382973143,119.62160893842717,115.64220818976585,115.64220818976585,127.58041043574981,115.64220818976585,stop,4,-0.03576657101485431,-1.0,2025-11-07,0.0025,True
2025-10-31,momentum,PAYTM,bull,0.6752574411059387,1300.0999755859375,1259.578511010549,1259.578511010549,1381.1429047367146,1259.578511010549,stop,14,-0.03366796041560277,-1.0,2025-11-21,0.0025,True
2025-10-31,control_naive_low,DEEPAKNTR,bull,-1.0019710286458334,1721.0394703215027,1676.8506883157086,1676.8506883157086,1809.417034333091,1675.3481372655199,stop,15,-0.02904868400400334,-1.0340029976384428,2025-11-24,0.0025,True
2025-10-31,control_naive_low,COHANCE,bull,-1.0058074049689405,753.4000244140625,708.8024701699948,708.8024701699948,842.595132902198,708.8024701699948,stop,4,-0.0616950528256916,-1.0,2025-11-07,0.0025,True
2025-10-31,control_naive_low,COLPAL,bull,-1.0427707428414315,2201.942535658005,2130.3732922067256,2130.3732922067256,2345.0810225605637,2130.3732922067256,stop,4,-0.035002775296037625,-1.0,2025-11-07,0.0025,True
2025-10-31,control_naive_low,BATAINDIA,bull,-1.0443859402731845,1021.753251057802,981.4523969365162,981.4523969365162,1102.3549593003736,981.4523969365162,stop,9,-0.04194284403261078,-1.0,2025-11-14,0.0025,True
2025-10-31,trend_lowbeta,TATAINVEST,bull,1.1646516326663625,793.9055692076533,664.0290796655754,664.0290796655754,,664.0290796655754,stop,48,-0.1660918610215814,-1.0,2026-01-09,0.0025,False
2025-10-31,trend_lowbeta,MANAPPURAM,bull,1.1398846379456429,266.86268901728386,248.7405186244874,291.8729565430324,,291.8729565430324,stop,48,0.09121961145204799,1.380092283851944,2026-01-09,0.0025,False
2025-10-31,trend_lowbeta,CEMPRO,bull,1.1078411746631782,810.8748768107725,734.2057509778491,756.9315084002387,,756.9315084002387,stop,44,-0.0690248979259252,-0.7035865848801596,2026-01-05,0.0025,False
2025-10-31,trend_lowbeta,HYUNDAI,bull,1.1032904721557528,2416.9188957046576,2232.928257576596,2232.928257576596,,2232.928257576596,stop,33,-0.07862611182570062,-1.0,2025-12-18,0.0025,False
2025-10-31,trend_lowbeta,POONAWALLA,bull,1.1024897347324514,479.0,437.9945543259706,437.9945543259706,,437.9945543259706,stop,32,-0.08810635840089637,-1.0,2025-12-17,0.0025,False
2025-11-10,momentum,GABRIEL,bull,0.7446255610678005,1280.0350720369363,1187.7454529335546,1187.7454529335546,1464.6143102436997,1187.7454529335546,stop,4,-0.0745992894019068,-1.0,2025-11-14,0.0025,True
2025-11-10,momentum,RBLBANK,bull,0.7394283014410583,322.61477414934893,309.47231318920706,309.47231318920706,348.8996960696327,309.47231318920706,stop,7,-0.043237318973674166,-1.0,2025-11-19,0.0025,True
2025-11-10,momentum,HINDCOPPER,bull,0.7170092133238838,338.1727089546224,317.4652015175295,317.4652015175295,379.5877238288082,317.4652015175295,stop,9,-0.063733526209448,-1.0,2025-11-21,0.0025,True
2025-11-10,momentum,SAMMAANCAP,bull,0.7059532246633593,180.0,169.9591211266322,169.9591211266322,200.0817577467356,169.9591211266322,stop,7,-0.05828266040759894,-1.0,2025-11-19,0.0025,True
2025-11-10,momentum,MCX,bull,0.6912119064493266,1905.4311202948834,1816.2267464346587,1816.2267464346587,2083.8398680153327,2083.8398680153327,target,13,0.09113169616587297,2.0,2025-11-27,0.0025,True
2025-11-10,momentum,USHAMART,bull,0.6900543349870067,477.16516547157363,451.5064117088266,451.5064117088266,528.4826729970678,451.5064117088266,stop,3,-0.056273317122571054,-1.0,2025-11-13,0.0025,True
2025-11-10,momentum,UNIONBANK,bull,0.6896158863036643,149.81671583574206,143.84931604083002,143.84931604083002,161.75151542556614,143.84931604083002,stop,20,-0.04233133498570779,-1.0,2025-12-08,0.0025,True
2025-11-10,momentum,EICHERMOT,bull,0.681124497991968,6800.288494188366,6601.44103853399,6601.44103853399,7197.983405497118,6601.44103853399,stop,4,-0.03174103232154263,-1.0,2025-11-14,0.0025,True
2025-11-10,momentum,SBIN,bull,0.6741528034359158,936.7156357136287,912.7464298251466,912.7464298251466,984.6540474905928,939.466064453125,time,20,0.0004362472821337082,0.11474842981001691,2025-12-08,0.0025,True
2025-11-10,momentum,SOBHA,bull,0.6665890199570417,1639.2806455268376,1558.9663980299483,1558.9663980299483,1799.9091405206161,1558.9663980299483,stop,4,-0.051493592229643836,-1.0,2025-11-14,0.0025,True
2025-11-10,momentum,GPIL,bull,0.6554689345617766,271.18083390525226,257.41834379337274,257.41834379337274,298.7058141290113,257.41834379337274,stop,7,-0.05325023154729286,-1.0,2025-11-19,0.0025,True
2025-11-10,reversal,TORNTPOWER,bull,0.5854819277108434,1300.4735853112381,1224.9851130559812,1224.9851130559812,1489.1947659493806,1237.9404296875,time,20,-0.05058491024350359,-0.828380198400205,2025-12-08,0.0025,True
2025-11-10,control_naive_low,TARIL,bull,-1.0,301.25,284.28689489162934,284.28689489162934,335.1762102167413,284.28689489162934,stop,1,-0.058809062600400475,-1.0,2025-11-11,0.0025,True
2025-11-10,control_naive_low,TEJASNET,bull,-1.0034708448187848,508.95001220703125,484.18109843806417,484.18109843806417,558.4878397449654,484.18109843806417,stop,10,-0.051166692553082316,-1.0,2025-11-24,0.0025,True
2025-11-10,control_naive_low,COHANCE,bull,-1.003916263104805,705.3499755859375,664.55323192858,664.55323192858,786.9434629006525,664.55323192858,stop,3,-0.060339009101074204,-1.0,2025-11-13,0.0025,True
2025-11-10,control_naive_low,SAPPHIRE,bull,-1.0043553284121498,265.0,248.87049028903428,248.87049028903428,297.25901942193144,248.87049028903428,stop,3,-0.06336607438100267,-1.0,2025-11-13,0.0025,True
2025-11-10,control_naive_low,TRENT,bull,-1.004950053294432,4288.6625270201985,4112.42765268167,4112.42765268167,4641.132275697255,4112.42765268167,stop,20,-0.04359320172155817,-1.0,2025-12-08,0.0025,True
2025-11-10,control_naive_low,CLEAN,bull,-1.0146757045503298,933.2806146555934,888.6387624960245,888.6387624960245,1022.5643189747311,888.6387624960245,stop,16,-0.05033325771321523,-1.0,2025-12-02,0.0025,True
2025-11-10,control_naive_low,COLPAL,bull,-1.02030824864147,2144.7171511102965,2090.6764078835045,2090.6764078835045,2252.7986375638807,2090.6764078835045,stop,17,-0.027697142289283157,-1.0,2025-12-03,0.0025,True
2025-11-10,control_naive_low,UBL,bull,-1.023930021552111,1766.3309348922455,1720.5261924976076,1720.5261924976076,1857.9404196815215,1720.5261924976076,stop,9,-0.028432140738639252,-1.0,2025-11-21,0.0025,True
2025-11-10,control_naive_low,POLYMED,bull,-1.024363241147464,1858.4942228138411,1771.4774590757152,1771.4774590757152,2032.527750290093,2032.527750290093,target,1,0.09114222139617828,2.0,2025-11-11,0.0025,True
2025-11-10,control_naive_low,SIGNATURE,bull,-1.0338056927267838,1022.0,978.8018789718678,978.8018789718678,1108.3962420562643,1108.3962420562643,target,3,0.08203644036816476,2.0,2025-11-13,0.0025,True
2025-11-10,control_naive_low,RKFORGE,bull,-1.0403351846280453,533.5408809501763,512.0118514698836,512.0118514698836,576.5989399107617,576.5989399107617,target,3,0.07820245504693818,2.0,2025-11-13,0.0025,True
2025-11-10,control_naive_low,ACC,bull,-1.0416079231676258,1843.3342278849523,1785.7176020444208,1785.7176020444208,1958.5674795660152,1958.5674795660152,target,10,0.060013487753808936,2.0,2025-11-24,0.0025,True
2025-11-10,control_naive_low,CROMPTON,bull,-1.0416201012417219,277.06783394231894,267.3828134911846,267.3828134911846,296.4378748445876,267.3828134911846,stop,8,-0.037455412590949144,-1.0,2025-11-20,0.0025,True
2025-11-10,control_naive_low,INDGN,bull,-1.0421578560606344,517.079642306403,495.6530102134128,495.6530102134128,559.9329064923834,523.3023071289062,time,20,0.009534248331161068,0.2904173084924074,2025-12-08,0.0025,True
2025-11-10,control_naive_low,PAGEIND,bull,-1.0426849005365488,39454.10862327511,38403.778196777304,38403.778196777304,41554.769476270725,38403.778196777304,stop,4,-0.029121572838631756,-1.0,2025-11-14,0.0025,True
2025-11-10,control_naive_low,PETRONET,bull,-1.0434047715767794,267.54613159575933,259.73209254287474,259.73209254287474,283.1742097015285,267.71160888671875,time,20,-0.00188149996797776,0.021176921415350353,2025-12-08,0.0025,True
2025-11-10,control_naive_low,LTTS,bull,-1.044019675664637,4040.933837213965,3928.734490681028,3928.734490681028,4265.3325302798385,4265.3325302798385,target,7,0.05303139499571369,1.999999999999996,2025-11-19,0.0025,True
2025-11-10,control_naive_low,CHAMBLFERT,bull,-1.0463072014091892,457.09456036008635,442.1965061168245,442.1965061168245,486.8906688466101,442.1965061168245,stop,10,-0.03509293707526423,-1.0,2025-11-24,0.0025,True
2025-11-10,trend_lowbeta,FORTIS,bull,1.1800532816775136,997.9413400151027,929.3807885862162,929.3807885862162,,929.3807885862162,stop,4,-0.07120198545723028,-1.0,2025-11-14,0.0025,False
2025-11-10,trend_lowbeta,JKCEMENT,bull,1.1570613319954848,5618.089667574697,5177.608829183317,5375.225407731643,,5375.225407731643,stop,53,-0.045728975365908975,-0.5513616908512647,2026-01-27,0.0025,False
2025-11-10,trend_lowbeta,NH,bull,1.1455885836921833,1811.9838518498982,1699.2837969128523,1886.0697522014307,,1886.0697522014307,stop,20,0.03838662284484279,0.6573723534821411,2025-12-08,0.0025,False
2025-11-10,trend_lowbeta,MARUTI,bull,1.1378251134616366,15484.488192613455,14724.33441732054,16134.852754561256,,16134.852754561256,stop,44,0.03950103702865965,0.8555697321863494,2026-01-12,0.0025,False
2025-11-10,trend_lowbeta,NYKAA,bull,1.1331426434587102,259.0,241.5601042213481,244.19613931809045,,244.19613931809045,stop,27,-0.05965776325061606,-0.8488502953114487,2025-12-17,0.0025,False
2025-11-10,trend_lowbeta,ABDL,bull,1.1263546878121067,616.6605262140777,558.0030077529232,581.2257562642486,,581.2257562642486,stop,35,-0.05996236128875815,-0.6040959604060895,2025-12-30,0.0025,False
2025-11-10,trend_lowbeta,PTCIL,bull,1.1163150168856928,17298.0,16060.206405255172,17139.48896735724,,17139.48896735724,stop,28,-0.011663546805570633,-0.12805934148935183,2025-12-18,0.0025,False
2025-11-10,trend_lowbeta,RBLBANK,bull,1.0989833744443052,322.61477414934893,300.3449685965951,300.3449685965951,,300.3449685965951,stop,16,-0.07152909394485579,-1.0,2025-12-02,0.0025,False
2025-11-17,momentum,HEROMOTOCO,bull,0.7496394132162036,5625.974780961721,5415.744844728255,5415.744844728255,6046.434653428653,6046.434653428653,target,10,0.07223547053388274,2.0,2025-12-01,0.0025,True
2025-11-17,momentum,ASAHIINDIA,bull,0.7343478493465653,1000.046927540862,952.4308324292567,952.4308324292567,1095.2791177640727,1007.6314086914062,time,20,0.005084125246196782,0.15928398019130438,2025-12-15,0.0025,True
2025-11-17,momentum,LAURUSLABS,bull,0.717666174068519,1026.9775490769562,987.0641389995064,987.0641389995064,1106.8043692318556,987.0641389995064,stop,2,-0.041364929533585004,-1.0,2025-11-19,0.0025,True
2025-11-17,momentum,STARHEALTH,bull,0.7147483130413868,522.0,498.3252492825778,498.3252492825778,569.3495014348445,498.3252492825778,stop,4,-0.047853928577437255,-1.0,2025-11-21,0.0025,True
2025-11-17,momentum,ASHOKLEY,bull,0.6942658008525195,146.94329402970135,139.5647161542088,139.5647161542088,161.70044978068643,161.70044978068643,target,11,0.09792755505400769,2.0,2025-12-02,0.0025,True
2025-11-17,momentum,BANKINDIA,bull,0.6789357088989443,142.747036336361,137.7481751352897,137.7481751352897,152.74475873850358,137.7481751352897,stop,12,-0.0375190191640285,-1.0,2025-12-03,0.0025,True
2025-11-17,momentum,PNB,bull,0.6773331447963801,120.14635772748295,115.93701271582256,115.93701271582256,128.56504775080373,115.93701271582256,stop,12,-0.03753514456266799,-1.0,2025-12-03,0.0025,True
2025-11-17,momentum,AUBANK,bull,0.6667986425339367,911.7646004794544,881.8666816530767,881.8666816530767,971.5604381322098,971.5604381322098,target,16,0.063082539200701,2.0,2025-12-09,0.0025,True
2025-11-17,momentum,ANANDRATHI,bull,0.6656674208144796,1521.9143483405944,1448.5241534268603,1448.5241534268603,1668.6947381680627,1448.5241534268603,stop,3,-0.05072228990334077,-1.0,2025-11-20,0.0025,True
2025-11-17,momentum,FEDERALBNK,bull,0.665549585218703,238.62477535071787,232.0048717980188,232.0048717980188,251.864582456116,251.864582456116,target,6,0.05298379075868803,2.0,2025-11-25,0.0025,True
2025-11-17,momentum,MARUTI,bull,0.6608173076923077,15720.122513045355,15345.051512254937,15345.051512254937,16470.264514626193,16251.7822265625,time,20,0.031320328885856064,1.4174908547894522,2025-12-15,0.0025,True
2025-11-17,momentum,ECLERX,bull,0.6604732277526396,2283.7338819418633,2151.085394993731,2151.085394993731,2549.030855838128,2323.91162109375,time,20,0.015093003926413386,0.30288878581477413,2025-12-15,0.0025,True
2025-11-17,control_naive_low,BATAINDIA,bull,-1.0015794428291585,968.6900320410516,936.2545921977696,936.2545921977696,1033.5609117276156,936.2545921977696,stop,10,-0.035983817083303504,-1.0,2025-12-01,0.0025,True
2025-11-17,control_naive_low,COHANCE,bull,-1.004352865419182,616.0,571.6103489425241,571.6103489425241,704.7793021149519,571.6103489425241,stop,5,-0.07456112184655189,-1.0,2025-11-24,0.0025,True
2025-11-17,control_naive_low,PAGEIND,bull,-1.0237505636982491,39060.55507459241,37533.27988380052,37533.27988380052,42115.1054561762,37533.27988380052,stop,10,-0.041600191686352594,-1.0,2025-12-01,0.0025,True
2025-11-17,control_naive_low,THERMAX,bull,-1.025425344145348,2998.2546552112835,2886.728776737074,2886.728776737074,3221.3064121597026,2886.728776737074,stop,2,-0.03969693331597629,-1.0,2025-11-19,0.0025,True
2025-11-17,control_naive_low,TMPV,bull,-1.0267217967135849,370.03047917522923,346.36724923249005,346.36724923249005,417.3569390607076,346.36724923249005,stop,15,-0.06644940761496937,-1.0,2025-12-08,0.0025,True
2025-11-17,control_naive_low,AFCONS,bull,-1.0328205009222833,402.20640160315514,384.3865129522193,384.3865129522193,437.8461789050269,384.3865129522193,stop,2,-0.04680533323166297,-1.0,2025-11-19,0.0025,True
2025-11-17,control_naive_low,SJVN,bull,-1.038673254411888,81.82560202068363,79.3835005482234,79.3835005482234,86.7098049656041,79.3835005482234,stop,4,-0.032345200183714284,-1.0,2025-11-21,0.0025,True
2025-11-17,control_naive_low,SAPPHIRE,bull,-1.039081872741827,254.0500030517578,236.10109756965008,236.10109756965008,289.9478140159733,236.10109756965008,stop,16,-0.07315107367249668,-1.0,2025-12-09,0.0025,True
2025-11-17,control_naive_low,SUMICHEM,bull,-1.0405486578907208,461.58724439620863,442.4911129829557,442.4911129829557,499.77950722271447,442.4911129829557,stop,5,-0.04387057868276262,-1.0,2025-11-24,0.0025,True
2025-11-17,control_naive_low,JINDALSAW,bull,-1.0414919977461654,167.3878183263763,160.24073776553703,160.24073776553703,181.68197944805485,160.24073776553703,stop,5,-0.04519773411410227,-1.0,2025-11-24,0.0025,True
2025-11-17,control_naive_low,BAJAJHFL,bull,-1.041610096789712,107.23999786376953,105.42512995332248,105.42512995332248,110.86973368466363,105.42512995332248,stop,4,-0.019423423597532515,-1.0,2025-11-21,0.0025,True
2025-11-17,trend_lowbeta,MUTHOOTFIN,bull,1.2129740980573542,3649.244046808135,3491.692983845794,3725.2053824622367,,3450.8216111167512,stop,52,-0.056873572484125,-1.2594166739377204,2026-02-02,0.0025,False
2025-11-17,trend_lowbeta,FORTIS,bull,1.1867715078630898,945.3971110888921,877.1015210657181,877.1015210657181,,877.1015210657181,stop,15,-0.0747401086507577,-1.0,2025-12-08,0.0025,False
2025-11-17,trend_lowbeta,PARADEEP,bull,1.1477104532839963,165.1604463898844,147.27009351174013,147.27009351174013,,147.27009351174013,stop,16,-0.1108210494352358,-1.0,2025-12-09,0.0025,False
2025-11-17,trend_lowbeta,AUBANK,bull,1.1117021276595744,911.7646004794544,861.9014599816904,954.5268755173354,,954.5268755173354,stop,48,0.044400565140820525,0.8575928954935869,2026-01-27,0.0025,False
2025-11-24,momentum,EICHERMOT,bull,0.758691128889867,7183.277850058119,6973.031023099163,6973.031023099163,7603.771503976031,6973.031023099163,stop,3,-0.03176892587863006,-1.0,2025-11-27,0.0025,True
2025-11-24,momentum,ACUTAAS,bull,0.7545332323383931,1878.5948250151023,1765.588021491643,1765.588021491643,2104.6084320620207,1765.588021491643,stop,2,-0.06265496370940488,-1.0,2025-11-26,0.0025,True
2025-11-24,momentum,INDIANB,bull,0.7088350634371395,838.0963063822118,809.7273147202276,809.7273147202276,894.8342897061801,809.7273147202276,stop,7,-0.036349321904834364,-1.0,2025-12-03,0.0025,True
2025-11-24,momentum,LTF,bull,0.7086505190311418,289.96460062107553,278.7094352965581,278.7094352965581,312.47493127011035,300.25860595703125,time,20,0.03300090360653324,0.9146027658547164,2025-12-22,0.0025,True
2025-11-24,momentum,AXISBANK,bull,0.6861306026418419,1268.1219878416657,1238.1711457483866,1238.1711457483866,1328.023672028224,1238.1711457483866,stop,16,-0.026118265735030118,-1.0,2025-12-16,0.0025,True
2025-11-24,momentum,NATIONALUM,bull,0.685121107266436,247.021872272695,236.31061132542874,236.31061132542874,268.44439416722753,268.44439416722753,target,9,0.08422317838674437,2.0000000000000027,2025-12-05,0.0025,True
2025-11-24,momentum,CANBK,bull,0.6848673587081892,141.97650886075,137.22799990623224,137.22799990623224,151.47352676978548,137.22799990623224,stop,11,-0.03594573685196795,-1.0,2025-12-09,0.0025,True
2025-11-24,momentum,TATACOMM,bull,0.6845674740484429,1857.2118959493998,1781.850218304039,1781.850218304039,2007.9352512401217,1781.850218304039,stop,10,-0.043077856414621085,-1.0,2025-12-08,0.0025,True
2025-11-24,momentum,SBILIFE,bull,0.6836446374541002,1969.6619155792798,1962.1552224902755,1962.1552224902755,1984.6753017572885,1984.6753017572885,target,1,0.005122316327110967,2.0,2025-11-25,0.0025,True
2025-11-24,momentum,JKTYRE,bull,0.678085351787774,440.86416351230713,422.0316806124132,422.0316806124132,478.529129312095,478.529129312095,target,19,0.08293440115367051,2.0,2025-12-19,0.0025,True
2025-11-24,momentum,POWERINDIA,bull,0.6751511106603697,21474.873081909438,20548.0953265647,20548.0953265647,23328.428592598913,20548.0953265647,stop,8,-0.045656378704070744,-1.0,2025-12-04,0.0025,True
2025-11-24,momentum,KARURVYSYA,bull,0.6739792387543253,241.63071633826948,232.19780308310706,232.19780308310706,260.49654284859434,250.6307373046875,time,20,0.03474700693192706,0.954108314469288,2025-12-22,0.0025,True
2025-11-24,control_naive_low,CROMPTON,bull,-1.0015094109301297,261.8508442794017,253.5200157222582,253.5200157222582,278.51250139368875,253.5200157222582,stop,7,-0.03431516782987459,-1.0,2025-12-03,0.0025,True
2025-11-24,control_naive_low,DEEPAKNTR,bull,-1.0032097236717177,1617.9104475061074,1571.8562856175488,1571.8562856175488,1710.0187712832246,1571.8562856175488,stop,1,-0.030965210765866388,-1.0,2025-11-25,0.0025,True
2025-11-24,control_naive_low,FINCABLES,bull,-1.003825470585151,741.7183469859052,716.7830900683897,716.7830900683897,791.5888608209362,716.7830900683897,stop,10,-0.03611822856188479,-1.0,2025-12-08,0.0025,True
2025-11-24,control_naive_low,PCBL,bull,-1.00401230800299,319.53856413209866,307.67396687534006,307.67396687534006,343.26775864561586,307.67396687534006,stop,9,-0.039630407996243344,-1.0,2025-12-05,0.0025,True
2025-11-24,control_naive_low,SUMICHEM,bull,-1.004402261283925,448.41897853723316,425.35623593700274,425.35623593700274,494.544463737694,453.90576171875,time,20,0.009735840685010712,0.23790679524221126,2025-12-22,0.0025,True
2025-11-24,control_naive_low,CHAMBLFERT,bull,-1.0055936351758705,434.5481588033822,418.95360640323446,418.95360640323446,465.73726360367766,418.95360640323446,stop,10,-0.03838682194187765,-1.0,2025-12-08,0.0025,True
2025-11-24,control_naive_low,UBL,bull,-1.006672206536975,1692.853768147923,1648.0631453723743,1648.0631453723743,1782.4350136990201,1648.0631453723743,stop,11,-0.028958648477683976,-1.0,2025-12-09,0.0025,True
2025-11-24,control_naive_low,TEJASNET,bull,-1.0074937680042755,484.0,459.8621340554873,459.8621340554873,532.2757318890255,459.8621340554873,stop,11,-0.05237162385229904,-1.0,2025-12-09,0.0025,True
2025-11-24,control_naive_low,SJVN,bull,-1.0079989491662058,77.57466436367277,75.57117828591505,75.57117828591505,81.5816365191882,75.57117828591505,stop,6,-0.028326551673692076,-1.0,2025-12-02,0.0025,True
2025-11-24,control_naive_low,COHANCE,bull,-1.0081386685891516,569.7999877929688,531.5775468293699,531.5775468293699,646.2448697201664,531.5775468293699,stop,10,-0.06958045240865568,-1.0,2025-12-08,0.0025,True
2025-11-24,control_naive_low,THERMAX,bull,-1.0095774475957306,2852.350639387077,2742.2855313137156,2742.2855313137156,3072.4808555338,2742.2855313137156,stop,10,-0.04108750973793768,-1.0,2025-12-08,0.0025,True
2025-11-24,control_naive_low,JINDALSAW,bull,-1.0110437946370978,160.52108221600014,153.95854257542447,153.95854257542447,173.64616149715147,153.95854257542447,stop,11,-0.043382727365026075,-1.0,2025-12-09,0.0025,True
2025-11-24,control_naive_low,RKFORGE,bull,-1.0154909699543937,516.518207747484,494.64245505641765,494.64245505641765,560.2697131296167,494.64245505641765,stop,17,-0.04485233601244315,-1.0,2025-12-17,0.0025,True
2025-11-24,control_naive_low,SAREGAMA,bull,-1.0157620619309429,369.45001220703125,353.0606003926096,353.0606003926096,402.2288358358745,402.2288358358745,target,3,0.08622329826984759,2.0,2025-11-27,0.0025,True
2025-11-24,control_naive_low,TARIL,bull,-1.0189580983505153,289.54998779296875,257.4871744478901,257.4871744478901,353.6756144831261,257.4871744478901,stop,6,-0.11323325745744434,-1.0,2025-12-02,0.0025,True
2025-11-24,trend_lowbeta,ASTERDM,bull,1.215581301705835,664.9374455169972,617.2884929707982,617.2884929707982,,617.2884929707982,stop,10,-0.0741593009875558,-1.0,2025-12-08,0.0025,False
2025-11-24,trend_lowbeta,ANANDRATHI,bull,1.1848460721868366,1427.2000701456366,1317.2817467098816,1422.7113643391467,,1422.7113643391467,stop,43,-0.005645113218801732,-0.04083673828152428,2026-01-27,0.0025,False
2025-11-24,trend_lowbeta,RADICO,bull,1.1424335602899187,3272.73872188499,2982.8292995446373,2996.038900221867,,2996.038900221867,stop,33,-0.08704687195553235,-0.9544354213443885,2026-01-09,0.0025,False
2025-11-24,trend_lowbeta,INDIANB,bull,1.1175964565487957,838.0963063822118,791.5979740779835,805.3886163458957,,805.3886163458957,stop,7,-0.04152617132093622,-0.7034164112019531,2025-12-03,0.0025,False
2025-11-24,trend_lowbeta,CRAFTSMAN,bull,1.1103942455523832,6621.919418224123,6168.488036943915,7334.97094703398,,7334.97094703398,stop,34,0.10518049016837544,1.572567665688786,2026-01-12,0.0025,False
2025-11-24,trend_lowbeta,CEATLTD,bull,1.102606340142031,3774.9685819204688,3454.6859836863505,3494.7562755983904,,3494.7562755983904,stop,40,-0.07672904329961966,-0.8748908241254194,2026-01-21,0.0025,False
2025-12-01,momentum,ABCAPITAL,bull,0.8099494295808117,356.1000061035156,344.37877987776767,344.37877987776767,379.54245855501154,344.37877987776767,stop,13,-0.03541554626466553,-1.0,2025-12-18,0.0025,True
2025-12-01,momentum,SHRIRAMFIN,bull,0.7829291306078761,850.936576322239,819.2594394773342,819.2594394773342,914.2908500120486,819.2594394773342,stop,2,-0.03972620195950899,-1.0,2025-12-03,0.0025,True
2025-12-01,momentum,BANKBARODA,bull,0.775439125209066,287.694803757784,277.36790657864395,277.36790657864395,308.348598116064,277.36790657864395,stop,2,-0.03839532047243527,-1.0,2025-12-03,0.0025,True
2025-12-01,momentum,IIFL,bull,0.773453722637475,582.688591959145,559.8034536233105,559.8034536233105,628.4588686308141,556.8795662199582,stop,4,-0.04679299988937563,-1.1277635887729789,2025-12-05,0.0025,True
2025-12-01,momentum,MCX,bull,0.7708186605541962,2037.806887632469,1956.4400170434596,1956.4400170434596,2200.5406288104878,1956.4400170434596,stop,7,-0.042428646371169,-1.0,2025-12-10,0.0025,True
2025-12-01,momentum,M&MFIN,bull,0.7670073572409829,359.46247567477803,341.3593503306794,341.3593503306794,395.66872636297535,341.3593503306794,stop,3,-0.05286165544154703,-1.0,2025-12-04,0.0025,True
2025-12-01,momentum,HINDCOPPER,bull,0.758477508650519,337.426712929728,319.2355666406118,319.2355666406118,373.8090055079604,373.8090055079604,target,5,0.10532279880078538,2.0,2025-12-08,0.0025,True
2025-12-01,momentum,PAYTM,bull,0.7096284782565105,1366.699951171875,1314.3665465098798,1314.3665465098798,1471.3667604958655,1314.3665465098798,stop,5,-0.04079180254021525,-1.0,2025-12-08,0.0025,True
2025-12-01,momentum,VEDL,bull,0.7002306805074971,522.1299416683062,507.220868628234,507.220868628234,551.9480877484506,507.220868628234,stop,5,-0.031054334563604676,-1.0,2025-12-08,0.0025,True
2025-12-01,momentum,CUB,bull,0.6932756632064591,208.79390456650282,198.78964098279508,198.78964098279508,228.8024317339183,198.78964098279508,stop,2,-0.050414538522944696,-1.0,2025-12-03,0.0025,True
2025-12-01,momentum,IDFCFIRSTB,bull,0.6909111880046135,80.31406410105257,78.15332097744697,78.15332097744697,84.63555034826376,78.15332097744697,stop,6,-0.029403670581119087,-1.0,2025-12-09,0.0025,True
2025-12-01,momentum,CUMMINSIND,bull,0.6834288866306607,4486.418735965197,4341.353685196319,4341.353685196319,4776.548837502953,4341.353685196319,stop,13,-0.03483426465656664,-1.0,2025-12-18,0.0025,True
2025-12-01,control_naive_low,AAVAS,bull,-1.0022473556475613,1516.300048828125,1439.5652379709504,1439.5652379709504,1669.7696705424742,1439.5652379709504,stop,14,-0.05310661372165698,-1.0,2025-12-19,0.0025,True
2025-12-01,control_naive_low,DEEPAKNTR,bull,-1.0035707328609023,1538.771897651118,1492.0011716929241,1492.0011716929241,1632.3133495675058,1632.3133495675058,target,14,0.058289680432282054,2.0,2025-12-19,0.0025,True
2025-12-01,control_naive_low,DEVYANI,bull,-1.0045072575535134,133.6999969482422,126.13533498031572,126.13533498031572,148.82932088409513,126.13533498031572,stop,13,-0.05907937277930447,-1.0,2025-12-18,0.0025,True
2025-12-01,control_naive_low,PAGEIND,bull,-1.0053756215562424,36855.92374476466,35701.88922048883,35701.88922048883,39163.99279331631,35701.88922048883,stop,12,-0.03381204992358261,-1.0,2025-12-17,0.0025,True
2025-12-01,control_naive_low,NCC,bull,-1.0157393043618939,168.42020194285826,161.6788134826462,161.6788134826462,181.90297886328236,161.6788134826462,stop,5,-0.04252719615844708,-1.0,2025-12-08,0.0025,True
2025-12-01,control_naive_low,PPLPHARMA,bull,-1.0179374789885385,184.60000610351562,178.17081447788223,178.17081447788223,197.4583893547824,178.17081447788223,stop,4,-0.03732768912818013,-1.0,2025-12-05,0.0025,True
2025-12-01,control_naive_low,INOXWIND,bull,-1.0211785938591105,132.99000549316406,126.84153370525777,126.84153370525777,145.28694906897664,126.84153370525777,stop,4,-0.048732585412009255,-1.0,2025-12-05,0.0025,True
2025-12-01,trend_lowbeta,NAVINFLUOR,bull,1.1354052273226445,5718.120774107837,5369.683162477315,5626.33132981199,,5626.33132981199,stop,35,-0.018552379430577578,-0.26343150461374115,2026-01-21,0.0025,False
2025-12-01,trend_lowbeta,CHENNPETRO,bull,1.1223597993996632,869.8747697971808,749.2937190001852,749.2937190001852,,749.2937190001852,stop,27,-0.14111886214392694,-1.0,2026-01-08,0.0025,False
2025-12-08,momentum,HINDCOPPER,bull,0.7921550671550671,359.5571517230341,341.52063230186997,341.52063230186997,395.6301905653624,395.6301905653624,target,10,0.09782630047674651,2.0,2025-12-22,0.0025,True
2025-12-08,momentum,NATIONALUM,bull,0.7810033691520076,261.28443668261355,253.48970840575717,253.48970840575717,276.8738932363263,276.8738932363263,target,8,0.05716469626604476,2.0,2025-12-18,0.0025,True
2025-12-08,momentum,HEROMOTOCO,bull,0.7546773090925849,5958.505882157661,5780.967572264157,5780.967572264157,6313.58250194467,5780.967572264157,stop,1,-0.03229577655954502,-1.0,2025-12-09,0.0025,True
2025-12-08,momentum,MUTHOOTFIN,bull,0.7484593837535014,3721.631890599327,3627.5666266757353,3627.5666266757353,3909.7624184465108,3916.8810076037535,target,20,0.04996330715770586,2.075677129477094,2026-01-06,0.0025,True
2025-12-08,momentum,CANFINHOME,bull,0.7078664799253035,899.8814657615899,863.437631136523,863.437631136523,972.7691350117236,941.1898803710938,time,20,0.043404284265421145,1.1334815623680565,2026-01-06,0.0025,True
2025-12-08,momentum,INDUSTOWER,bull,0.7052430171737004,386.3595951806741,373.2715391723582,373.2715391723582,412.5357071973059,412.5357071973059,target,12,0.06525064562429467,2.0,2025-12-24,0.0025,True
2025-12-08,momentum,COFORGE,bull,0.7008464689017311,1928.9863907572649,1876.3519346456733,1876.3519346456733,2034.255302980448,1876.3519346456733,stop,1,-0.02978606918316767,-1.0,2025-12-09,0.0025,True
2025-12-08,momentum,LTM,bull,0.6997462375447968,6142.679299408074,5994.205062327743,5994.205062327743,6439.627773568737,5994.205062327743,stop,9,-0.026670924419680938,-1.0,2025-12-19,0.0025,True
2025-12-08,momentum,MFSL,bull,0.6970354808590102,1705.0,1636.2007845741389,1636.2007845741389,1842.5984308517222,1636.2007845741389,stop,14,-0.04285144599757246,-1.0,2025-12-29,0.0025,True
2025-12-08,momentum,CUB,bull,0.6937908496732027,197.05389465897076,185.35333286391904,185.35333286391904,220.45501824907421,220.45501824907421,target,12,0.11625494077700099,2.0,2025-12-24,0.0025,True
2025-12-08,momentum,SHRIRAMFIN,bull,0.6854108309990663,825.331362071542,799.826974996262,799.826974996262,876.3401362221019,876.3401362221019,target,9,0.059303993516653,2.0,2025-12-19,0.0025,True
2025-12-08,momentum,HINDALCO,bull,0.6841036414565826,814.7496541291194,790.4259413392043,790.4259413392043,863.3970797089497,863.3970797089497,target,10,0.05720843354555222,2.0,2025-12-22,0.0025,True
2025-12-08,momentum,FEDERALBNK,bull,0.6833333333333333,255.57687041802043,249.82134321396956,249.82134321396956,267.08792482612216,267.08792482612216,target,9,0.042539499815747506,1.9999999999999951,2025-12-19,0.0025,True
2025-12-08,momentum,IIFL,bull,0.682422969187675,547.995248186675,527.511097041305,527.511097041305,588.963550477415,588.963550477415,target,12,0.0722603239741672,2.0,2025-12-24,0.0025,True
2025-12-08,control_naive_low,FINCABLES,bull,-1.0030769401496942,714.9092521632843,690.5567530417799,690.5567530417799,763.6142504062933,763.6142504062933,target,6,0.06562752541057443,2.0,2025-12-16,0.0025,True
2025-12-08,control_naive_low,PCBL,bull,-1.0035610428140191,304.44926953251627,294.707361321249,294.707361321249,323.93308595505084,294.707361321249,stop,14,-0.034498461438997874,-1.0,2025-12-29,0.0025,True
2025-12-08,control_naive_low,CROMPTON,bull,-1.0045716314153563,249.30178790507733,241.05957147672567,241.05957147672567,265.78622076178067,256.81146240234375,time,20,0.027622826476181476,0.9111231866509298,2026-01-06,0.0025,True
2025-12-08,control_naive_low,SAREGAMA,bull,-1.0047653253328068,344.0,326.9938178454432,326.9938178454432,378.01236430911365,378.01236430911365,target,5,0.09637315206137681,2.0,2025-12-15,0.0025,True
2025-12-08,control_naive_low,JWL,bull,-1.005731213234159,254.64999389648438,242.5199111712156,242.5199111712156,278.91015934702193,278.91015934702193,target,10,0.09276866692327251,2.0,2025-12-22,0.0025,True
2025-12-08,control_naive_low,MGL,bull,-1.005915016398206,1092.6239617094923,1053.324953530105,1053.324953530105,1171.221978068267,1053.324953530105,stop,20,-0.03846755110321859,-1.0,2026-01-06,0.0025,True
2025-12-08,control_naive_low,BAJAJHFL,bull,-1.0060157397144547,93.44999694824219,90.76244448216427,90.76244448216427,98.82510188039802,96.94999694824219,time,20,0.0349531847436923,1.3023001575510555,2026-01-06,0.0025,True
2025-12-08,control_naive_low,PFC,bull,-1.006909750253872,329.12197309121166,319.26933830199937,319.26933830199937,348.82724266963623,319.26933830199937,stop,8,-0.032436119720823886,-1.0,2025-12-18,0.0025,True
2025-12-08,control_naive_low,PPLPHARMA,bull,-1.0072087661130267,174.64999389648438,167.78135968346217,167.78135968346217,188.38726232252878,167.78135968346217,stop,6,-0.04182799572322499,-1.0,2025-12-16,0.0025,True
2025-12-08,control_naive_low,TMPV,bull,-1.0072296127479816,345.63286071076647,331.12269962296364,331.12269962296364,374.6531828863721,365.8650207519531,time,20,0.05603656391229944,1.3943442749366661,2026-01-06,0.0025,True
2025-12-08,control_naive_low,RECLTD,bull,-1.0073507790506744,328.403088555094,320.059123713391,320.059123713391,345.09101823849994,320.059123713391,stop,8,-0.027907692961764482,-1.0,2025-12-18,0.0025,True
2025-12-08,control_naive_low,SJVN,bull,-1.007637919926965,69.78781225466794,67.39743091338636,67.39743091338636,74.5685749372311,74.5685749372311,target,1,0.0660042635398474,2.0,2025-12-09,0.0025,True
2025-12-08,control_naive_low,CHAMBLFERT,bull,-1.0079022695036808,413.28452775560413,400.63471063208226,400.63471063208226,438.5841620026479,438.5841620026479,target,6,0.058716020799125246,2.0,2025-12-16,0.0025,True
2025-12-08,control_naive_low,NCC,bull,-1.009044209751031,159.52747205286337,153.81501777097853,153.81501777097853,170.95238061663306,153.81501777097853,stop,7,-0.03830859276696791,-1.0,2025-12-17,0.0025,True
2025-12-08,control_naive_low,INOXWIND,bull,-1.0091609638977788,124.4800033569336,118.20418488928657,118.20418488928657,137.03164029222765,122.56999969482422,time,20,-0.017843859339661424,-0.30434335727774586,2026-01-06,0.0025,True
2025-12-08,control_naive_low,ACE,bull,-1.009178547803187,923.204376614929,888.6961803902784,888.6961803902784,992.22076906423,992.22076906423,target,5,0.07225743637867094,2.0,2025-12-15,0.0025,True
2025-12-08,trend_lowbeta,ASTERDM,bull,1.1635298952126567,614.3092043697333,571.896673737867,571.896673737867,,571.896673737867,stop,28,-0.07154101441126953,-1.0,2026-01-19,0.0025,False
2025-12-08,trend_lowbeta,POWERINDIA,bull,1.1558317923429902,19040.454303385417,17031.34520488553,17031.34520488553,,17031.34520488553,stop,24,-0.10801791813825928,-1.0,2026-01-12,0.0025,False
2025-12-08,trend_lowbeta,NH,bull,1.1252037531675914,1920.7428262290734,1763.2169659018161,1763.2169659018161,,1763.2169659018161,stop,30,-0.08451298902494003,-1.0,2026-01-21,0.0025,False
2025-12-08,trend_lowbeta,FORTIS,bull,1.1243339497294706,859.7879448894538,802.4115745295277,863.5318561968074,,863.5318561968074,stop,29,0.0018544589449147075,0.065251797627975,2026-01-20,0.0025,False
2025-12-08,trend_lowbeta,RBLBANK,bull,1.1177248133689475,298.6268524312107,279.2965616234782,295.8615302670101,,295.8615302670101,stop,29,-0.011760125610564774,-0.14305641812147069,2026-01-20,0.0025,False
2025-12-15,momentum,VEDL,bull,0.7432705679281031,538.9982513615288,521.323284386804,521.323284386804,574.3481853109785,580.3083669175189,target,5,0.07414239253400051,2.337210339066744,2025-12-22,0.0025,True
2025-12-15,momentum,IDFCFIRSTB,bull,0.7354455627601031,83.09588677603062,80.89122717334476,80.89122717334476,87.50520598140236,82.71700286865234,time,20,-0.00705959882105228,-0.1718559667518283,2026-01-13,0.0025,True
2025-12-15,momentum,MOTHERSON,bull,0.6897154585046558,119.42114353630382,115.60009870718187,115.60009870718187,127.0632331945477,115.60009870718187,stop,3,-0.034496384525997736,-1.0,2025-12-18,0.0025,True
2025-12-15,momentum,CRAFTSMAN,bull,0.6863310708898945,7076.364833844252,6784.108905768482,6784.108905768482,7660.876689995791,7660.876689995791,target,11,0.08010058234363265,2.0,2025-12-31,0.0025,True
2025-12-15,momentum,MCX,bull,0.6853223981900455,2032.2204465407037,1943.4264102636196,1943.4264102636196,2209.8085190948723,2209.8085190948723,target,8,0.08488622468662949,2.0000000000000027,2025-12-26,0.0025,True
2025-12-15,momentum,CANBK,bull,0.6833663273001508,143.5641490919684,138.3676497797022,138.3676497797022,153.95714771650083,146.04238891601562,time,20,0.014762247153776888,0.47690563880137465,2026-01-13,0.0025,True
2025-12-15,momentum,SAGILITY,bull,0.6826687405731524,50.54423232287427,48.06809343876646,48.06809343876646,55.496510091089895,50.65398025512695,time,20,-0.0003286754549634541,0.0443222037976374,2026-01-13,0.0025,True
2025-12-15,momentum,AUBANK,bull,0.6772388763197588,975.0531078074088,948.4057905139359,948.4057905139359,1028.3477423943546,971.0070190429688,time,20,-0.006649608602897926,-0.15183850291117632,2026-01-13,0.0025,True
2025-12-15,momentum,ASHOKLEY,bull,0.676530361053827,163.70732164453997,157.9579132118004,157.9579132118004,175.20613851001914,175.20613851001914,target,6,0.06774008914180824,2.0,2025-12-23,0.0025,True
2025-12-15,momentum,PHOENIXLTD,bull,0.6732888183861737,1787.0330782396563,1725.027523676245,1725.027523676245,1911.044187366479,1911.044187366479,target,14,0.06689497127215,2.0,2026-01-05,0.0025,True
2025-12-15,control_naive_low,ACC,bull,-1.0042937752702639,1772.742592759895,1723.1110492230234,1723.1110492230234,1872.005679833638,1723.1110492230234,stop,8,-0.03049703901715511,-1.0,2025-12-26,0.0025,True
2025-12-15,control_naive_low,MANKIND,bull,-1.005258193038439,2142.5,2079.570407840885,2079.570407840885,2268.3591843182303,2268.3591843182303,target,16,0.056244076694623224,2.0,2026-01-07,0.0025,True
2025-12-15,control_naive_low,UBL,bull,-1.0082920598600695,1617.8872531395155,1571.713438277173,1571.713438277173,1710.2348828642002,1571.713438277173,stop,4,-0.03103957516059413,-1.0,2025-12-19,0.0025,True
2025-12-15,control_naive_low,BLUEDART,bull,-1.0160335192429393,5427.5,5242.877315705103,5242.877315705103,5796.745368589794,5242.877315705103,stop,3,-0.03651615555870974,-1.0,2025-12-18,0.0025,True
2025-12-15,control_naive_low,PATANJALI,bull,-1.0167944677368694,525.5165336477155,505.2912952094608,505.2912952094608,565.9670105242249,565.9670105242249,target,14,0.07447279588091077,2.0,2026-01-05,0.0025,True
2025-12-15,control_naive_low,COHANCE,bull,-1.017264531384517,530.4000244140625,503.072961973887,503.072961973887,585.0541492944135,503.072961973887,stop,15,-0.05402160856395871,-1.0,2026-01-06,0.0025,True
2025-12-15,control_naive_low,JUBLFOOD,bull,-1.022125866594896,575.8622544852177,554.9381216673687,554.9381216673687,617.7105201209157,554.9381216673687,stop,2,-0.03883530875635138,-1.0,2025-12-17,0.0025,True
2025-12-15,control_naive_low,TATACHEM,bull,-1.0253012765482004,753.4162842986642,731.8009268592814,731.8009268592814,796.6469991774298,731.8009268592814,stop,15,-0.031189793265490703,-1.0,2026-01-06,0.0025,True
2025-12-15,control_naive_low,HAVELLS,bull,-1.0263739385048074,1398.7285123398217,1365.9657787666945,1365.9657787666945,1464.253979486076,1464.253979486076,target,15,0.04434645130786813,2.0,2026-01-06,0.0025,True
2025-12-15,control_naive_low,TEJASNET,bull,-1.0288346119198497,469.0,442.07250061704065,442.07250061704065,522.8549987659187,442.07250061704065,stop,4,-0.059914710837866425,-1.0,2025-12-19,0.0025,True
2025-12-15,trend_lowbeta,MFSL,bull,1.1424218607618006,1719.800048828125,1602.275277720412,1602.275277720412,,1602.275277720412,stop,25,-0.07083629943655051,-1.0,2026-01-21,0.0025,False
2025-12-15,trend_lowbeta,PARADEEP,bull,1.1182807089484235,152.99052363890897,139.28157047882365,144.0112152719156,,144.0112152719156,stop,19,-0.06119192518215372,-0.6549959185167633,2026-01-12,0.0025,False
2025-12-15,trend_lowbeta,CCL,bull,1.1156392381993803,980.6119364451068,892.5718290943804,931.2277213766638,,1019.7589111328125,time,60,0.03742096489220853,0.44464932933072643,2026-03-13,0.0025,False
2025-12-22,momentum,NATIONALUM,bull,0.7954535327393246,285.30045842974647,274.0524893312586,274.0524893312586,307.79639662672224,307.79639662672224,target,4,0.07634998965928846,2.0,2025-12-29,0.0025,True
2025-12-22,momentum,JKTYRE,bull,0.7881290275228995,487.8909996712815,464.0891875087386,464.0891875087386,535.4946239963674,505.8602294921875,time,20,0.03433041874724635,0.7549521733132684,2026-01-21,0.0025,True
2025-12-22,momentum,LAURUSLABS,bull,0.7631992503384828,1067.4372784947739,1027.8451201143848,1027.8451201143848,1146.621595255552,1027.8451201143848,stop,14,-0.03959085224774911,-1.0,2026-01-12,0.0025,True
2025-12-22,momentum,FEDERALBNK,bull,0.7582071943073555,269.37969699725284,261.84419150255735,261.84419150255735,284.4507079866438,261.84419150255735,stop,2,-0.030473546554150074,-1.0,2025-12-24,0.0025,True
2025-12-22,momentum,HINDCOPPER,bull,0.7503847606470267,404.1163684871705,378.65203744143975,378.65203744143975,455.04503057863207,455.04503057863207,target,3,0.12352474451137802,2.0,2025-12-26,0.0025,True
2025-12-22,momentum,M&MFIN,bull,0.748503732818014,387.2864680700959,364.8174429978813,364.8174429978813,432.2245182145251,364.8174429978813,stop,10,-0.06051655086009328,-1.0,2026-01-06,0.0025,True
2025-12-22,momentum,LTF,bull,0.7357723577235773,301.644335399546,289.1002041538795,289.1002041538795,326.732597890879,289.1002041538795,stop,15,-0.044085833955910536,-1.0,2026-01-13,0.0025,True
2025-12-22,momentum,HINDALCO,bull,0.7211745206880726,866.4798004962512,834.9867957209103,834.9867957209103,929.4658100469329,929.4658100469329,target,9,0.07019183830322223,2.0,2026-01-05,0.0025,True
2025-12-22,momentum,BANKINDIA,bull,0.6977283596365375,138.48620733845212,133.5585788667293,133.5585788667293,148.34146428189774,148.34146428189774,target,10,0.06866417680036502,2.0,2026-01-06,0.0025,True
2025-12-22,momentum,KARURVYSYA,bull,0.6924916307986609,251.64287097890397,242.28272809179816,242.28272809179816,270.3631567531156,270.3631567531156,target,7,0.0718922754552464,2.000000000000003,2026-01-01,0.0025,True
2025-12-22,momentum,UPL,bull,0.6825190949836349,772.4231430936828,744.7084512050059,744.7084512050059,827.8525268710367,744.7084512050059,stop,19,-0.03838019356550476,-1.0,2026-01-20,0.0025,True
2025-12-22,momentum,BANKBARODA,bull,0.6692252510760403,285.7574582874265,276.1855718297921,276.1855718297921,304.9012312026954,289.6805725097656,time,20,0.01122882529768682,0.4098579981807113,2026-01-21,0.0025,True
2025-12-22,control_naive_low,AFCONS,bull,-1.0103641454589471,379.31541204498376,362.86581893855373,362.86581893855373,412.2145982578438,362.86581893855373,stop,13,-0.045866529764098385,-1.0,2026-01-09,0.0025,True
2025-12-22,control_naive_low,POLYMED,bull,-1.01476392892974,1801.2113790190429,1727.4032600984476,1727.4032600984476,1948.8276168602333,1727.4032600984476,stop,5,-0.043476933512818394,-1.0,2025-12-30,0.0025,True
2025-12-22,control_naive_low,AAVAS,bull,-1.0158885357687282,1465.5,1391.5741971744087,1391.5741971744087,1613.3516056511826,1391.5741971744087,stop,19,-0.05294408244666754,-1.0,2026-01-20,0.0025,True
2025-12-22,control_naive_low,COLPAL,bull,-1.0214146508045536,2085.4164190427837,2030.694457277539,2030.694457277539,2194.860342573273,2030.694457277539,stop,5,-0.028740304461764173,-1.0,2025-12-30,0.0025,True
2025-12-22,control_naive_low,SAREGAMA,bull,-1.0215986081903337,349.20001220703125,325.8500106701197,325.8500106701197,395.9000152808544,325.8500106701197,stop,20,-0.0693671269205684,-1.0,2026-01-21,0.0025,True
2025-12-22,control_naive_low,UBL,bull,-1.0283336302685924,1619.9723262345485,1562.4298345253603,1562.4298345253603,1735.057309652925,1562.4298345253603,stop,10,-0.03802066339487392,-1.0,2026-01-06,0.0025,True
2025-12-22,control_naive_low,NCC,bull,-1.0288435645485792,154.51483814323086,148.29697101457342,148.29697101457342,166.95057240054575,148.29697101457342,stop,13,-0.04274122992572188,-1.0,2026-01-09,0.0025,True
2025-12-22,control_naive_low,TEJASNET,bull,-1.0301136363636363,457.0,427.66833184400406,427.66833184400406,515.6633363119919,427.66833184400406,stop,13,-0.06668308130414863,-1.0,2026-01-09,0.0025,True
2025-12-22,control_naive_low,JUBLFOOD,bull,-1.0366520767663905,566.8878237686977,546.9407152551935,546.9407152551935,606.782040795706,546.9407152551935,stop,9,-0.03768704702615561,-1.0,2026-01-05,0.0025,True
2025-12-22,control_naive_low,CLEAN,bull,-1.0378254363990866,900.3179232449482,868.947548454016,868.947548454016,963.0586728268128,868.947548454016,stop,4,-0.03734366353372859,-1.0,2025-12-29,0.0025,True
2025-12-22,control_naive_low,RECLTD,bull,-1.0403383938579478,333.0257899334211,322.13544077156376,322.13544077156376,354.80648825713575,354.80648825713575,target,7,0.06290243723487315,2.0,2026-01-01,0.0025,True
2025-12-22,control_naive_low,PAGEIND,bull,-1.040356906444687,36421.62986418597,35220.07118047701,35220.07118047701,38824.747231603884,35220.07118047701,stop,5,-0.0354902502493572,-1.0,2025-12-30,0.0025,True
2025-12-22,control_naive_low,PFC,bull,-1.040921377113374,331.72184546995396,321.20953217413336,321.20953217413336,352.74647206159517,352.74647206159517,target,8,0.06088028947673124,2.0,2026-01-02,0.0025,True
2025-12-22,control_naive_low,BRIGADE,bull,-1.0420393524992493,653.9504768254064,626.2464260630977,626.2464260630977,709.3585783500239,626.2464260630977,stop,17,-0.04486414184877979,-1.0,2026-01-16,0.0025,True
2025-12-22,trend_lowbeta,PTCIL,bull,1.1798808547475852,17786.0,16295.24907041454,17088.948698580356,,17088.948698580356,stop,23,-0.04169100986279345,-0.4675840125845009,2026-01-27,0.0025,False
2025-12-22,trend_lowbeta,NYKAA,bull,1.1423068161108074,255.0,237.2716514964722,246.6203084329517,,246.6203084329517,stop,19,-0.03536153555705218,-0.47267186593160704,2026-01-20,0.0025,False
2025-12-22,trend_lowbeta,SBILIFE,bull,1.1276870329870603,2029.3788877448897,1937.907469205682,1980.8683572785799,,1980.8683572785799,stop,25,-0.02640412690269794,-0.5303353904533202,2026-01-29,0.0025,False
2025-12-22,trend_lowbeta,CUB,bull,1.1172213869145253,210.3171380005676,193.55949658544083,198.56672112293748,,198.56672112293748,stop,14,-0.05836999228564249,-0.7011975364876388,2026-01-12,0.0025,False
2025-12-22,trend_lowbeta,INDIANB,bull,1.1148601239292875,771.4657524366596,723.9408686780631,826.1486248406947,,825.5633199436894,stop,27,0.06762309663282345,1.138299838497646,2026-02-02,0.0025,False
2025-12-22,trend_lowbeta,EICHERMOT,bull,1.1116183706943685,7261.953688766603,6897.923987585752,7058.703738870054,,7058.703738870054,stop,19,-0.030488329120158583,-0.5583334250948221,2026-01-20,0.0025,False
2025-12-30,momentum,CUB,bull,0.7870695509215553,221.35127154753917,210.0939371341343,210.0939371341343,243.8659403743489,210.0939371341343,stop,7,-0.05335732887234462,-1.0,2026-01-08,0.0025,True
2025-12-30,momentum,ASHOKLEY,bull,0.7567821500373177,175.48638086873217,169.81374957261002,169.81374957261002,186.83164346097647,186.83164346097647,target,4,0.062150387888110836,2.0,2026-01-05,0.0025,True
2025-12-30,momentum,JSL,bull,0.7290158855856138,833.6182521178426,799.9056647089254,799.9056647089254,901.0434269356771,799.9056647089254,stop,7,-0.04294127791500363,-1.0,2026-01-08,0.0025,True
2025-12-30,momentum,FEDERALBNK,bull,0.715585178915691,266.589244833349,259.87665524480667,259.87665524480667,280.01442401043374,259.87665524480667,stop,5,-0.02767952137468471,-1.0,2026-01-06,0.0025,True
2025-12-30,momentum,MCX,bull,0.7116603775539442,2204.5981934338756,2088.5251680116794,2088.5251680116794,2436.744244278268,2436.744244278268,target,11,0.1028008441791392,2.0,2026-01-14,0.0025,True
2025-12-30,momentum,ABCAPITAL,bull,0.7007147223397752,350.8500061035156,337.6944542507948,337.6944542507948,377.16110980895724,337.6944542507948,stop,20,-0.039996228085683316,-1.0,2026-01-29,0.0025,True
2025-12-30,momentum,UNIONBANK,bull,0.6844453848685756,148.078049560293,142.6103112493042,142.6103112493042,159.01352618227062,159.01352618227062,target,5,0.07134941018908408,2.0,2026-01-06,0.0025,True
2025-12-30,momentum,ANANDRATHI,bull,0.6711618940142005,1543.471995169586,1490.577973624329,1490.577973624329,1649.2600382601004,1490.577973624329,stop,15,-0.03676950518752081,-1.0,2026-01-21,0.0025,True
2025-12-30,reversal,TCS,bull,0.7466187050359712,3122.461816571668,3017.689305915332,3017.689305915332,3384.393093212507,3085.41796875,time,20,-0.014363667195245454,-0.3535645713709716,2026-01-29,0.0025,True
2025-12-30,control_naive_low,COLPAL,bull,-1.0011701132831545,2032.4406861288733,1981.1369363396589,1981.1369363396589,2135.048185707302,2135.048185707302,target,13,0.047984867912117035,1.9999999999999956,2026-01-19,0.0025,True
2025-12-30,control_naive_low,WHIRLPOOL,bull,-1.0036137913122882,887.5923961029141,838.2900902297915,838.2900902297915,986.1970078491593,838.2900902297915,stop,8,-0.0580461111311798,-1.0,2026-01-09,0.0025,True
2025-12-30,control_naive_low,POLYMED,bull,-1.0038411536387877,1701.415751627823,1630.7847762189497,1630.7847762189497,1842.6777024455698,1630.7847762189497,stop,11,-0.04401306072093053,-1.0,2026-01-14,0.0025,True
2025-12-30,control_naive_low,PAGEIND,bull,-1.007221819539462,35370.43727079432,34112.599101236,34112.599101236,37886.11360991095,34112.599101236,stop,8,-0.0380618495730875,-1.0,2026-01-09,0.0025,True
2025-12-30,control_naive_low,PCBL,bull,-1.009193798499804,282.90012306931305,268.10838087252034,268.10838087252034,312.4836074628985,268.10838087252034,stop,12,-0.05478609318479727,-1.0,2026-01-16,0.0025,True
2025-12-30,control_naive_low,ACC,bull,-1.0099708312454445,1727.0073226032468,1679.6253563130451,1679.6253563130451,1821.7712551836503,1679.6253563130451,stop,9,-0.02993588036371458,-1.0,2026-01-12,0.0025,True
2025-12-30,control_naive_low,DIXON,bull,-1.0103898334191996,11856.0,11053.307218193462,11053.307218193462,13461.385563613076,11053.307218193462,stop,12,-0.07020350723739349,-1.0,2026-01-16,0.0025,True
2025-12-30,control_naive_low,IEX,bull,-1.0134346568913912,128.5953466819064,123.37420947677413,123.37420947677413,139.03762109217092,139.03762109217092,target,5,0.07870258376140588,2.0,2026-01-06,0.0025,True
2025-12-30,control_naive_low,BLUEJET,bull,-1.0144418253208591,518.7157842621598,490.91507419769465,490.91507419769465,574.3172043910901,490.91507419769465,stop,9,-0.056095265283877704,-1.0,2026-01-12,0.0025,True
2025-12-30,control_naive_low,ACE,bull,-1.0178767880729904,929.3430533507214,886.4269785518173,886.4269785518173,1015.1752029485297,886.4269785518173,stop,9,-0.048678937523846944,-1.0,2026-01-12,0.0025,True
2025-12-30,control_naive_low,LODHA,bull,-1.024376833205495,1059.1789690352177,1016.1586600282305,1016.1586600282305,1145.2195870491921,1016.1586600282305,stop,14,-0.04311665711336149,-1.0,2026-01-20,0.0025,True
2025-12-30,control_naive_low,ZEEL,bull,-1.0251031476300236,87.88036206708107,84.43181685674777,84.43181685674777,94.77745248774765,84.43181685674777,stop,14,-0.04174136324906058,-1.0,2026-01-20,0.0025,True
2025-12-30,trend_lowbeta,ANURAS,bull,1.214806967984934,1314.199951171875,1230.3250723389785,1237.3752184620698,,1237.3752184620698,stop,14,-0.06095741558679896,-0.9159444851522557,2026-01-20,0.0025,False
2025-12-30,trend_lowbeta,CANBK,bull,1.0938088512241055,149.11115594390992,141.3799909210342,141.87904539491663,,136.5456728471187,stop,22,-0.08676923537175102,-1.6253026626143963,2026-02-02,0.0025,False
2026-01-06,momentum,MUTHOOTFIN,bull,0.7537076109063521,3925.8053664575286,3787.1533638532333,3787.1533638532333,4203.10937166612,3787.1533638532333,stop,2,-0.03781810409883074,-1.0,2026-01-08,0.0025,True
2026-01-06,momentum,MSUMI,bull,0.7385949433785972,50.46748948693652,47.670195544332834,47.670195544332834,56.0620773721439,47.670195544332834,stop,3,-0.057927642053163086,-1.0,2026-01-09,0.0025,True
2026-01-06,momentum,CRAFTSMAN,bull,0.7357334915853014,7968.276201674794,7615.346369697172,7615.346369697172,8674.135865630036,7615.346369697172,stop,3,-0.04679186728033374,-1.0,2026-01-09,0.0025,True
2026-01-06,momentum,EICHERMOT,bull,0.7256727742985107,7445.036541017557,7258.424545705503,7258.424545705503,7818.260531641666,7258.424545705503,stop,4,-0.027565289375537313,-1.0,2026-01-12,0.0025,True
2026-01-06,momentum,ANURAS,bull,0.7206510391900217,1363.5999755859375,1307.9232415881752,1307.9232415881752,1474.9534435814621,1307.9232415881752,stop,3,-0.043330694481230114,-1.0,2026-01-09,0.0025,True
2026-01-06,momentum,MOTHERSON,bull,0.705656108597285,120.11777078679458,116.41827440769569,116.41827440769569,127.51676354499236,116.41827440769569,stop,3,-0.03329890972723243,-1.0,2026-01-09,0.0025,True
2026-01-06,momentum,SAILIFE,bull,0.703324869983252,976.0999755859375,937.9731246095766,937.9731246095766,1052.3536775386592,937.9731246095766,stop,3,-0.04156039537955519,-1.0,2026-01-09,0.0025,True
2026-01-06,momentum,KARURVYSYA,bull,0.6930590576247159,273.86999466818037,261.2835018930048,261.2835018930048,299.04298021853145,261.2835018930048,stop,3,-0.04845791076136424,-1.0,2026-01-09,0.0025,True
2026-01-06,momentum,INDIACEM,bull,0.6915286647785802,456.1000061035156,434.4642983632991,434.4642983632991,499.37142158394863,434.4642983632991,stop,12,-0.04993632416287691,-1.0,2026-01-23,0.0025,True
2026-01-06,momentum,KIRLOSENG,bull,0.6886736425339366,1242.181744557153,1168.687298607608,1168.687298607608,1389.170636456243,1168.687298607608,stop,2,-0.06166561426826184,-1.0,2026-01-08,0.0025,True
2026-01-06,momentum,BHEL,bull,0.6885866645402907,295.99519026457324,285.1827589261894,285.1827589261894,317.6200529413409,285.1827589261894,stop,2,-0.03902907781616044,-1.0,2026-01-08,0.0025,True
2026-01-06,momentum,ASHOKLEY,bull,0.6855302782840638,183.07688995178987,176.57923400647996,176.57923400647996,196.07220184240967,176.57923400647996,stop,9,-0.03799140444225896,-1.0,2026-01-20,0.0025,True
2026-01-06,momentum,BANKINDIA,bull,0.6775075414781297,145.89422089753106,141.12595317186955,141.12595317186955,155.43075634885406,141.12595317186955,stop,3,-0.035183047322419336,-1.0,2026-01-09,0.0025,True
2026-01-06,momentum,SBILIFE,bull,0.6748782272871793,2087.098590107966,2044.1099332301735,2044.1099332301735,2173.0759038635515,2044.1099332301735,stop,9,-0.02309732926922675,-1.0,2026-01-20,0.0025,True
2026-01-06,control_naive_low,MGL,bull,-1.0040183617664047,1053.0869442786334,1003.8630717939527,1003.8630717939527,1151.5346892479947,1003.8630717939527,stop,13,-0.049242458210227935,-1.0,2026-01-27,0.0025,True
2026-01-06,control_naive_low,COHANCE,bull,-1.00520307288858,503.79998779296875,481.8217181055597,481.8217181055597,547.7565271677869,481.8217181055597,stop,3,-0.046124990511990205,-1.0,2026-01-09,0.0025,True
2026-01-06,control_naive_low,AWL,bull,-1.005795972562773,228.8047645743458,221.55109598008497,221.55109598008497,243.31210176286746,221.55109598008497,stop,3,-0.034202436825365556,-1.0,2026-01-09,0.0025,True
2026-01-06,control_naive_low,CLEAN,bull,-1.0107476778119524,863.6817555516816,829.9963985511407,829.9963985511407,931.0524695527633,829.9963985511407,stop,4,-0.04150204766861626,-1.0,2026-01-12,0.0025,True
2026-01-06,control_naive_low,TRENT,bull,-1.0134200625455987,2696.0161877770597,2425.9359088856286,2425.9359088856286,3236.176745559922,2750.135986328125,time,20,0.017573988723223747,0.20038411828218217,2026-02-05,0.0025,True
2026-01-06,control_naive_low,ITC,bull,-1.0139156542029053,327.0491724258814,315.345887745806,315.345887745806,350.4557417860322,315.345887745806,stop,7,-0.03828448033751769,-1.0,2026-01-16,0.0025,True
2026-01-06,control_naive_low,TATACHEM,bull,-1.0170428082372012,745.5374138611737,721.6389336395023,721.6389336395023,793.3343743045166,721.6389336395023,stop,9,-0.034555373449200955,-1.0,2026-01-20,0.0025,True
2026-01-06,control_naive_low,PREMIERENE,bull,-1.0185778710934583,767.1846673241037,715.5907629585461,715.5907629585461,870.3724760552188,715.5907629585461,stop,3,-0.06975095868445097,-1.0,2026-01-09,0.0025,True
2026-01-06,control_naive_low,KAYNES,bull,-1.0216652930055914,3805.0,3490.59719851142,3490.59719851142,4433.80560297716,3490.59719851142,stop,9,-0.08512885715862811,-1.0,2026-01-20,0.0025,True
2026-01-06,control_naive_low,JUBLFOOD,bull,-1.0258094965332842,546.246508221891,525.8239248726027,525.8239248726027,587.0916749204675,525.8239248726027,stop,2,-0.03988711926189997,-1.0,2026-01-08,0.0025,True
2026-01-06,control_naive_low,SAPPHIRE,bull,-1.0289069978848588,227.6999969482422,211.79611875101037,211.79611875101037,259.5077533427058,211.79611875101037,stop,9,-0.07234575498631596,-1.0,2026-01-20,0.0025,True
2026-01-06,trend_lowbeta,HEROMOTOCO,bull,1.1083501228723212,5832.3567018622125,5504.321465508612,5504.321465508612,,5504.321465508612,stop,4,-0.05874402846431909,-1.0,2026-01-12,0.0025,False
2026-01-06,trend_lowbeta,UPL,bull,1.103501861154277,793.3208187764038,753.1099316654397,753.1099316654397,,753.1099316654397,stop,9,-0.053186791723157156,-1.0,2026-01-20,0.0025,False
2026-01-13,momentum,VEDL,bull,0.8160374715581042,636.3720426739387,604.837926178576,604.837926178576,699.4402756646641,699.4402756646641,target,9,0.09660591409032099,2.0,2026-01-28,0.0025,True
2026-01-13,momentum,SHRIRAMFIN,bull,0.7289085125575654,974.4876934931458,939.1416464174196,939.1416464174196,1045.1797876445983,939.1416464174196,stop,12,-0.038771414520408054,-1.0,2026-02-02,0.0025,True
2026-01-13,momentum,HINDZINC,bull,0.7148316953900204,628.5164492168757,588.8039567311166,588.8039567311166,707.9414341883938,719.8477125036038,target,8,0.1428124471133982,2.2998119123215344,2026-01-27,0.0025,True
2026-01-13,momentum,CUB,bull,0.7141907610501828,204.33566764293485,194.27038297087708,194.27038297087708,224.4662369870504,224.4662369870504,target,11,0.09601715843996755,2.0,2026-01-30,0.0025,True
2026-01-13,momentum,TVSMOTOR,bull,0.6970422067131937,3756.868741597412,3630.734791231455,3630.734791231455,4009.1366423293257,3630.734791231455,stop,2,-0.0360742233869808,-1.0,2026-01-16,0.0025,True
2026-01-13,momentum,AUBANK,bull,0.691307031287091,963.0647164589193,941.0411845792219,941.0411845792219,1007.1117802183142,1007.1117802183142,target,2,0.04323634876932364,2.0,2026-01-16,0.0025,True
2026-01-13,momentum,ANURAS,bull,0.6899729383278734,1337.199951171875,1291.4935784152199,1291.4935784152199,1428.6126966851853,1291.4935784152199,stop,3,-0.03668065691417327,-1.0,2026-01-19,0.0025,True
2026-01-13,momentum,CANBK,bull,0.6886008640744434,146.46834506688438,141.00448176615225,141.00448176615225,157.39607166834864,136.5456728471187,stop,12,-0.07024618922084841,-1.8160542593435833,2026-02-02,0.0025,True
2026-01-13,momentum,EICHERMOT,bull,0.688045387646584,7313.41495531543,7137.5570528936,7137.5570528936,7665.130760159092,7137.5570528936,stop,4,-0.026545935243154236,-1.0,2026-01-20,0.0025,True
2026-01-13,momentum,BHARATFORG,bull,0.6851493139628733,1448.8425746744338,1410.380300270186,1410.380300270186,1525.7671234829295,1410.380300270186,stop,3,-0.029046896865513924,-1.0,2026-01-19,0.0025,True
2026-01-13,momentum,MUTHOOTFIN,bull,0.6813844181740493,3902.9983213123896,3766.744571540099,3766.744571540099,4175.505820856971,3766.744571540099,stop,6,-0.037410020080786255,-1.0,2026-01-22,0.0025,True
2026-01-13,momentum,HINDALCO,bull,0.6812657266296349,936.1165247954091,901.089241828823,901.089241828823,1006.1710907285812,1006.1710907285812,target,10,0.07233530530398741,2.0,2026-01-29,0.0025,True
2026-01-13,momentum,BSE,bull,0.6776100270616723,2823.3617131316023,2702.085620870392,2702.085620870392,3065.9138976540225,2702.085620870392,stop,4,-0.045454500550584365,-1.0,2026-01-20,0.0025,True
2026-01-13,momentum,M&MFIN,bull,0.6764468499264114,354.8169857716561,332.9550175591139,332.9550175591139,398.5409221967405,370.7094421386719,time,20,0.042290573744525994,0.7269453606605409,2026-02-12,0.0025,True
2026-01-13,momentum,LTM,bull,0.6700185158809286,6024.266261980117,5851.443490530955,5851.443490530955,6369.911804878439,5851.443490530955,stop,4,-0.031187771080084355,-1.0,2026-01-20,0.0025,True
2026-01-13,control_naive_low,WHIRLPOOL,bull,-1.0032837972912794,807.1235590056835,764.6946242806617,764.6946242806617,891.9814284557272,764.6946242806617,stop,11,-0.0550680786437347,-1.0,2026-01-30,0.0025,True
2026-01-13,control_naive_low,IRCTC,bull,-1.0067092846757688,626.6938677389575,606.9365224104525,606.9365224104525,666.2085583959673,606.9365224104525,stop,5,-0.03402631028573372,-1.0,2026-01-21,0.0025,True
2026-01-13,control_naive_low,FIRSTCRY,bull,-1.007676533998332,268.04998779296875,255.35047682043933,255.35047682043933,293.4490097380276,255.35047682043933,stop,8,-0.04987739806329711,-1.0,2026-01-27,0.0025,True
2026-01-13,control_naive_low,INDHOTEL,bull,-1.0082516111422404,676.0392146752233,653.4351122376329,653.4351122376329,721.2474195504042,653.4351122376329,stop,4,-0.0359360817344741,-1.0,2026-01-20,0.0025,True
2026-01-13,control_naive_low,AWL,bull,-1.0104827088833184,218.34937890546018,210.66313929170494,210.66313929170494,233.72185813297068,210.66313929170494,stop,2,-0.03770156389857743,-1.0,2026-01-16,0.0025,True
2026-01-13,control_naive_low,COHANCE,bull,-1.0104895658518136,448.0,424.99018366291784,424.99018366291784,494.0196326741643,424.99018366291784,stop,2,-0.053861197180986975,-1.0,2026-01-16,0.0025,True
2026-01-13,control_naive_low,GODREJPROP,bull,-1.0113036922424705,1865.9803630786166,1782.77225503562,1782.77225503562,2032.3965791646099,1782.77225503562,stop,3,-0.04709216703959013,-1.0,2026-01-19,0.0025,True
2026-01-13,control_naive_low,ACE,bull,-1.0117559575497241,886.4718015634951,844.7183923361617,844.7183923361617,969.9786200181618,844.7183923361617,stop,2,-0.049600662597153955,-1.0,2026-01-16,0.0025,True
2026-01-13,control_naive_low,ACC,bull,-1.0120331716316664,1699.0689508481164,1658.022733174177,1658.022733174177,1781.1613861959954,1658.022733174177,stop,7,-0.026658064717415216,-1.0,2026-01-23,0.0025,True
2026-01-13,control_naive_low,TIINDIA,bull,-1.0132852618231842,2383.980442624116,2283.691342002861,2283.691342002861,2584.558643866627,2283.691342002861,stop,5,-0.044567920872230105,-1.0,2026-01-21,0.0025,True
2026-01-13,control_naive_low,ABREL,bull,-1.0163730387230228,1549.1993757192083,1475.5460304339376,1475.5460304339376,1696.5060662897497,1475.5460304339376,stop,3,-0.05004284467167269,-1.0,2026-01-19,0.0025,True
2026-01-13,control_naive_low,PAGEIND,bull,-1.0173249457252318,34146.50910832331,33223.30114545621,33223.30114545621,35992.92503405752,33223.30114545621,stop,4,-0.029536671887553764,-1.0,2026-01-20,0.0025,True
2026-01-13,control_naive_low,AFCONS,bull,-1.0196328239197843,355.5802457754486,344.5065678586161,344.5065678586161,377.72760160911355,344.5065678586161,stop,4,-0.03364255656323939,-1.0,2026-01-20,0.0025,True
2026-01-13,trend_lowbeta,CUB,bull,1.1655806168913303,204.33566764293485,186.4704035028941,196.91203170092672,,196.91203170092672,stop,33,-0.03883059283110829,-0.4155346309920946,2026-03-04,0.0025,False
2026-01-13,trend_lowbeta,CHENNPETRO,bull,1.155884093455242,781.936589994432,702.4960254440315,847.3280415786753,,847.3280415786753,stop,39,0.08112756318221276,0.8231493816078836,2026-03-12,0.0025,False
2026-01-13,trend_lowbeta,MARUTI,bull,1.1169477973329478,16227.030979740319,15545.014219607216,15545.014219607216,,15519.140889730797,stop,5,-0.046124128831289746,-1.0379365015478046,2026-01-21,0.0025,False
2026-01-13,trend_lowbeta,PFOCUS,bull,1.112424785876911,240.0,212.91366508462337,212.91366508462337,,212.91366508462337,stop,4,-0.11535972881406925,-1.0,2026-01-20,0.0025,False
2026-01-13,trend_lowbeta,GODFRYPHLP,bull,1.107955982797875,2178.138862743886,1922.4693748579973,1922.4693748579973,,1922.4693748579973,stop,12,-0.11987979256465403,-1.0,2026-02-02,0.0025,False
2026-01-13,trend_lowbeta,MANAPPURAM,bull,1.0945924885258935,305.11751884781427,278.6171207876203,278.6171207876203,,278.6171207876203,stop,11,-0.08935308585447616,-1.0,2026-01-30,0.0025,False
2026-01-13,trend_lowbeta,CRAFTSMAN,bull,1.093452983267681,7650.664184414809,7004.972552512026,7168.081495391836,,7168.081495391836,stop,36,-0.06557722798839388,-0.7473887923881775,2026-03-09,0.0025,False
2026-01-13,trend_lowbeta,FEDERALBNK,bull,1.0928691138737305,247.6539281382448,235.47726174033974,280.6655846493663,,279.04667682207145,stop,36,0.12426055219403848,2.578106984127253,2026-03-09,0.0025,False
2026-01-13,trend_lowbeta,CEMPRO,bull,1.0924467402695963,678.3141402521538,619.3278030368787,619.3278030368787,,619.3278030368787,stop,5,-0.08946020577331298,-1.0,2026-01-21,0.0025,False
2026-01-21,momentum,BANKINDIA,bull,0.7852161610659933,155.907136395073,145.9919072146775,145.9919072146775,175.737594755864,145.6811810183723,stop,7,-0.06809004041218375,-1.0313382767712072,2026-02-02,0.0025,True
2026-01-21,momentum,FEDERALBNK,bull,0.7781396665461101,279.09649262033963,263.7890369011147,263.7890369011147,309.7114040587895,287.3183898925781,time,20,0.026958977413316713,0.5371171684601017,2026-02-19,0.0025,True
2026-01-21,momentum,JKTYRE,bull,0.7608966259534841,507.88977675236424,481.9631042877371,481.9631042877371,559.7431216816185,559.7431216816185,target,12,0.09959566583683527,2.0,2026-02-09,0.0025,True
2026-01-21,momentum,ASHOKLEY,bull,0.730460012167158,182.1919883432162,170.95900135207367,170.95900135207367,204.65796232550125,204.65796232550125,target,13,0.12080934080352262,2.0,2026-02-10,0.0025,True
2026-01-21,momentum,CRAFTSMAN,bull,0.7120174083953391,7435.9260514747775,6998.368531750119,6998.368531750119,8311.041090924096,8040.68798828125,time,20,0.07882974058914,1.3821312845612388,2026-02-19,0.0025,True
2026-01-21,momentum,AUBANK,bull,0.7100332257007814,1002.2766774053894,955.9442313048248,955.9442313048248,1094.9415696065184,955.9442313048248,stop,3,-0.04872720167499672,-1.0,2026-01-27,0.0025,True
2026-01-21,momentum,SBILIFE,bull,0.703762459637793,2053.2458760733066,2003.7074546200565,2003.7074546200565,2152.3227189798067,2003.7074546200565,stop,2,-0.026626882235842583,-1.0,2026-01-23,0.0025,True
2026-01-21,momentum,TECHM,bull,0.7035340250845267,1652.0675107270895,1590.1799029304163,1590.1799029304163,1775.8427263204358,1798.2680548143705,target,8,0.08599550223461322,2.3623557169572855,2026-02-03,0.0025,True
2026-01-21,momentum,IIFL,bull,0.697678880621461,629.1448298199824,589.0784827989733,589.0784827989733,709.2775238620007,589.0784827989733,stop,1,-0.06618382146996798,-1.0,2026-01-22,0.0025,True
2026-01-21,momentum,MCX,bull,0.6945200992091347,2369.194894591177,2196.878992314252,2196.878992314252,2713.8266991450273,2196.878992314252,stop,7,-0.07523183927177907,-1.0,2026-02-02,0.0025,True
2026-01-21,momentum,SAGILITY,bull,0.6903130703355328,52.010874568811225,48.95890466060757,48.95890466060757,58.11481438521853,48.93791257725617,stop,6,-0.06158306708993094,-1.0068782078404428,2026-01-30,0.0025,True
2026-01-21,momentum,BANKBARODA,bull,0.6901446019935421,292.489722532319,279.76345246012545,279.76345246012545,317.94226267670604,270.25874959063464,stop,7,-0.0785059968918323,-1.7468569200223298,2026-02-02,0.0025,True
2026-01-21,momentum,HCLTECH,bull,0.6810645499915914,1642.0772742114043,1586.2902644064495,1586.2902644064495,1753.6512938213139,1586.2902644064495,stop,9,-0.03647343759704985,-1.0,2026-02-04,0.0025,True
2026-01-21,control_naive_low,ITC,bull,-1.0012332168612839,310.9351259007337,299.81828503638644,299.81828503638644,333.16880762942816,295.0593918522917,stop,7,-0.05355802698377127,-1.4280796354076604,2026-02-02,0.0025,True
2026-01-21,control_naive_low,TATACHEM,bull,-1.0026011384291456,696.2452770276037,655.9223555931383,655.9223555931383,776.8911198965346,694.4232788085938,time,20,-0.005116891315641579,-0.045185173945572366,2026-02-19,0.0025,True
2026-01-21,control_naive_low,IEX,bull,-1.0032812356948853,126.45532478890804,116.37722102147373,116.37722102147373,146.61153232377666,116.37722102147373,stop,7,-0.08219695055750081,-1.0,2026-02-02,0.0025,True
2026-01-21,control_naive_low,PREMIERENE,bull,-1.004023486580537,729.8621708005918,666.0381425266811,666.0381425266811,857.5102273484132,752.2456665039062,time,20,0.02816811323946528,0.3507064080514037,2026-02-19,0.0025,True
2026-01-21,control_naive_low,ABFRL,bull,-1.0041893605158394,65.5,60.76888089631344,60.76888089631344,74.96223820737312,60.76888089631344,stop,3,-0.07473082601048181,-1.0,2026-01-27,0.0025,True
2026-01-21,control_naive_low,BRIGADE,bull,-1.004693632693666,577.9757280848381,548.6014814939117,548.6014814939117,636.724221266691,548.6014814939117,stop,3,-0.0533226300233402,-1.0,2026-01-27,0.0025,True
2026-01-21,control_naive_low,COHANCE,bull,-1.0047164112127174,385.0,358.78847685068365,358.78847685068365,437.4230462986327,358.78847685068365,stop,7,-0.07058187830991264,-1.0,2026-02-02,0.0025,True
2026-01-21,control_naive_low,PPLPHARMA,bull,-1.0052494980076057,157.3300018310547,147.79562303775168,147.79562303775168,176.3987594176607,163.0500030517578,time,20,0.03385670980825023,0.5999343370667087,2026-02-19,0.0025,True
2026-01-21,control_naive_low,SAREGAMA,bull,-1.0054347826086956,327.29998779296875,305.070525034655,305.070525034655,371.7589133095962,341.3999938964844,time,20,0.04057976360950705,0.6342936064994319,2026-02-19,0.0025,True
2026-01-21,control_naive_low,AARTIIND,bull,-1.0057684137773895,341.3214812912146,326.4777794372999,326.4777794372999,371.00888499904397,371.00888499904397,target,6,0.08447783566250305,2.0,2026-01-30,0.0025,True
2026-01-21,control_naive_low,ZEEL,bull,-1.007037033269435,80.80929810881412,76.4089024093629,76.4089024093629,89.61008950771657,89.61008950771657,target,12,0.10640815295848388,2.0,2026-02-09,0.0025,True
2026-01-21,control_naive_low,MANKIND,bull,-1.0082617782407004,2111.0,2020.0470986652572,2020.0470986652572,2292.9058026694856,2039.5,time,20,-0.036370203694931325,-0.7861211566726342,2026-02-19,0.0025,True
2026-01-21,control_naive_low,ACE,bull,-1.0086366279786374,804.6221638289418,753.4771281907798,753.4771281907798,906.9122351052657,917.315190283378,target,8,0.13755707463757377,2.203401073991042,2026-02-03,0.0025,True
2026-01-21,control_naive_low,IREDA,bull,-1.008790691691307,127.99406188316638,119.4145872844255,119.4145872844255,145.15301108064816,124.22924041748047,time,20,-0.03191403226285966,-0.43881725184412024,2026-02-19,0.0025,True
2026-01-21,control_naive_low,RAINBOW,bull,-1.009128998671744,1199.779382890539,1157.0934001054293,1157.0934001054293,1285.1513484607583,1157.0934001054293,stop,3,-0.03807819328606027,-1.0,2026-01-27,0.0025,True
2026-01-21,control_naive_low,INOXWIND,bull,-1.0092547869797064,106.27999877929688,98.52001973820056,98.52001973820056,121.7999568614895,98.52001973820056,stop,17,-0.07551448184254156,-1.0,2026-02-16,0.0025,True
2026-01-21,control_naive_low,SYNGENE,bull,-1.0096622420364554,604.9380732830869,577.7548659643137,577.7548659643137,659.3044879206332,561.4112105130422,stop,2,-0.07445259265765508,-1.6012408785914056,2026-01-23,0.0025,True
2026-01-21,control_naive_low,TMPV,bull,-1.009822853618279,341.61618993402186,324.10487147609126,324.10487147609126,376.63882684988306,378.01424490971857,target,8,0.10404663346818083,2.0785445175438864,2026-02-03,0.0025,True
2026-01-21,control_naive_low,TIINDIA,bull,-1.010177734375,2271.9366670067334,2167.7277470886497,2167.7277470886497,2480.3545068429007,2167.7277470886497,stop,3,-0.048367880663847285,-1.0,2026-01-27,0.0025,True
2026-01-21,control_naive_low,ATGL,bull,-1.0102334291239738,532.7639813568497,508.88719844236766,508.88719844236766,580.5175471858139,508.88719844236766,stop,2,-0.04731681147751848,-1.0,2026-01-23,0.0025,True
2026-01-21,trend_lowbeta,ANURAS,bull,1.232996639080626,1227.0,1129.5396981201388,1240.1555285400693,,1240.1555285400693,stop,17,0.008221702151645695,0.13498345773939918,2026-02-16,0.0025,False
2026-01-21,trend_lowbeta,NAVINFLUOR,bull,1.1802349481406527,5779.0471788194445,5291.541259771042,5937.327197273209,,5937.327197273209,stop,27,0.02488860119257547,0.32467301886861716,2026-03-02,0.0025,False
2026-01-21,trend_lowbeta,MFSL,bull,1.166001861154277,1619.800048828125,1521.0218733586978,1731.710554342802,,1731.710554342802,stop,28,0.06658908639411426,1.1329476879162883,2026-03-04,0.0025,False
2026-01-21,trend_lowbeta,PFOCUS,bull,1.1646026074229336,221.5,187.42539255720112,305.09955043457376,,324.0,time,60,0.46025395033860045,3.00810508740466,2026-04-23,0.0025,False
2026-01-21,trend_lowbeta,RADICO,bull,1.1312350926963246,2842.8922714193754,2534.1660307113953,2571.4390347928284,,2494.465428414862,stop,27,-0.1250606916264027,-1.128594842490521,2026-03-02,0.0025,False
2026-01-21,trend_lowbeta,RBLBANK,bull,1.1122203751219688,300.07310560617,271.21599608225836,295.96919749367737,,294.33797982091926,stop,31,-0.021612428531925073,-0.19874221222671204,2026-03-09,0.0025,False
2026-01-21,trend_lowbeta,NH,bull,1.1117053955404574,1825.8531269110938,1677.1585169464095,1679.503662006223,,1679.503662006223,stop,35,-0.08265401827662827,-0.9842284460723184,2026-03-13,0.0025,False
2026-01-21,trend_lowbeta,ASHOKLEY,bull,1.0850856944093095,182.1919883432162,166.1316099194717,191.4696237603073,,191.4696237603073,stop,30,0.048422301806233914,0.5776722797125727,2026-03-06,0.0025,False
2026-01-29,momentum,GMDCLTD,bull,0.7725209415508447,602.9000244140625,574.3894929982046,574.3894929982046,659.9210872457784,574.3894929982046,stop,1,-0.049788986998410445,-1.0,2026-01-30,0.0025,True
2026-01-29,momentum,MUTHOOTFIN,bull,0.7681931288192748,3966.4616478777757,3905.637982446529,3905.637982446529,4088.1089787402693,3905.637982446529,stop,1,-0.017834489736914535,-1.0,2026-01-30,0.0025,True
2026-01-29,momentum,SBIN,bull,0.7681593937537878,1045.1609334664397,1022.0061985815178,1022.0061985815178,1091.4704032362836,1001.841784674364,stop,2,-0.04394734787244764,-1.870854881620111,2026-02-02,0.0025,True
2026-01-29,momentum,GESHIP,bull,0.7649232266255637,1180.2395893791927,1109.1269671016207,1109.1269671016207,1322.4648339343366,1322.4648339343366,target,8,0.11800540062798154,2.0,2026-02-10,0.0025,True
2026-01-29,momentum,JSWSTEEL,bull,0.7632266931517949,1220.9867824511866,1189.867994708449,1189.867994708449,1283.2243579366618,1189.867994708449,stop,1,-0.0279865885446075,-1.0,2026-01-30,0.0025,True
2026-01-29,momentum,COALINDIA,bull,0.7566318792996722,436.5950198885195,422.0896874852458,422.0896874852458,465.60568469506694,422.0896874852458,stop,1,-0.03572376972366181,-1.0,2026-01-30,0.0025,True
2026-01-29,momentum,KARURVYSYA,bull,0.7541709233344784,300.66163285246716,284.1595372270608,284.1595372270608,333.6658241032799,284.1595372270608,stop,2,-0.057385937619795435,-1.0,2026-02-02,0.0025,True
2026-01-29,momentum,APLAPOLLO,bull,0.7287397673912813,2024.3018234841923,1960.1708148123607,1960.1708148123607,2152.5638408278555,2187.4731565333805,target,3,0.07810622736995837,2.54434378046604,2026-02-03,0.0025,True
2026-01-29,momentum,INDIANB,bull,0.7286069586642049,888.1304390135017,852.1229971644908,852.1229971644908,960.1453227115235,825.5633199436894,stop,2,-0.07294811924170647,-1.7376163330950707,2026-02-02,0.0025,True
2026-01-29,momentum,INDIACEM,bull,0.7077495437315737,442.0,419.24789444174104,419.24789444174104,487.5042111165179,419.24789444174104,stop,15,-0.05397535194176234,-1.0,2026-02-19,0.0025,True
2026-01-29,momentum,ECLERX,bull,0.7043427394824279,2348.697906223381,2197.543093907771,2197.543093907771,2651.0075308546006,2197.543093907771,stop,6,-0.06685685573487027,-1.0,2026-02-06,0.0025,True
2026-01-29,momentum,IOC,bull,0.7017782769432355,159.5484933441901,154.19475858461533,154.19475858461533,170.25596286333962,170.55047933685591,target,5,0.06645700336656585,2.055011405447305,2026-02-05,0.0025,True
2026-01-29,momentum,PTCIL,bull,0.6920585895456034,18200.0,17505.0883966404,17505.0883966404,19589.8232067192,17505.0883966404,stop,5,-0.040681956228549476,-1.0,2026-02-05,0.0025,True
2026-01-29,control_naive_low,EMAMILTD,bull,-1.0044960138887524,473.32967910873026,455.5768922381237,455.5768922381237,508.83525284994334,508.83525284994334,target,4,0.072512354619447,2.0,2026-02-04,0.0025,True
2026-01-29,control_naive_low,NEWGEN,bull,-1.005099416088213,570.6613698049522,533.1056995964411,533.1056995964411,645.7727102219743,533.1056995964411,stop,6,-0.06831078060592627,-1.0,2026-02-06,0.0025,True
2026-01-29,control_naive_low,BAJAJHFL,bull,-1.0059428187779018,87.80000305175781,85.45830345083377,85.45830345083377,92.4834022536059,92.4834022536059,target,1,0.05084167470458095,2.0,2026-01-30,0.0025,True
2026-01-29,control_naive_low,SYNGENE,bull,-1.0066013757734753,467.1779091930455,441.1763487585931,441.1763487585931,519.1810300619502,441.1763487585931,stop,6,-0.058156656538757845,-1.0,2026-02-06,0.0025,True
2026-01-29,control_naive_low,ACC,bull,-1.0087745507403063,1661.3869572172234,1620.363425667097,1620.363425667097,1743.434020317476,1620.363425667097,stop,1,-0.027192339958440222,-1.0,2026-01-30,0.0025,True
2026-01-29,control_naive_low,CLEAN,bull,-1.00916946012047,830.0736742065949,807.245204191592,807.245204191592,875.7306142366006,799.8910617608633,stop,2,-0.03886136572404958,-1.3221478454708364,2026-02-02,0.0025,True
2026-01-29,control_naive_low,LTTS,bull,-1.010737326713286,3716.09676396944,3543.355916510476,3543.355916510476,4061.5784588873676,3543.355916510476,stop,11,-0.048984485854573545,-1.0,2026-02-13,0.0025,True
2026-01-29,control_naive_low,HAVELLS,bull,-1.0127196118049626,1259.8203038719262,1215.1014798972158,1215.1014798972158,1349.257951821347,1349.257951821347,target,4,0.06849238492548787,2.0,2026-02-04,0.0025,True
2026-01-29,control_naive_low,CROMPTON,bull,-1.0137174213162425,216.99038346432025,208.73453373658256,208.73453373658256,233.5020829197956,233.5020829197956,target,3,0.07359415307655975,2.0,2026-02-03,0.0025,True
2026-01-29,control_naive_low,FINCABLES,bull,-1.013763057653356,704.9799845250843,675.4808700195563,675.4808700195563,763.9782135361404,763.9782135361404,target,6,0.08118780718051272,2.0,2026-02-06,0.0025,True
2026-01-29,control_naive_low,MAXHEALTH,bull,-1.0145197404254884,943.3235457853942,915.1981042675308,915.1981042675308,999.5744288211212,1009.2064825722277,target,3,0.06734129366979874,2.3424676460630467,2026-02-03,0.0025,True
2026-01-29,control_naive_low,JSWDULUX,bull,-1.0146721700748316,2745.235335518973,2625.385018799633,2625.385018799633,2984.9359689576527,2984.9359689576527,target,8,0.08481514939259854,2.0,2026-02-10,0.0025,True
2026-01-29,control_naive_low,BLUEJET,bull,-1.0148910301650422,419.12393840467905,390.2740158012345,390.2740158012345,476.82378361156816,366.18459857323825,stop,12,-0.12880951129383117,-1.8349907054904917,2026-02-16,0.0025,True
2026-01-29,control_naive_low,PATANJALI,bull,-1.014919254064223,494.88324373317806,472.6999741091646,472.6999741091646,539.249782981205,511.6597900390625,time,20,0.03140000877647359,0.7562702248240165,2026-02-26,0.0025,True
2026-01-29,control_naive_low,JUBLFOOD,bull,-1.0151735536770488,485.61892418980295,467.93264304719384,467.93264304719384,520.9914864750212,520.9914864750212,target,5,0.07034016442364383,2.000000000000003,2026-02-05,0.0025,True
2026-01-29,control_naive_low,POLYMED,bull,-1.0152383679218429,1487.0547651397906,1421.5636756591703,1421.5636756591703,1618.0369441010312,1421.5636756591703,stop,6,-0.046540805366346916,-1.0,2026-02-06,0.0025,True
2026-01-29,control_naive_low,ARE&M,bull,-1.0170291263878255,825.0555700577268,798.3049436323108,798.3049436323108,878.5568229085586,878.5568229085586,target,4,0.06234563560620349,2.0,2026-02-04,0.0025,True
2026-01-29,trend_lowbeta,ANANDRATHI,bull,1.200429827255972,1449.5063744722472,1342.9583927679887,1675.5632098361216,,1797.274169921875,time,60,0.2374215357547131,3.263954791888171,2026-04-30,0.0025,False
2026-01-29,trend_lowbeta,AUBANK,bull,1.1792704907665064,967.310615659496,918.4667846893489,932.7863965143072,,894.181601028957,stop,22,-0.07810034330924914,-1.4972006326701683,2026-03-02,0.0025,False
2026-01-29,trend_lowbeta,BHARTIHEXA,bull,1.1063139207112138,1519.3830106468824,1420.569547701812,1545.0002232278493,,1511.1734264710635,stop,22,-0.007903235470116008,-0.08308163615703423,2026-03-02,0.0025,False
2026-01-29,trend_lowbeta,INDIACEM,bull,1.1013707943334177,442.0,401.9464825982143,404.8950707546875,,404.8950707546875,stop,21,-0.0864478037224265,-0.9263837897956564,2026-02-27,0.0025,False
2026-01-29,trend_lowbeta,NYKAA,bull,1.097567173213834,234.8000030517578,220.9849869998926,257.00899278617777,,257.00899278617777,stop,22,0.09208683750325325,1.607597823342483,2026-03-02,0.0025,False
2026-02-05,momentum,BHARATFORG,bull,0.7685223666102972,1566.6499656082156,1496.177661832616,1496.177661832616,1707.5945731594147,1707.5945731594147,target,5,0.08746560217360394,2.0,2026-02-12,0.0025,True
2026-02-05,momentum,GMDCLTD,bull,0.7403699068279794,609.0,569.1848132691491,569.1848132691491,688.6303734617018,569.1848132691491,stop,6,-0.06787797492750552,-1.0,2026-02-13,0.0025,True
2026-02-05,momentum,SHRIRAMFIN,bull,0.7204793028322439,988.4088952423629,939.5856664741759,939.5856664741759,1086.0553527787367,1086.0553527787367,target,14,0.09629156086756024,2.0,2026-02-25,0.0025,True
2026-02-05,momentum,BPCL,bull,0.7197955477529852,382.5,366.05955459495755,366.05955459495755,415.3808908100849,366.05955459495755,stop,10,-0.045481556614490104,-1.0,2026-02-19,0.0025,True
2026-02-05,momentum,NAVINFLUOR,bull,0.7103340404663276,6289.9327691690805,5922.756714588461,5922.756714588461,7024.284878330319,5922.756714588461,stop,17,-0.060875195420272254,-1.0,2026-03-02,0.0025,True
2026-02-05,momentum,FORCEMOT,bull,0.6940203031567237,21040.141065115124,19512.456896774227,19512.456896774227,24095.509401796917,24095.509401796917,target,4,0.1427161526496436,2.0,2026-02-11,0.0025,True
2026-02-05,momentum,BSOFT,bull,0.6902360520551184,451.33454773258677,427.24117453929097,427.24117453929097,499.5212941191784,427.24117453929097,stop,1,-0.05588251484256196,-1.0,2026-02-06,0.0025,True
2026-02-05,momentum,VEDL,bull,0.6861122699670885,632.437753189486,601.9923594129103,601.9923594129103,693.3285407426373,693.3285407426373,target,4,0.09377949509033762,2.0,2026-02-11,0.0025,True
2026-02-05,momentum,IDFCFIRSTB,bull,0.6814490335141148,85.05014841456153,81.98501245224907,81.98501245224907,91.18042033918647,81.98501245224907,stop,4,-0.0385391606534537,-1.0,2026-02-11,0.0025,True
2026-02-05,momentum,SAIL,bull,0.6809669494275252,158.0,149.64634903975332,149.64634903975332,174.70730192049336,154.94000244140625,time,20,-0.021867073155656665,-0.3663066093083914,2026-03-06,0.0025,True
2026-02-05,momentum,TVSMOTOR,bull,0.679835905993603,3687.112453958527,3552.3456763976214,3552.3456763976214,3956.6460090803384,3770.81982421875,time,20,0.02020268978922885,0.6211276382444679,2026-03-06,0.0025,True
2026-02-05,momentum,AUBANK,bull,0.6778797571037873,985.9425637669984,943.2963888530588,943.2963888530588,1071.2349135948775,894.181601028957,stop,17,-0.09556927818132693,-2.151680963725727,2026-03-02,0.0025,True
2026-02-05,momentum,UNIONBANK,bull,0.6755620451490288,172.40966879357146,163.68889179592327,163.68889179592327,189.85122278886783,189.85122278886783,target,10,0.09866343310292763,2.0,2026-02-19,0.0025,True
2026-02-05,momentum,HINDALCO,bull,0.6700737032401614,921.1943487486254,884.8803002897904,884.8803002897904,993.8224456662955,884.8803002897904,stop,8,-0.041920615756235347,-1.0,2026-02-17,0.0025,True
2026-02-05,momentum,MCX,bull,0.6676818245028509,2374.182618097545,2203.3412446405364,2203.3412446405364,2715.865365011562,2203.3412446405364,stop,7,-0.0744579749909488,-1.0,2026-02-16,0.0025,True
2026-02-05,control_naive_low,KPITTECH,bull,-1.006081603416987,951.4658873093877,892.0942733840527,892.0942733840527,1070.2091151600575,892.0942733840527,stop,5,-0.06490014982904907,-1.0,2026-02-12,0.0025,True
2026-02-05,control_naive_low,KEC,bull,-1.0113542793961476,602.9767158068263,561.6456178400814,561.6456178400814,685.6389117403161,544.6560704208887,stop,17,-0.09922122298769093,-1.4110596682638954,2026-03-02,0.0025,True
2026-02-05,control_naive_low,NAUKRI,bull,-1.01250436325056,1159.8630432460855,1095.192216543413,1095.192216543413,1289.2046966514304,1095.192216543413,stop,9,-0.0582572957249155,-1.0,2026-02-18,0.0025,True
2026-02-05,control_naive_low,IGL,bull,-1.018222517498762,169.83700376658177,162.84367216485055,162.84367216485055,183.82366697004423,162.84367216485055,stop,6,-0.04367672501654957,-1.0,2026-02-13,0.0025,True
2026-02-05,control_naive_low,AAVAS,bull,-1.0210199281527972,1380.0,1309.939990113111,1309.939990113111,1520.120019773778,1309.939990113111,stop,1,-0.0532681231064413,-1.0,2026-02-06,0.0025,True
2026-02-05,control_naive_low,NTPCGREEN,bull,-1.0278405265071753,86.19999694824219,82.75550374507428,82.75550374507428,93.088983354578,87.94000244140625,time,20,0.017685679289627335,0.505155734249606,2026-03-06,0.0025,True
2026-02-05,control_naive_low,SBICARD,bull,-1.0338549660998289,746.3851651722078,713.7072205620345,713.7072205620345,811.7410543925545,721.5222778320312,time,20,-0.03581106846749854,-0.7608461192028667,2026-03-06,0.0025,True
2026-02-05,control_naive_low,RAINBOW,bull,-1.035137717620683,1125.354382390409,1070.5563826769796,1070.5563826769796,1234.9503818172677,1234.9503818172677,target,4,0.0948879883011266,2.0,2026-02-11,0.0025,True
2026-02-05,control_naive_low,CIPLA,bull,-1.0402591695579089,1315.6571384515978,1276.058136331272,1276.058136331272,1394.8551426922495,1308.9202880859375,time,20,-0.007620521273185852,-0.17012677100270493,2026-03-06,0.0025,True
2026-02-05,control_naive_low,CYIENT,bull,-1.0414939236529956,1094.0,1044.581449398129,1044.581449398129,1192.837101203742,1044.581449398129,stop,1,-0.047672349727487184,-1.0,2026-02-06,0.0025,True
2026-02-05,control_naive_low,COLPAL,bull,-1.0418350095035458,2089.6662484927692,2018.696064935675,2018.696064935675,2231.606615606958,2231.606615606958,target,14,0.06542489815852987,2.0,2026-02-25,0.0025,True
2026-02-05,control_naive_low,CHAMBLFERT,bull,-1.0420526623544206,421.77024028395266,402.4258542778389,402.4258542778389,460.4590122961802,460.4590122961802,target,4,0.0892294970507656,2.0,2026-02-11,0.0025,True
2026-02-05,control_naive_low,BERGEPAINT,bull,-1.0429501702348742,461.515564707958,448.6898926182691,448.6898926182691,487.1669088873358,448.6898926182691,stop,4,-0.030290334867264675,-1.0,2026-02-11,0.0025,True
2026-02-05,control_naive_low,IRCTC,bull,-1.0432046660936805,617.4953860385164,594.2145703292134,594.2145703292134,664.0570174571222,594.2145703292134,stop,15,-0.04020200755451603,-1.0,2026-02-26,0.0025,True
2026-02-05,trend_lowbeta,MUTHOOTFIN,bull,1.1609224873151247,3519.243178618443,3177.388126259364,3512.83341582561,,3512.83341582561,stop,7,-0.0043213469395285125,-0.018749943137012427,2026-02-16,0.0025,False
2026-02-05,trend_lowbeta,CANBK,bull,1.119590935262154,143.2737263763778,131.61327489367704,137.1370180786869,,135.6744039543906,stop,21,-0.05554058611572571,-0.6517176829097405,2026-03-09,0.0025,False
2026-02-05,trend_lowbeta,POWERINDIA,bull,1.104266751232502,20895.011078811556,17223.492995602024,32107.383553217835,,33996.8828125,time,60,0.6245334906390314,3.5685161932350273,2026-05-08,0.0025,False
2026-02-05,trend_lowbeta,LAURUSLABS,bull,1.1021930889920473,960.7934256907317,873.1248388056761,965.8500795037278,,965.8500795037278,stop,26,0.002762997932527158,0.05767919836127783,2026-03-16,0.0025,False
2026-02-05,trend_lowbeta,INDIANB,bull,1.0729447803087553,859.9800798959684,785.0053143580761,864.2582335583379,,864.2582335583379,stop,21,0.0024747125106514022,0.05706124763014197,2026-03-09,0.0025,False
2026-02-12,momentum,JKTYRE,bull,0.7748538913086372,576.2024589916322,543.453793159191,543.453793159191,641.6997906565144,543.453793159191,stop,6,-0.059335345496012104,-1.0,2026-02-20,0.0025,True
2026-02-12,momentum,TATASTEEL,bull,0.7553059203686567,202.41562482198435,195.10830475445712,195.10830475445712,217.0302649570388,195.10830475445712,stop,13,-0.038600573134873806,-1.0,2026-03-04,0.0025,True
2026-02-12,momentum,ASHOKLEY,bull,0.7542181544570997,206.59567641977753,197.9898348475044,197.9898348475044,223.8073595643238,196.6945960407497,stop,12,-0.05042491571270852,-1.150506931353208,2026-03-02,0.0025,True
2026-02-12,momentum,KIRLOSENG,bull,0.7526893311866298,1334.8223823464339,1238.968578112419,1238.968578112419,1526.5299908144636,1526.5299908144636,target,15,0.1411203130869249,2.0,2026-03-06,0.0025,True
2026-02-12,momentum,INDUSTOWER,bull,0.7272664905689421,452.4715095912901,437.51582984681454,437.51582984681454,482.3828690802412,437.51582984681454,stop,11,-0.03555330706453713,-1.0,2026-02-27,0.0025,True
2026-02-12,momentum,BSE,bull,0.7154803156072976,3091.8545011313686,2977.5448681762755,2977.5448681762755,3320.4737670415548,2802.616426417188,stop,2,-0.09604841070572462,-2.5303035906677147,2026-02-16,0.0025,True
2026-02-12,momentum,ABSLAMC,bull,0.709326915976392,847.4146916343111,809.8265372205509,809.8265372205509,922.5910004618315,922.5910004618315,target,17,0.08621253893714836,2.0,2026-03-10,0.0025,True
2026-02-12,momentum,IOC,bull,0.7006336772045791,173.52611192631366,167.73983619724393,167.73983619724393,185.09866338445312,167.73983619724393,stop,13,-0.03584527388896269,-1.0,2026-03-04,0.0025,True
2026-02-12,momentum,JSL,bull,0.6992462079171292,793.7215227630903,754.9617337432558,754.9617337432558,871.2411008027594,754.9617337432558,stop,2,-0.051332982234001456,-1.0,2026-02-16,0.0025,True
2026-02-12,momentum,NATIONALUM,bull,0.6992462079171292,357.30748457390104,343.8122480336871,343.8122480336871,384.29795765432885,343.4122065584589,stop,2,-0.04138885236202833,-1.0296431614248613,2026-02-16,0.0025,True
2026-02-12,momentum,M&MFIN,bull,0.6944876063633,368.90017592475033,349.26548619006326,349.26548619006326,408.1695553941245,349.26548619006326,stop,16,-0.05572494001383249,-1.0,2026-03-09,0.0025,True
2026-02-12,momentum,INDIANB,bull,0.6922216056233814,856.7489464152972,818.8492616568391,818.8492616568391,932.5483159322133,932.5483159322133,target,5,0.08597325676216644,2.0,2026-02-19,0.0025,True
2026-02-12,control_naive_low,APTUS,bull,-1.0025855575618712,248.77327115753124,235.0809533518074,235.0809533518074,276.15790676897893,235.0809533518074,stop,8,-0.057539344629003286,-1.0,2026-02-24,0.0025,True
2026-02-12,control_naive_low,NEWGEN,bull,-1.0034584980237156,489.7670136927586,461.3976572021596,461.3976572021596,546.5057266739566,461.3976572021596,stop,2,-0.060424187822897546,-1.0,2026-02-16,0.0025,True
2026-02-12,control_naive_low,CYIENT,bull,-1.0049407114624507,990.0,958.8232993200262,958.8232993200262,1052.3534013599476,958.8232993200262,stop,8,-0.03399161684845836,-1.0,2026-02-24,0.0025,True
2026-02-12,control_naive_low,POLYMED,bull,-1.0049618320610687,1313.8095653342266,1198.7242531712664,1198.7242531712664,1543.980189660147,1257.62451171875,time,20,-0.045264990526753646,-0.4882035123293477,2026-03-13,0.0025,True
2026-02-12,control_naive_low,WIPRO,bull,-1.0050727688944607,208.27137256697807,206.66620046946713,206.66620046946713,211.48171676199996,206.66620046946713,stop,1,-0.010207118255029233,-1.0,2026-02-13,0.0025,True
2026-02-12,control_naive_low,KPITTECH,bull,-1.0059805774316901,862.7152923557027,827.4581378299955,827.4581378299955,933.229601407117,827.4581378299955,stop,1,-0.04336765916648483,-1.0,2026-02-13,0.0025,True
2026-02-12,control_naive_low,OFSS,bull,-1.007255468878891,6462.847486796769,6251.980700954943,6251.980700954943,6884.58105848042,6251.980700954943,stop,1,-0.03512753550545861,-1.0,2026-02-13,0.0025,True
2026-02-12,control_naive_low,AWL,bull,-1.0106800062299075,203.93467471687555,197.56943284956944,197.56943284956944,216.66515845148777,197.56943284956944,stop,6,-0.03371216083602774,-1.0,2026-02-20,0.0025,True
2026-02-12,control_naive_low,FSL,bull,-1.0140740085825286,259.33981645264333,253.13071642371557,253.13071642371557,271.75801651049886,253.13071642371557,stop,1,-0.026441946569787763,-1.0,2026-02-13,0.0025,True
2026-02-12,control_naive_low,SYNGENE,bull,-1.0167426656333074,442.2982868597706,417.77753906130266,417.77753906130266,491.3397824567065,417.77753906130266,stop,11,-0.057939391304362375,-1.0,2026-02-27,0.0025,True
2026-02-12,control_naive_low,AAVAS,bull,-1.024586974406335,1300.5,1235.5228722497618,1235.5228722497618,1430.4542555004764,1222.0,stop,12,-0.06286139946174546,-1.2081174209752943,2026-03-02,0.0025,True
2026-02-12,control_naive_low,BERGEPAINT,bull,-1.0267409110596708,456.5530118075284,438.1923420747788,438.1923420747788,493.2743512730275,427.9191928823863,stop,12,-0.06521740232701251,-1.5595193063174868,2026-03-02,0.0025,True
2026-02-12,control_naive_low,CLEAN,bull,-1.026763132853645,766.3889604037699,732.0655465449197,732.0655465449197,835.0357881214704,732.0655465449197,stop,5,-0.04728589284580381,-1.0,2026-02-19,0.0025,True
2026-02-12,trend_lowbeta,GLENMARK,bull,1.1003522077080858,2031.9780987181944,1888.8990706803097,2069.430891335246,,2069.430891335246,stop,32,0.015931691089917602,0.26176297903795465,2026-04-02,0.0025,False
2026-02-12,trend_lowbeta,SBILIFE,bull,1.0956527312965563,2036.1694840893929,1914.6172067233936,1960.1255640221261,,1960.1255640221261,stop,13,-0.039846557180761744,-0.6256067077895638,2026-03-04,0.0025,False
2026-02-19,momentum,UNIONBANK,bull,0.8097168222547055,183.9198420636495,175.62460260919553,175.62460260919553,200.51032097255742,175.62460260919553,stop,11,-0.04760247160599024,-1.0,2026-03-09,0.0025,True
2026-02-19,momentum,MAHABANK,bull,0.7900194889533707,66.4862321538549,64.01990461309309,64.01990461309309,71.41888723537852,71.41888723537852,target,4,0.07169062446055036,2.0,2026-02-25,0.0025,True
2026-02-19,momentum,BANKINDIA,bull,0.7733708573957211,163.6540727592752,155.95158132118425,155.95158132118425,179.05905563545713,155.95158132118425,stop,8,-0.049565687448065165,-1.0,2026-03-04,0.0025,True
2026-02-19,momentum,INDIANB,bull,0.7594253690687577,908.0070030196914,864.9681118914266,864.9681118914266,994.084785276221,864.9681118914266,stop,11,-0.049899294262195804,-1.0,2026-03-09,0.0025,True
2026-02-19,momentum,RBLBANK,bull,0.7576394239633805,330.04550867236435,318.31510165397424,318.31510165397424,353.50632270914457,318.31510165397424,stop,3,-0.03804178654203366,-1.0,2026-02-24,0.0025,True
2026-02-19,momentum,ACUTAAS,bull,0.7463101104249812,2088.4378697168736,1988.5554545500333,1988.5554545500333,2288.202700050554,2288.202700050554,target,10,0.09315275234199921,2.0,2026-03-06,0.0025,True
2026-02-19,momentum,JINDALSTEL,bull,0.7452702145292114,1207.6375601633115,1162.4989288384133,1162.4989288384133,1297.9148228131078,1162.4989288384133,stop,8,-0.03987763118165516,-1.0,2026-03-04,0.0025,True
2026-02-19,momentum,KARURVYSYA,bull,0.7248736846984657,317.0342696503259,301.6047270271208,301.6047270271208,347.893354896736,298.77628339213936,stop,11,-0.06008994533406192,-1.183313511233162,2026-03-09,0.0025,True
2026-02-19,momentum,CUMMINSIND,bull,0.707105177040837,4601.831021202932,4406.222767119354,4406.222767119354,4993.047529370087,4577.333984375,time,20,-0.00782332384980283,-0.12523518980679108,2026-03-20,0.0025,True
2026-02-19,momentum,FEDERALBNK,bull,0.7064478746581374,288.56415637603914,276.7355489668071,276.7355489668071,312.22137119450326,276.7355489668071,stop,11,-0.043491256702782366,-1.0,2026-03-09,0.0025,True
2026-02-19,momentum,VEDL,bull,0.7046539656051545,664.6006249785198,630.4308964370905,630.4308964370905,732.9400820613785,661.1581420898438,time,20,-0.00767977678517434,-0.1007465682527213,2026-03-20,0.0025,True
2026-02-19,momentum,FORCEMOT,bull,0.7018119036075124,24076.502589536514,22214.014051293514,22214.014051293514,27801.479666022515,22214.014051293514,stop,8,-0.07985710497472437,-1.0,2026-03-04,0.0025,True
2026-02-19,momentum,BAJAJ-AUTO,bull,0.696053942389926,9590.036433637963,9288.71464624161,9288.71464624161,10192.680008430669,9288.71464624161,stop,11,-0.033920296417168816,-1.0,2026-03-09,0.0025,True
2026-02-19,momentum,ONGC,bull,0.6894309013800276,276.22456543046064,262.4125903747592,262.4125903747592,303.84851554186355,262.4125903747592,stop,15,-0.05250270354006076,-1.0,2026-03-13,0.0025,True
2026-02-19,momentum,CRAFTSMAN,bull,0.6814722106336625,8020.712266149851,7633.763377403925,7633.763377403925,8794.610043641702,7633.763377403925,stop,4,-0.05074370653202237,-1.0,2026-02-25,0.0025,True
2026-02-19,control_naive_low,NAUKRI,bull,-1.004036719645929,1091.0324626490255,1024.4637105858894,1024.4637105858894,1224.1699667752978,1024.4637105858894,stop,3,-0.0635144558865895,-1.0,2026-02-24,0.0025,True
2026-02-19,control_naive_low,MANKIND,bull,-1.0041851304775973,2047.0999755859375,1966.60664290182,1966.60664290182,2208.0866409541727,2208.0866409541727,target,5,0.0761413303151725,2.0,2026-02-26,0.0025,True
2026-02-19,control_naive_low,INOXWIND,bull,-1.0057232368417355,96.45999908447266,90.10221664015651,90.10221664015651,109.17556397310494,88.05999755859375,stop,7,-0.08958274523746151,-1.3212156281611218,2026-03-02,0.0025,True
2026-02-19,control_naive_low,MAPMYINDIA,bull,-1.0066606880414604,1124.59936986439,1029.1254246307085,1029.1254246307085,1315.5472603317528,1029.1254246307085,stop,6,-0.08739596187946835,-1.0,2026-02-27,0.0025,True
2026-02-19,control_naive_low,CLEAN,bull,-1.0066940224235825,731.5531505446039,696.8302398908475,696.8302398908475,800.9989718521168,696.8302398908475,stop,15,-0.04996464508820314,-1.0,2026-03-13,0.0025,True
2026-02-19,control_naive_low,ABBOTINDIA,bull,-1.007058369810253,25889.188695123834,25003.023317806572,25003.023317806572,27661.519449758358,27661.519449758358,target,9,0.06595833507978316,2.0,2026-03-05,0.0025,True
2026-02-19,control_naive_low,LTTS,bull,-1.0104667382024168,3399.9615414875393,3240.4305176574767,3240.4305176574767,3719.0235891476646,3240.4305176574767,stop,3,-0.049421420105318414,-1.0,2026-02-24,0.0025,True
2026-02-19,control_naive_low,WIPRO,bull,-1.0105258522687708,207.33211373068798,198.80389581623885,198.80389581623885,224.38854955958624,198.80389581623885,stop,3,-0.0436331257902805,-1.0,2026-02-24,0.0025,True
2026-02-19,control_naive_low,BAJAJHFL,bull,-1.0123981382560838,88.19000244140625,85.69984161004838,85.69984161004838,93.17032410412199,82.5,stop,7,-0.06701981272125163,-2.284993952902041,2026-03-02,0.0025,True
2026-02-19,control_naive_low,ACC,bull,-1.0154425350495897,1600.73785774698,1558.6028710012542,1558.6028710012542,1685.0078312384312,1558.6028710012542,stop,7,-0.02882222792870664,-1.0,2026-03-02,0.0025,True
2026-02-19,control_naive_low,CONCORDBIO,bull,-1.015727283246764,1118.3040337905384,1029.2347202191133,1029.2347202191133,1296.4426609333884,1085.7987060546875,time,20,-0.03156662835300045,-0.36494418147485463,2026-03-20,0.0025,True
2026-02-19,control_naive_low,HONAUT,bull,-1.01667212151779,31012.316553548306,29845.49750152325,29845.49750152325,33345.95465759842,29845.49750152325,stop,8,-0.04012437578664391,-1.0,2026-03-04,0.0025,True
2026-02-19,control_naive_low,RVNL,bull,-1.0219574363101478,304.5507205854212,290.66495416627896,290.66495416627896,332.3222534237056,290.66495416627896,stop,8,-0.04809426552152091,-1.0,2026-03-04,0.0025,True
2026-02-19,trend_lowbeta,ANURAS,bull,1.211262774838965,1329.0999755859375,1215.6445002599971,1215.6445002599971,,1181.0,stop,7,-0.11392877007476226,-1.3053576758677246,2026-03-02,0.0025,False
2026-02-19,trend_lowbeta,MUTHOOTFIN,bull,1.1630726186620606,3371.7898673030686,2993.3739167492377,3065.7019990739327,,3296.699951171875,time,60,-0.024770046202865655,-0.19843221730293267,2026-05-22,0.0025,False
2026-02-19,trend_lowbeta,CANFINHOME,bull,1.1014969952139335,877.9682888704251,807.9626087359833,807.9626087359833,,807.9626087359833,stop,7,-0.08223600074384191,-1.0,2026-03-02,0.0025,False
2026-02-19,trend_lowbeta,BEL,bull,1.0845658354024974,432.5687658965178,403.4183405671131,426.517128209974,,426.517128209974,stop,16,-0.01649000150646923,-0.20760032205908804,2026-03-16,0.0025,False
2026-02-26,momentum,SHRIRAMFIN,bull,0.7632782859535825,1092.8183428904563,1055.4771854007129,1055.4771854007129,1167.500657869943,1038.1276453013659,stop,2,-0.05254555235084718,-1.4646224505523815,2026-03-02,0.0025,True
2026-02-26,momentum,GRAPHITE,bull,0.7550171037296919,720.7873644694366,677.7335412003815,677.7335412003815,806.8950110075468,677.5618371357067,stop,2,-0.06246987386917885,-1.0039881258303542,2026-03-02,0.0025,True
2026-02-26,momentum,AJANTPHARM,bull,0.7472846906147059,2977.919638308785,2854.199291760488,2854.199291760488,3225.3603314053794,2804.3099950814853,stop,2,-0.060798968512762064,-1.403242458260713,2026-03-02,0.0025,True
2026-02-26,momentum,MRPL,bull,0.7467866676432208,192.929749665843,181.6473038372996,181.6473038372996,215.49464132292977,181.6473038372996,stop,3,-0.06097955459479293,-1.0,2026-03-04,0.0025,True
2026-02-26,momentum,EICHERMOT,bull,0.7147433808956664,8134.813252918045,7826.728758751807,7826.728758751807,8750.98224125052,7719.165931270764,stop,2,-0.05359488180299449,-1.3491341807777026,2026-03-02,0.0025,True
2026-02-26,momentum,JSWSTEEL,bull,0.7116981015736468,1264.735530656956,1236.5619974770932,1236.5619974770932,1321.0825970166813,1228.941155870002,stop,3,-0.030801865425067073,-1.2704964818732194,2026-03-04,0.0025,True
2026-02-26,momentum,TORNTPHARM,bull,0.7079959726593671,4411.533019210309,4249.269759215459,4249.269759215459,4736.05953920001,4182.687900880207,stop,2,-0.05437428436635999,-1.4103323102060514,2026-03-02,0.0025,True
2026-02-26,momentum,NTPC,bull,0.7016080799670443,376.9282583588319,366.89787309097113,366.89787309097113,396.9890288945534,361.09924028970323,stop,2,-0.044494776772771416,-1.5781066874716971,2026-03-02,0.0025,True
2026-02-26,momentum,LUPIN,bull,0.6954850472309259,2313.2274078965424,2239.957558704285,2239.957558704285,2459.7671062810573,2239.957558704285,stop,11,-0.03417429580945658,-1.0,2026-03-16,0.0025,True
2026-02-26,momentum,INDUSINDBK,bull,0.6954014081856775,961.4427742540664,928.1563202842726,928.1563202842726,1028.015682193654,928.1563202842726,stop,3,-0.03712135746521056,-1.0,2026-03-04,0.0025,True
2026-02-26,control_naive_low,CYIENT,bull,-1.0030465116989475,925.2000122070312,870.4651708924854,870.4651708924854,1034.669694836123,870.0,stop,5,-0.06216278802283365,-1.0084986250313979,2026-03-06,0.0025,True
2026-02-26,control_naive_low,IRCTC,bull,-1.0038230148572787,594.0999755859375,570.0026310630993,570.0026310630993,642.2946646316138,570.0026310630993,stop,1,-0.043061093272343476,-1.0,2026-02-27,0.0025,True
2026-02-26,control_naive_low,LATENTVIEW,bull,-1.004213676136898,335.1499938964844,309.2485248425947,309.2485248425947,386.95293200426374,309.2485248425947,stop,4,-0.0797832150547188,-1.0,2026-03-05,0.0025,True
2026-02-26,control_naive_low,IRFC,bull,-1.006729105083339,101.9176296551278,97.75091599411166,97.75091599411166,110.25105697716006,96.47542830288897,stop,2,-0.05589803693094436,-1.3061135933472428,2026-03-02,0.0025,True
2026-02-26,control_naive_low,AWL,bull,-1.0070714686203022,187.81886554525695,180.6907552157601,180.6907552157601,202.07508620425065,179.26355972094098,stop,2,-0.048050833242864466,-1.2002207357696542,2026-03-02,0.0025,True
2026-02-26,control_naive_low,FIVESTAR,bull,-1.0072524582655698,420.5235994555536,398.76343994708077,398.76343994708077,464.0439184724993,398.76343994708077,stop,2,-0.05424539440032722,-1.0,2026-03-02,0.0025,True
2026-02-26,control_naive_low,SONATSOFTW,bull,-1.007436323637222,267.2612733123645,248.26964145508413,248.26964145508413,305.24453702692523,248.26964145508413,stop,2,-0.07356017127697995,-1.0,2026-03-02,0.0025,True
2026-02-26,control_naive_low,WIPRO,bull,-1.0098433445255646,201.69647751747044,189.26088481110546,189.26088481110546,226.5676629302004,189.26088481110546,stop,12,-0.06415498207715525,-1.0,2026-03-17,0.0025,True
2026-02-26,control_naive_low,FSL,bull,-1.0112799124432124,220.0,202.27684551566898,202.27684551566898,255.44630896866204,202.0,stop,2,-0.08431818181818179,-1.0156205553539432,2026-03-02,0.0025,True
2026-02-26,control_naive_low,TATAELXSI,bull,-1.011784485045774,4442.3350976952,4161.13403314193,4161.13403314193,5004.73722680174,4161.13403314193,stop,6,-0.06580028202941385,-1.0,2026-03-09,0.0025,True
2026-02-26,control_naive_low,COFORGE,bull,-1.014789637667113,1214.2711230109232,1107.3502302822963,1107.3502302822963,1428.1129084681772,1107.3502302822963,stop,8,-0.09055355797600168,-1.0,2026-03-11,0.0025,True
2026-02-26,control_naive_low,BRIGADE,bull,-1.0158156080640055,540.0070737203532,509.42297379136994,509.42297379136994,601.1752735783198,508.2419860703854,stop,2,-0.06132346583188947,-1.0386144344194146,2026-03-02,0.0025,True
2026-02-26,control_naive_low,COHANCE,bull,-1.0174889243492318,306.6000061035156,281.185398541641,281.185398541641,357.42922122726486,281.185398541641,stop,5,-0.08539173860386035,-1.0,2026-03-06,0.0025,True
2026-02-26,trend_lowbeta,PTCIL,bull,1.110123977143678,17949.0,16583.628490230418,16583.628490230418,,16583.628490230418,stop,11,-0.07856950302354354,-1.0,2026-03-16,0.0025,False
2026-02-26,trend_lowbeta,DELHIVERY,bull,1.1009412746933114,442.3500061035156,413.8870195068706,413.8870195068706,,410.04998779296875,stop,2,-0.07551914290691403,-1.134807768709491,2026-03-02,0.0025,False
2026-02-26,trend_lowbeta,NETWEB,bull,1.0845396641574985,3777.645430718473,3250.513826549632,3250.513826549632,,3250.513826549632,stop,4,-0.14203972489911137,-1.0,2026-03-05,0.0025,False
2026-03-06,momentum,KIRLOSENG,neutral,0.8380015323513775,1511.8036542554023,1415.2561145351754,1415.2561145351754,1704.8987336958562,1415.2561145351754,stop,4,-0.06636248601031386,-1.0,2026-03-12,0.0025,True
2026-03-06,momentum,ACUTAAS,neutral,0.821623418596064,2161.8829966362396,2123.7287384042306,2123.7287384042306,2238.1915131002575,2123.7287384042306,stop,1,-0.02014862311761306,-1.0,2026-03-09,0.0025,True
2026-03-06,momentum,GESHIP,neutral,0.7643133607300244,1385.480384299414,1325.5629338596395,1325.5629338596395,1505.315285178963,1325.5629338596395,stop,1,-0.045746697043691775,-1.0,2026-03-09,0.0025,True
2026-03-06,momentum,BEL,neutral,0.7535916936314683,469.3628248727434,449.09668811597777,449.09668811597777,509.8950983862746,449.09668811597777,stop,4,-0.045677975934204584,-1.0,2026-03-12,0.0025,True
2026-03-06,momentum,NATIONALUM,neutral,0.7408997091659629,393.0382348840682,370.63774218638906,370.63774218638906,437.8392202794264,370.63774218638906,stop,6,-0.05949316430190671,-1.0,2026-03-16,0.0025,True
2026-03-06,momentum,CHENNPETRO,neutral,0.7400221961535763,969.6963759142815,895.4908258081904,895.4908258081904,1118.1074761264636,895.4908258081904,stop,1,-0.0790245204058086,-1.0,2026-03-09,0.0025,True
2026-03-06,momentum,GVT&D,neutral,0.7298456703255464,3743.7335860684757,3614.3149772358784,3614.3149772358784,4002.5708037336703,3614.3149772358784,stop,5,-0.037069395993935494,-1.0,2026-03-13,0.0025,True
2026-03-06,momentum,APLAPOLLO,neutral,0.7176142227225818,2085.4663471933777,2063.4878758322993,2063.4878758322993,2129.4232899155345,2063.4878758322993,stop,1,-0.013038876060338765,-1.0,2026-03-09,0.0025,True
2026-03-06,momentum,HINDALCO,neutral,0.7113472183131627,935.1216977839334,907.69200691901,907.69200691901,989.9810795137802,907.69200691901,stop,5,-0.031832749876221145,-1.0,2026-03-13,0.0025,True
2026-03-06,momentum,SAILIFE,neutral,0.7055700902333123,1035.0,978.4577418278144,978.4577418278144,1148.0845163443712,978.4577418278144,stop,5,-0.057130201132546465,-1.0,2026-03-13,0.0025,True
2026-03-06,momentum,GRAPHITE,neutral,0.6969274791256216,655.7018781301155,611.6860052974366,611.6860052974366,743.7336237954731,611.6860052974366,stop,5,-0.06962787365837692,-1.0,2026-03-13,0.0025,True
2026-03-06,momentum,MCX,neutral,0.6902570597617037,2472.9407087211375,2385.9244352649184,2385.9244352649184,2646.9732556335757,2646.9732556335757,target,7,0.06787473494560164,2.0,2026-03-17,0.0025,True
2026-03-06,momentum,AJANTPHARM,neutral,0.6832981517966038,2893.988572848176,2852.5341083202024,2852.5341083202024,2976.8975019041227,2852.5341083202024,stop,1,-0.0168243359413735,-1.0,2026-03-09,0.0025,True
2026-03-06,momentum,NAVINFLUOR,neutral,0.6806900272070551,6426.268832100049,6180.600303032819,6180.600303032819,6917.605890234508,6180.600303032819,stop,4,-0.04072879737618246,-1.0,2026-03-12,0.0025,True
2026-03-06,momentum,JINDALSTEL,neutral,0.6795431091096725,1154.9318976529871,1130.5222502652389,1130.5222502652389,1203.7511924284836,1130.5222502652389,stop,1,-0.023635140034968857,-1.0,2026-03-09,0.0025,True
2026-03-06,momentum,PFOCUS,neutral,0.6789708227788724,271.0,252.188547286138,252.188547286138,308.622905427724,308.622905427724,target,12,0.1363299093273948,2.0,2026-03-24,0.0025,True
2026-03-06,momentum,TORNTPHARM,neutral,0.6752884886011821,4286.481768913934,4159.941538112866,4159.941538112866,4539.56223051607,4159.941538112866,stop,11,-0.03202076729189712,-1.0,2026-03-23,0.0025,True
2026-03-06,momentum,ASTRAL,neutral,0.6750562904587672,1674.3664964391787,1623.2233694020358,1623.2233694020358,1776.6527505134645,1623.2233694020358,stop,1,-0.03304476253909011,-1.0,2026-03-09,0.0025,True
2026-03-06,momentum,OIL,neutral,0.6735575569940895,501.9734812829164,457.23488195542933,457.23488195542933,591.4506799378905,457.23488195542933,stop,6,-0.09162542394300716,-1.0,2026-03-16,0.0025,True
2026-03-06,reversal,AMBER,neutral,0.8123803827751196,7700.0,7390.538752139604,7390.538752139604,8473.65311965099,7390.538752139604,stop,1,-0.04268977244940203,-1.0,2026-03-09,0.0025,True
2026-03-06,control_naive_low,ACC,neutral,-1.0014676125229318,1467.5088203690539,1446.2195897943334,1446.2195897943334,1510.0872815184948,1446.2195897943334,stop,1,-0.017007054594306677,-1.0,2026-03-09,0.0025,True
2026-03-06,control_naive_low,AWL,neutral,-1.0017521854087497,173.0957780948099,168.15326166452033,168.15326166452033,182.98081095538905,182.98081095538905,target,3,0.05460730191908442,2.0,2026-03-11,0.0025,True
2026-03-06,control_naive_low,NAUKRI,neutral,-1.0021472143005496,963.027618392966,918.9064404359157,918.9064404359157,1051.2699743070666,1029.5223388671875,time,20,0.06654757371879255,1.5070930458599858,2026-04-08,0.0025,True
2026-03-06,control_naive_low,SONATSOFTW,neutral,-1.0030525030904172,238.81038934499145,225.19465916181127,225.19465916181127,266.0418497113518,225.19465916181127,stop,11,-0.059514815061125936,-1.0,2026-03-23,0.0025,True
2026-03-06,control_naive_low,INOXWIND,neutral,-1.003350069073495,82.0,77.90778965012828,77.90778965012828,90.18442069974344,77.90778965012828,stop,6,-0.05240500426672828,-1.0,2026-03-16,0.0025,True
2026-03-06,control_naive_low,HONAUT,neutral,-1.0040207760794624,29666.12270162563,28882.095171704324,28882.095171704324,31234.177761468243,28882.095171704324,stop,9,-0.028928378855129052,-1.0,2026-03-19,0.0025,True
2026-03-06,control_naive_low,TCS,neutral,-1.0043984596410913,2482.54302502939,2402.606584439652,2402.606584439652,2642.415906208865,2402.606584439652,stop,4,-0.0346994180095998,-1.0,2026-03-12,0.0025,True
2026-03-06,control_naive_low,KPITTECH,neutral,-1.0045297142196112,686.4536393750014,637.6740301817323,637.6740301817323,784.0128577615397,637.6740301817323,stop,6,-0.0735603111343131,-1.0,2026-03-16,0.0025,True
2026-03-06,control_naive_low,SHREECEM,neutral,-1.004644556504463,24536.223323574606,23829.160712573896,23829.160712573896,25950.348545576027,23829.160712573896,stop,1,-0.03131709225076046,-1.0,2026-03-09,0.0025,True
2026-03-06,control_naive_low,SYNGENE,neutral,-1.0055345542592582,395.4808215796833,378.08673553640085,378.08673553640085,430.26899366624826,397.92388916015625,time,20,0.0036774615788308118,0.14045392062530535,2026-04-08,0.0025,True
2026-03-06,control_naive_low,SWANCORP,neutral,-1.0058988935492013,348.8776413357506,334.67311553874947,334.67311553874947,377.2866929297528,334.67311553874947,stop,1,-0.04321492154847223,-1.0,2026-03-09,0.0025,True
2026-03-06,control_naive_low,OLECTRA,neutral,-1.0073227967496765,899.0,855.050449854849,855.050449854849,986.8991002903019,986.8991002903019,target,8,0.09527430510600893,2.0,2026-03-18,0.0025,True
2026-03-06,control_naive_low,IGL,neutral,-1.0076243107857876,154.0500030517578,150.18572968837265,150.18572968837265,161.77854977852814,161.77854977852814,target,2,0.047669078699555,2.0,2026-03-10,0.0025,True
2026-03-06,control_naive_low,MAPMYINDIA,neutral,-1.0077683201376166,993.0852944611278,930.9099471501876,930.9099471501876,1117.4359890830083,930.9099471501876,stop,5,-0.06510826502790784,-1.0,2026-03-13,0.0025,True
2026-03-06,control_naive_low,INDGN,neutral,-1.0079016593511763,452.5131645065207,433.69477001644105,433.69477001644105,490.14995348668,433.69477001644105,stop,5,-0.0440864022665543,-1.0,2026-03-13,0.0025,True
2026-03-06,control_naive_low,SBICARD,neutral,-1.0087071733774586,712.5038471964945,688.9308236355348,688.9308236355348,759.6498943184138,688.9308236355348,stop,6,-0.03558476670506833,-1.0,2026-03-16,0.0025,True
2026-03-06,control_naive_low,IRCTC,neutral,-1.0097725371570807,542.0,525.0357236701919,525.0357236701919,575.9285526596161,525.0357236701919,stop,4,-0.03379940282252408,-1.0,2026-03-12,0.0025,True
2026-03-06,control_naive_low,ATGL,neutral,-1.011844861349927,480.8320657243894,462.5775968768221,462.5775968768221,517.341003419524,517.341003419524,target,3,0.07342866677918541,2.0,2026-03-11,0.0025,True
2026-03-06,trend_lowbeta,ANURAS,neutral,1.2171677356935535,1205.0,1142.1346878138104,1220.9285287596472,,1302.0,time,60,0.07799792531120325,1.5429812821530722,2026-06-08,0.0025,False
2026-03-06,trend_lowbeta,AUBANK,neutral,1.1880755724370229,942.4847551523957,888.419985392138,888.419985392138,,888.419985392138,stop,5,-0.059864078797768616,-1.0,2026-03-13,0.0025,False
2026-03-06,trend_lowbeta,CUB,neutral,1.1479377933851722,188.73185522868656,173.20498272497298,173.20498272497298,,173.20498272497298,stop,5,-0.0847694848461043,-1.0,2026-03-13,0.0025,False
2026-03-06,trend_lowbeta,DELHIVERY,neutral,1.1451875873436772,415.0,390.5004781054534,436.8106608027129,,436.8106608027129,stop,55,0.05005580916316371,0.8902484259322538,2026-06-01,0.0025,False
2026-03-06,trend_lowbeta,MFSL,neutral,1.1409458200451499,1654.5,1585.6560245530873,1585.6560245530873,,1585.6560245530873,stop,11,-0.04411013928492763,-1.0,2026-03-23,0.0025,False
2026-03-06,trend_lowbeta,NAVINFLUOR,neutral,1.1335328053893288,6426.268832100049,5924.931820158866,5924.931820158866,,5924.931820158866,stop,11,-0.0805137004908571,-1.0,2026-03-23,0.0025,False
2026-03-06,trend_lowbeta,KARURVYSYA,neutral,1.0924006521661231,298.77628339213936,283.8670170682219,283.8670170682219,,283.8670170682219,stop,5,-0.05240110377787005,-1.0,2026-03-13,0.0025,False
2026-03-06,trend_lowbeta,NETWEB,neutral,1.0802979539183717,3098.0688205676665,2688.0045267219193,3674.2418354575616,,3674.2418354575616,stop,48,0.18347812000326108,1.4050796997863768,2026-05-20,0.0025,False
2026-03-06,trend_lowbeta,KIRLOSENG,neutral,1.0787078510767907,1511.8036542554023,1353.8847839909172,1353.8847839909172,,1353.8847839909172,stop,11,-0.10695726190697946,-1.0,2026-03-23,0.0025,False
2026-03-06,trend_lowbeta,CANFINHOME,neutral,1.0780314974737522,811.5756311244385,749.1608133639961,765.7447554088134,,765.7447554088134,stop,11,-0.05897147839090039,-0.7342947934500269,2026-03-23,0.0025,False
2026-03-13,momentum,NTPC,neutral,0.8053782571540716,380.3908568408736,366.11537324216494,366.11537324216494,408.9418240382909,366.11537324216494,stop,6,-0.04002846142850497,-1.0,2026-03-23,0.0025,True
2026-03-13,momentum,ABB,neutral,0.8040842033401197,6299.76781119331,6000.365438232766,6000.365438232766,6898.5725571143985,6000.365438232766,stop,6,-0.0500259377700511,-1.0,2026-03-23,0.0025,True
2026-03-13,momentum,GESHIP,neutral,0.8032031637480563,1424.784761529596,1357.156639309177,1357.156639309177,1560.0410059704336,1357.156639309177,stop,1,-0.04996550078751255,-1.0,2026-03-16,0.0025,True
2026-03-13,momentum,AJANTPHARM,neutral,0.7794750624839494,2992.585374835723,2863.331002099262,2863.331002099262,3251.094120308645,2863.331002099262,stop,5,-0.04569154060677599,-1.0,2026-03-20,0.0025,True
2026-03-13,momentum,COALINDIA,neutral,0.7665261829246509,455.083645150105,436.28031728459564,436.28031728459564,492.6903008811237,436.28031728459564,stop,7,-0.04381839952039418,-1.0,2026-03-24,0.0025,True
2026-03-13,momentum,KIRLOSENG,neutral,0.7494498518831992,1445.9429207104224,1351.9149759373604,1351.9149759373604,1633.9988102565464,1351.9149759373604,stop,6,-0.06752880814054824,-1.0,2026-03-23,0.0025,True
2026-03-13,momentum,AUROPHARMA,neutral,0.7407441664034398,1302.0,1238.478556855201,1238.478556855201,1429.0428862895978,1386.5,time,20,0.06240015360983103,1.330259449669301,2026-04-16,0.0025,True
2026-03-13,momentum,ASTRAL,neutral,0.7205000459077732,1602.7792043386848,1522.0198594950402,1522.0198594950402,1764.297894025974,1522.0198594950402,stop,12,-0.052887068053435515,-1.0,2026-04-02,0.0025,True
2026-03-13,momentum,ADANIENSOL,neutral,0.7180914092255607,987.5,936.452367551781,936.452367551781,1089.595264896438,936.452367551781,stop,6,-0.054193805010854745,-1.0,2026-03-23,0.0025,True
2026-03-13,momentum,GVT&D,neutral,0.7149715521700287,3566.173103207306,3353.1568244966047,3353.1568244966047,3992.205660628709,3992.205660628709,target,11,0.11696491241219958,2.0,2026-04-01,0.0025,True
2026-03-13,momentum,IPCALAB,neutral,0.7082263600883998,1560.1832581999101,1483.2631637125744,1483.2631637125744,1714.0234471745816,1483.2631637125744,stop,6,-0.05180196121709685,-1.0,2026-03-23,0.0025,True
2026-03-13,momentum,ACUTAAS,neutral,0.7031128038745474,2060.658621910593,1949.3649358565058,1949.3649358565058,2283.2459940187673,2283.2459940187673,target,2,0.10551758706728281,2.0,2026-03-17,0.0025,True
2026-03-13,momentum,POWERINDIA,neutral,0.6982084920299055,24189.22504308898,22768.181940009235,22768.181940009235,27031.31124924847,27031.31124924847,target,16,0.1149938924705855,2.0,2026-04-09,0.0025,True
2026-03-13,momentum,J&KBANK,neutral,0.6978781788419539,121.13999938964844,112.63905689410676,112.63905689410676,138.1418843807318,112.63905689410676,stop,6,-0.07267452978679884,-1.0,2026-03-23,0.0025,True
2026-03-13,control_naive_low,VBL,neutral,-1.0021225510301597,400.27177372908926,379.0576828368925,379.0576828368925,442.69995551348273,442.69995551348273,target,19,0.10349843548575971,2.0,2026-04-15,0.0025,True
2026-03-13,control_naive_low,AMBUJACEM,neutral,-1.002238483083633,423.45394369949406,401.51288564115066,401.51288564115066,467.33605981618086,401.51288564115066,stop,6,-0.05431450872001792,-1.0,2026-03-23,0.0025,True
2026-03-13,control_naive_low,EMAMILTD,neutral,-1.0025300910673947,416.1499938964844,396.09879211908395,396.09879211908395,456.2523974512852,396.09879211908395,stop,6,-0.05068263143454016,-1.0,2026-03-23,0.0025,True
2026-03-13,control_naive_low,BAJAJHLDNG,neutral,-1.0025311115798354,9389.329096391211,8942.722012014292,8942.722012014292,10282.54326514505,8915.219678996113,stop,10,-0.052994493539194665,-1.061580601786801,2026-03-30,0.0025,True
2026-03-13,control_naive_low,TITAGARH,neutral,-1.0026658494189888,635.0,603.0724146495882,603.0724146495882,698.8551707008237,603.0724146495882,stop,6,-0.05277966196915257,-1.0,2026-03-23,0.0025,True
2026-03-13,control_naive_low,LEMONTREE,neutral,-1.0028764224995552,101.11000061035156,94.68584114428684,94.68584114428684,113.95831954248101,114.0,target,15,0.12498491061060063,2.0064880795284066,2026-04-08,0.0025,True
2026-03-13,control_naive_low,CONCOR,neutral,-1.00309733162939,452.21758740791404,432.4886676077614,432.4886676077614,491.67542700821934,432.4886676077614,stop,6,-0.04612705111324339,-1.0,2026-03-23,0.0025,True
2026-03-13,control_naive_low,IRCON,neutral,-1.0031584906387838,129.37995190037122,120.31624526234634,120.31624526234634,147.507365176421,120.31624526234634,stop,6,-0.07255495445696541,-1.0,2026-03-23,0.0025,True
2026-03-13,control_naive_low,COLPAL,neutral,-1.00317783248174,1937.1639502232842,1851.6744947441157,1851.6744947441157,2108.1428611816214,1851.6744947441157,stop,6,-0.0466312442704267,-1.0,2026-03-23,0.0025,True
2026-03-13,control_naive_low,LATENTVIEW,neutral,-1.003221742891786,280.95001220703125,257.4950211244507,257.4950211244507,327.8599943721923,257.4950211244507,stop,6,-0.08598457043417612,-1.0,2026-03-23,0.0025,True
2026-03-13,control_naive_low,RVNL,neutral,-1.0033289952882034,270.4071571956144,252.3514607714396,252.3514607714396,306.51855004396396,252.3514607714396,stop,6,-0.06927225784786889,-1.0,2026-03-23,0.0025,True
2026-03-13,control_naive_low,PATANJALI,neutral,-1.0033333886262683,479.88827192473576,456.5586009440241,456.5586009440241,526.5476138861591,456.5586009440241,stop,6,-0.05111479712171557,-1.0,2026-03-23,0.0025,True
2026-03-13,control_naive_low,EXIDEIND,neutral,-1.0037225248849937,295.18543677654833,281.1669911360765,281.1669911360765,323.222328057492,323.222328057492,target,17,0.09248060469076352,2.0,2026-04-10,0.0025,True
2026-03-13,control_naive_low,TATACHEM,neutral,-1.004041329599905,659.8547746990986,634.5513344025173,634.5513344025173,710.4616552922611,634.5513344025173,stop,4,-0.040846983710347284,-1.0,2026-03-19,0.0025,True
2026-03-13,control_naive_low,DLF,neutral,-1.0042556901489859,536.2672217891202,508.78250631645875,508.78250631645875,591.236652734443,508.78250631645875,stop,6,-0.0537519027006082,-1.0,2026-03-23,0.0025,True
2026-03-13,control_naive_low,PIDILITIND,neutral,-1.004347211093083,1331.2145546457368,1277.4973712769206,1277.4973712769206,1438.6489213833693,1277.4973712769206,stop,10,-0.042852010261119344,-1.0,2026-03-30,0.0025,True
2026-03-13,control_naive_low,PCBL,neutral,-1.0043633114561485,251.34075841716128,229.1028813831341,229.1028813831341,295.81651248521564,229.1028813831341,stop,6,-0.09097700299017158,-1.0,2026-03-23,0.0025,True
2026-03-13,control_naive_low,DEEPAKNTR,neutral,-1.0044382970971308,1433.452883945223,1370.9504374048936,1370.9504374048936,1558.4577770258818,1370.9504374048936,stop,6,-0.04610272126162035,-1.0,2026-03-23,0.0025,True
2026-03-13,control_naive_low,ABFRL,neutral,-1.0045755035662345,59.279998779296875,55.29532709375889,55.29532709375889,67.24934215037284,55.29532709375889,stop,6,-0.06971780984465209,-1.0,2026-03-23,0.0025,True
2026-03-13,control_naive_low,INFY,neutral,-1.004587214996121,1213.931245180508,1166.2966072928184,1166.2966072928184,1309.2005209558874,1309.2005209558874,target,14,0.07597996017370251,2.0,2026-04-07,0.0025,True
2026-03-13,trend_lowbeta,CHENNPETRO,neutral,1.2102832622639481,854.6637953501157,753.9759020647317,1008.6362458007807,,1160.013916015625,time,60,0.3547751324284442,3.032639880546933,2026-06-15,0.0025,False
2026-03-13,trend_lowbeta,CCL,neutral,1.1811463073780772,1025.1439479547344,924.2049163956514,1070.668865375787,,1070.668865375787,stop,36,0.0419083170094105,0.45101401031775623,2026-05-11,0.0025,False
2026-03-13,trend_lowbeta,AUBANK,neutral,1.1573933063389115,879.7456486527045,809.3375573541006,960.7998630105845,,960.7998630105845,stop,43,0.08963369168919594,1.1512059603224492,2026-05-20,0.0025,False
2026-03-13,trend_lowbeta,FEDERALBNK,neutral,1.0964811695990253,261.107962028342,242.58244667305874,288.61967949267284,,316.0203552246094,time,60,0.20780531880259895,2.9641492904869176,2026-06-15,0.0025,False
2026-03-13,trend_lowbeta,CUB,neutral,1.0918721109399074,170.89893189948043,151.29254994956636,177.08736533954917,,197.49972534179688,time,60,0.15315219247808137,1.3567415706921406,2026-06-15,0.0025,False
2026-03-13,trend_lowbeta,CANBK,neutral,1.0897221127315728,130.20483271767654,118.25456998439398,118.25456998439398,,118.25456998439398,stop,12,-0.09428048528501504,-1.0,2026-04-02,0.0025,False
2026-03-13,trend_lowbeta,RBLBANK,neutral,1.0871286773927689,294.0886089908055,269.67329731701284,337.64589383170863,,371.68768310546875,time,60,0.2613629030242017,3.1782954545674706,2026-06-15,0.0025,False
2026-03-13,trend_lowbeta,KARURVYSYA,neutral,1.0781389973841689,275.40801520030027,251.90578253310824,271.906205897914,,271.906205897914,stop,57,-0.01521498688895989,-0.1489990058380552,2026-06-10,0.0025,False
2026-03-13,trend_lowbeta,GESHIP,neutral,1.0647821335148886,1424.784761529596,1305.5859353069618,1305.5859353069618,,1305.5859353069618,stop,18,-0.08616093563119437,-1.0,2026-04-13,0.0025,False
2026-03-20,momentum,CCL,bear,0.754857247073737,1079.1933031108733,1028.0609598469953,1028.0609598469953,1181.4579896386294,1028.0609598469953,stop,5,-0.049880152486569795,-1.0,2026-03-30,0.0025,True
2026-03-20,momentum,SAIL,bear,0.7486820199778026,153.0399932861328,146.1493256870819,146.1493256870819,166.82132848423464,146.1493256870819,stop,1,-0.04752527379341759,-1.0,2026-03-23,0.0025,True
2026-03-20,momentum,NMDC,bear,0.7431557528671846,78.75,75.81742703293226,75.81742703293226,84.61514593413548,75.81742703293226,stop,1,-0.039739021804034824,-1.0,2026-03-23,0.0025,True
2026-03-20,momentum,PFC,bear,0.716905665491907,394.9397762881536,378.6510408077852,378.6510408077852,427.51724724889044,378.6510408077852,stop,5,-0.04374359322187876,-1.0,2026-03-30,0.0025,True
2026-03-20,momentum,TATASTEEL,bear,0.7089576396596374,189.10023150282484,182.84015863125185,182.84015863125185,201.62037724597081,182.84015863125185,stop,1,-0.035604522516036574,-1.0,2026-03-23,0.0025,True
2026-03-20,momentum,JINDALSTEL,bear,0.6976045135035145,1159.9229643819956,1123.0091741532785,1123.0091741532785,1233.7505448394297,1123.0091741532785,stop,1,-0.034324346411129636,-1.0,2026-03-23,0.0025,True
2026-03-20,momentum,LUPIN,bear,0.6924805771365151,2303.001425041279,2230.228514166746,2230.228514166746,2448.547246790345,2230.228514166746,stop,7,-0.03409916015823938,-1.0,2026-04-02,0.0025,True
2026-03-20,momentum,OIL,bear,0.6781631520532743,474.7790740441903,448.31372623953524,448.31372623953524,527.7097696535004,472.932861328125,time,20,-0.006388572215997588,-0.06975962415806784,2026-04-23,0.0025,True
2026-03-20,momentum,POWERGRID,bear,0.6771550129485757,298.0,285.97115199770985,285.97115199770985,322.0576960045803,285.97115199770985,stop,7,-0.04286526175265154,-1.0,2026-04-02,0.0025,True
2026-03-20,momentum,SAILIFE,bear,0.6759942656307806,990.0,942.8084556034288,942.8084556034288,1084.3830887931424,942.8084556034288,stop,8,-0.05016822666320325,-1.0,2026-04-06,0.0025,True
2026-03-20,momentum,VTL,bear,0.6736080281169073,529.5096013128676,498.01684931084924,498.01684931084924,592.4951053169044,592.4951053169044,target,17,0.11645063630172209,2.0,2026-04-20,0.0025,True
2026-03-20,momentum,SUNPHARMA,bear,0.6729189789123197,1770.1607438237093,1721.545815674915,1721.545815674915,1867.3906001212977,1721.545815674915,stop,6,-0.029963566977415586,-1.0,2026-04-01,0.0025,True
2026-03-20,momentum,GPIL,bear,0.6714576396596375,256.6408736601335,244.98977408599228,244.98977408599228,279.9430728084159,279.9430728084159,target,3,0.08829691327399875,2.0,2026-03-25,0.0025,True
2026-03-20,control_naive_low,APTUS,bear,-1.0027851228381979,203.0112793776664,195.05011191144354,195.05011191144354,218.93361431011212,195.05011191144354,stop,4,-0.04171539478312697,-1.0,2026-03-27,0.0025,True
2026-03-20,control_naive_low,GAIL,bear,-1.0030187634682057,140.82108709047446,134.97222162186586,134.97222162186586,152.51881802769168,134.97222162186586,stop,1,-0.044034017308436535,-1.0,2026-03-23,0.0025,True
2026-03-20,control_naive_low,TATACHEM,bear,-1.003485996343113,609.5285457234158,598.345718703813,598.345718703813,631.8941997626216,598.345718703813,stop,1,-0.020846683019300757,-1.0,2026-03-23,0.0025,True
2026-03-20,control_naive_low,PETRONET,bear,-1.0042876872183029,244.92448489168373,237.01026171248526,237.01026171248526,260.7529312500807,237.01026171248526,stop,1,-0.034812911396745305,-1.0,2026-03-23,0.0025,True
2026-03-20,control_naive_low,IRFC,bear,-1.0044674678463679,93.5,90.15616287401417,90.15616287401417,100.18767425197166,90.15616287401417,stop,1,-0.03826296391428691,-1.0,2026-03-23,0.0025,True
2026-03-20,control_naive_low,HONAUT,bear,-1.0046099290780142,28070.633375149275,27139.346283240247,27139.346283240247,29933.20755896733,27139.346283240247,stop,1,-0.03567656140717829,-1.0,2026-03-23,0.0025,True
2026-03-20,control_naive_low,BAJAJFINSV,bear,-1.004817683884172,1698.3508647451185,1640.2351801958434,1640.2351801958434,1814.5822338436687,1640.2351801958434,stop,5,-0.036718891841290346,-1.0,2026-03-30,0.0025,True
2026-03-20,control_naive_low,ARE&M,bear,-1.0048312699061053,753.4348293915289,723.8584569200536,723.8584569200536,812.5875743344793,723.8584569200536,stop,1,-0.041755382572850996,-1.0,2026-03-23,0.0025,True
2026-03-20,control_naive_low,CYIENT,bear,-1.0050535354569137,820.0,774.5169183069103,774.5169183069103,910.9661633861795,774.5169183069103,stop,5,-0.05796717279645086,-1.0,2026-03-30,0.0025,True
2026-03-20,control_naive_low,MEDANTA,bear,-1.0057000122070312,997.4462401089338,955.1906999118862,955.1906999118862,1081.957320503029,1081.957320503029,target,12,0.08222745396771008,2.0,2026-04-10,0.0025,True
2026-03-20,control_naive_low,LODHA,bear,-1.0058059279212002,786.2378846602448,741.8022735114665,741.8022735114665,875.1091069578015,741.8022735114665,stop,1,-0.05901675150197089,-1.0,2026-03-23,0.0025,True
2026-03-20,control_naive_low,HINDUNILVR,bear,-1.0066215327075276,2041.534531517212,1989.3711030945856,1989.3711030945856,2145.861388362465,2145.861388362465,target,10,0.04860217595375177,2.0000000000000044,2026-04-08,0.0025,True
2026-03-20,control_naive_low,BALKRISIND,bear,-1.0070803465925489,2082.7543543418487,1970.954951913082,1970.954951913082,2306.3531591993824,2306.3531591993824,target,14,0.10485726197926531,2.0,2026-04-15,0.0025,True
2026-03-20,control_naive_low,JUBLFOOD,bear,-1.0071372364448996,446.72953462102817,425.85602994941803,425.85602994941803,488.47654396424844,425.85602994941803,stop,9,-0.04922515035147085,-1.0,2026-04-07,0.0025,True
2026-03-20,trend_lowbeta,INDIANB,bear,1.0716155106110241,843.0409706672267,782.3909577884558,838.4597310405569,,838.4597310405569,stop,25,-0.007934183848792018,-0.07553567442478407,2026-04-30,0.0025,False
2026-03-20,trend_lowbeta,SBIN,bear,1.0707164221620853,1020.6035363599531,967.5711223544693,967.5711223544693,,967.5711223544693,stop,5,-0.054461816823237086,-1.0,2026-03-30,0.0025,False
2026-03-30,momentum,NATIONALUM,bear,0.7892383805374001,393.48490084594965,357.50368839489295,357.50368839489295,465.44732574806307,396.31353759765625,time,20,0.0046886792749233925,0.0786142700320129,2026-04-30,0.0025,True
2026-03-30,momentum,EMCURE,bear,0.7683369042637173,1656.7778964369916,1495.4558600591404,1495.4558600591404,1979.421969192694,1495.4558600591404,stop,2,-0.09987094919287892,-1.0,2026-04-02,0.0025,True
2026-03-30,momentum,GRANULES,bear,0.7584149876349755,627.6924650099749,589.1008218897628,589.1008218897628,704.875751250399,704.875751250399,target,17,0.12046353794719783,2.0,2026-04-27,0.0025,True
2026-03-30,momentum,TORNTPHARM,bear,0.7260666303558461,4269.115963011278,4057.330971819621,4057.330971819621,4692.685945394592,4057.330971819621,stop,2,-0.05210862928686327,-1.0,2026-04-02,0.0025,True
2026-03-30,momentum,ONGC,bear,0.7186002178649239,288.77118670105233,271.4013838806597,271.4013838806597,323.5107923418376,298.28070068359375,time,20,0.03043096548578456,0.5474739167088866,2026-04-30,0.0025,True
2026-03-30,momentum,NATCOPHARM,bear,0.7171704793028322,996.9109162655335,915.2820216122186,915.2820216122186,1160.1687055721632,1093.8966064453125,time,20,0.09478621544549942,1.1881294067705532,2026-04-30,0.0025,True
2026-03-30,momentum,NTPC,bear,0.7162717864923748,377.2250466508289,353.60335108899744,353.60335108899744,424.46843777449186,353.60335108899744,stop,2,-0.06511963719417718,-1.0,2026-04-02,0.0025,True
2026-03-30,momentum,ABB,bear,0.6962962962962962,6083.213035587271,5558.226451192906,5558.226451192906,7133.186204376002,7133.186204376002,target,12,0.17010174231056946,2.0,2026-04-20,0.0025,True
2026-03-30,momentum,COALINDIA,bear,0.6809958242556281,452.1601682582007,419.4570841367423,419.4570841367423,517.5663365011176,419.4570841367423,stop,7,-0.07482632685766272,-1.0,2026-04-10,0.0025,True
2026-03-30,momentum,GLENMARK,bear,0.6749137618010168,2177.8329455853786,2025.6871994155567,2025.6871994155567,2482.1244379250224,2025.6871994155567,stop,2,-0.07236107289736432,-1.0,2026-04-02,0.0025,True
2026-03-30,momentum,NLCINDIA,bear,0.6666394335511983,274.79998779296875,251.89720196170651,251.89720196170651,320.6055594554932,320.6055594554932,target,17,0.16418694940785022,2.0,2026-04-27,0.0025,True
2026-03-30,control_naive_low,IEX,bear,-1.0013089138558129,115.17813793920222,106.96256757223938,106.96256757223938,131.6092786731279,132.28751546386502,target,10,0.14604709262355103,2.0825550461431765,2026-04-16,0.0025,True
2026-03-30,control_naive_low,SBICARD,bear,-1.0022870855000492,647.5499877929688,595.8131840195974,595.8131840195974,751.0235953397114,643.9000244140625,time,20,-0.008136573928981648,-0.0705486831945515,2026-04-30,0.0025,True
2026-03-30,control_naive_low,ACC,bear,-1.0023168686803474,1272.7356824825981,1184.2271659188216,1184.2271659188216,1449.7527156101512,1449.7527156101512,target,17,0.13658389272332155,2.0,2026-04-27,0.0025,True
2026-03-30,control_naive_low,HAL,bear,-1.0023281461551168,3574.1573535157477,3307.1629845574366,3307.1629845574366,4108.14609143237,4108.14609143237,target,7,0.14690269414589702,2.0,2026-04-10,0.0025,True
2026-03-30,control_naive_low,ITC,bear,-1.0024390669234537,285.22940879596706,270.2261248531626,270.2261248531626,315.23597668157595,306.548583984375,time,20,0.0722439588309009,1.4209672542145408,2026-04-30,0.0025,True
2026-03-30,control_naive_low,KEC,bear,-1.0025489956724876,520.7840908315212,470.25559016555536,470.25559016555536,621.8410921634529,554.244384765625,time,20,0.06174983889327085,0.6622063487555928,2026-04-30,0.0025,True
2026-03-30,control_naive_low,TATAELXSI,bear,-1.0026221941940427,4036.9053884549503,3672.695726170781,3672.695726170781,4765.3247130232885,4057.142578125,time,20,0.0025130453212813286,0.055564669929761334,2026-04-30,0.0025,True
2026-03-30,control_naive_low,IRFC,bear,-1.002643716746363,90.83000183105469,82.10428242139048,82.10428242139048,108.2814406503831,108.2814406503831,target,15,0.18963297883433244,2.0,2026-04-23,0.0025,True
2026-03-30,control_naive_low,BAJAJFINSV,bear,-1.0029502451309926,1677.5685431104614,1556.193896218801,1556.193896218801,1920.3178368937822,1745.7103271484375,time,20,0.03811937398494075,0.5614169497753495,2026-04-30,0.0025,True
2026-03-30,control_naive_low,DEVYANI,bear,-1.002968919378064,96.58999633789062,86.6254208018333,86.6254208018333,116.51914741000527,116.51914741000527,target,19,0.20382727847300658,2.0,2026-04-29,0.0025,True
2026-03-30,control_naive_low,CAPLIPOINT,bear,-1.0029994000223588,1561.9060784734625,1434.148162787832,1434.148162787832,1817.4219098447234,1705.621337890625,time,20,0.08951274096943357,1.1249029748637869,2026-04-30,0.0025,True
2026-03-30,control_naive_low,IREDA,bear,-1.003037292465901,112.6185731151818,101.01746110807686,101.01746110807686,135.82079712939168,135.82079712939168,target,14,0.2035248445030426,1.9999999999999987,2026-04-22,0.0025,True
2026-03-30,control_naive_low,NEWGEN,bear,-1.0031168184466952,415.3501217240072,360.13413942580115,360.13413942580115,525.7820863204192,525.7820863204192,target,20,0.2633768080722802,2.0,2026-04-30,0.0025,True
2026-03-30,control_naive_low,ADANIENT,bear,-1.0033086416589418,1824.1843351159685,1653.314630699905,1653.314630699905,2165.9237439480958,2186.0227116597075,target,9,0.19585625686410463,2.117627450578784,2026-04-15,0.0025,True
2026-03-30,control_naive_low,CYIENT,bear,-1.0033986243295427,792.2000122070312,700.7060832216978,700.7060832216978,975.1878701776982,975.1878701776982,target,9,0.22848694161954314,2.0,2026-04-15,0.0025,True
2026-03-30,control_naive_low,INDHOTEL,bear,-1.0034270864798442,594.3530155715782,536.7430570186433,536.7430570186433,709.5729326774481,633.03076171875,time,20,0.06257537630641291,0.6713725737475182,2026-04-30,0.0025,True
2026-03-30,control_naive_low,RECLTD,bear,-1.0034534397391979,314.7602754171467,282.3121268299775,282.3121268299775,379.65657259148514,379.65657259148514,target,13,0.20367689792122728,2.0,2026-04-21,0.0025,True
2026-03-30,control_naive_low,TATATECH,bear,-1.0035475331734318,511.1500913199972,472.7541419340899,472.7541419340899,587.9419900918119,587.9419900918119,target,17,0.14773356167951918,2.0000000000000013,2026-04-27,0.0025,True
2026-03-30,control_naive_low,GODREJCP,bear,-1.0035666972827257,999.4823511387366,928.4375078180326,928.4375078180326,1141.5720377801445,1055.98779296875,time,20,0.05403470695669149,0.7953489541097561,2026-04-30,0.0025,True
2026-03-30,trend_lowbeta,MFSL,bear,1.132744623273038,1515.0999755859375,1362.0043053609222,1546.626144692791,,1546.626144692791,stop,42,0.018307979417108326,0.2059246290931505,2026-06-03,0.0025,False
2026-03-30,trend_lowbeta,ASTERDM,bear,1.0953389830508473,677.0344527873252,596.3898434603541,715.9865035007457,,784.4500122070312,time,60,0.15615597234746365,1.331962053212917,2026-06-30,0.0025,False
2026-03-30,trend_lowbeta,NAVINFLUOR,bear,1.094030408773679,6240.492368117128,5556.893292398438,6861.017992170312,,7687.0,time,60,0.22929383076776538,2.1160175361005447,2026-06-30,0.0025,False
2026-03-30,trend_lowbeta,KIRLOSENG,bear,1.076956630109671,1351.5424531099238,1163.1765251147617,2330.103702543479,,2359.012451171875,time,60,0.7429223844347208,5.348472564995016,2026-06-30,0.0025,False
2026-03-30,trend_lowbeta,LAURUSLABS,bear,1.0735917248255236,1019.0853717805403,901.8010838929309,1391.5238367860409,,1517.4000244140625,time,60,0.4864822446993519,4.2487758727839555,2026-06-30,0.0025,False
2026-03-30,trend_lowbeta,RRKABEL,bear,1.067075559037174,1336.6306141309315,1153.2169244726174,2310.596785081977,,2395.199951171875,time,60,0.789468495895344,5.771484882142542,2026-06-30,0.0025,False
2026-04-08,momentum,ADANIENSOL,bear,0.7393326786237446,1073.199951171875,1005.7824981101294,1005.7824981101294,1208.0348572953662,1208.0348572953662,target,5,0.12313819628975836,2.0,2026-04-16,0.0025,True
2026-04-08,momentum,CCL,bear,0.7377884542842081,1101.4314059370488,1053.0731459782417,1053.0731459782417,1198.147925854663,1053.0731459782417,stop,3,-0.04640492199345464,-1.0,2026-04-13,0.0025,True
2026-04-08,momentum,GPIL,bear,0.7344138993449284,282.832759922494,266.06743348026345,266.06743348026345,316.3634128069551,293.1402282714844,time,20,0.03394368619750748,0.6148086877107656,2026-05-08,0.0025,True
2026-04-08,momentum,ADANIPOWER,bear,0.7206380143762618,168.9499969482422,159.69103926930197,159.69103926930197,187.46791230612263,187.46791230612263,target,5,0.1071058934144486,2.0,2026-04-16,0.0025,True
2026-04-08,momentum,KIRLOSENG,bear,0.717492737835875,1475.8795548096866,1363.178005082597,1363.178005082597,1701.2826542638657,1701.2826542638657,target,13,0.15022458969949243,2.0,2026-04-28,0.0025,True
2026-04-08,momentum,TITAN,bear,0.7035178243507816,4460.364368818537,4280.651167919609,4280.651167919609,4819.7907706163915,4280.651167919609,stop,19,-0.04279114799572531,-1.0,2026-05-07,0.0025,True
2026-04-08,momentum,HINDALCO,bear,0.6888843500363109,954.0231308158022,899.079311419314,899.079311419314,1063.9107696087788,1063.9107696087788,target,13,0.11268341143260291,2.0,2026-04-28,0.0025,True
2026-04-08,momentum,TATASTEEL,bear,0.6850717138707335,200.37765073543454,190.17597322357042,190.17597322357042,220.78100575916278,210.156005859375,time,20,0.04629962953977923,0.958504629514964,2026-05-08,0.0025,True
2026-04-08,momentum,NTPC,bear,0.6768972403776325,372.92154904467407,355.905735710949,355.905735710949,406.9531757121242,406.9531757121242,target,12,0.0887567985267414,2.0,2026-04-27,0.0025,True
2026-04-08,momentum,DATAPATTNS,bear,0.6767338416848221,3257.898225151079,3024.968979246126,3024.968979246126,3723.7567169609847,3723.7567169609847,target,9,0.14049356812728625,2.0,2026-04-22,0.0025,True
2026-04-08,momentum,SAIL,bear,0.6695261437908497,164.41000366210938,154.05362705807855,154.05362705807855,185.12275687017103,185.12275687017103,target,12,0.1234823170531027,2.0,2026-04-27,0.0025,True
2026-04-08,momentum,BHARATFORG,bear,0.6675472040668119,1772.6218899142511,1672.9744427860037,1672.9744427860037,1971.916784170746,1971.916784170746,target,19,0.10992944442378277,2.0,2026-05-07,0.0025,True
2026-04-08,momentum,BSE,bear,0.6621368917937547,3141.723119909521,2969.3910568907213,2969.3910568907213,3486.38724594712,3486.38724594712,target,6,0.10720544280411487,2.0,2026-04-17,0.0025,True
2026-04-08,control_naive_low,ABBOTINDIA,bear,-1.0197238979469958,25503.220269770656,24272.561185365146,24272.561185365146,27964.538438581676,26089.501953125,time,20,0.020488535453668747,0.4763965023161202,2026-05-08,0.0025,True
2026-04-08,control_naive_low,UNITDSPR,bear,-1.0313841940394963,1232.0123716220162,1180.0568215827518,1180.0568215827518,1335.923471700545,1335.923471700545,target,8,0.08184257842859471,2.0,2026-04-21,0.0025,True
2026-04-08,control_naive_low,PATANJALI,bear,-1.0320484258064533,464.9922526779553,442.6714610948344,442.6714610948344,509.63383584419716,458.58642578125,time,20,-0.01627620134488966,-0.28698923480605565,2026-05-08,0.0025,True
2026-04-08,control_naive_low,SRF,bear,-1.03401279053884,2430.4821285973035,2285.20953416961,2285.20953416961,2721.0273174526906,2721.0273174526906,target,18,0.11704220335002774,2.0,2026-05-06,0.0025,True
2026-04-08,control_naive_low,HONAUT,bear,-1.0354691011668289,27472.324503697993,25738.71606871501,25738.71606871501,30939.54137366396,30939.54137366396,target,5,0.12370762649695893,2.0,2026-04-16,0.0025,True
2026-04-08,control_naive_low,MAXHEALTH,bear,-1.0422481111392914,939.8297686723187,897.9271895509931,897.9271895509931,1023.6349269149697,1023.6349269149697,target,8,0.08667057219951774,2.0,2026-04-21,0.0025,True
2026-04-08,control_naive_low,CIPLA,bear,-1.043064240038714,1203.9054550087053,1161.1177008328202,1161.1177008328202,1289.4809633604755,1289.4809633604755,target,10,0.0685815853485367,2.0,2026-04-23,0.0025,True
2026-04-08,control_naive_low,CRISIL,bear,-1.0451166313108413,3855.5907427488096,3648.562945807122,3648.562945807122,4269.646336632184,4269.646336632184,target,6,0.1048909606879535,1.9999999999999978,2026-04-17,0.0025,True
2026-04-08,control_naive_low,SAREGAMA,bear,-1.045269581392834,323.0,299.92500179367664,299.92500179367664,369.1499964126467,369.1499964126467,target,20,0.14037924585958733,2.0,2026-05-08,0.0025,True
2026-04-08,control_naive_low,AWL,bear,-1.0455049543037334,179.8902843365874,166.57614387449112,166.57614387449112,206.51856526077995,206.51856526077995,target,12,0.14552511999130074,2.0,2026-04-27,0.0025,True
2026-04-08,trend_lowbeta,NATIONALUM,bear,1.1002261073921094,397.2068389500343,354.9387537705072,379.09211782753823,,379.09211782753823,stop,40,-0.048105259895272756,-0.4285673468660012,2026-06-08,0.0025,False
2026-04-08,trend_lowbeta,BEL,bear,1.08685550491383,424.4238354117441,398.70865481865764,414.7967798320582,,414.7967798320582,stop,26,-0.02518264592243385,-0.37437246628842125,2026-05-18,0.0025,False
2026-04-16,momentum,J&KBANK,bear,0.7429984797789846,133.0,123.8920194636001,123.8920194636001,151.2159610727998,130.6999969482422,time,20,-0.019793256028254266,-0.25252612723159523,2026-05-15,0.0025,True
2026-04-16,momentum,POWERGRID,bear,0.742446957791608,313.29998779296875,299.948646080092,299.948646080092,340.0026712187223,299.948646080092,stop,18,-0.04511520023326482,-1.0,2026-05-13,0.0025,True
2026-04-16,momentum,SONACOMS,bear,0.7338203642805995,576.3249257577722,546.9321177229331,546.9321177229331,635.1105418274506,571.8877563476562,time,20,-0.010199076010432516,-0.15096105839417,2026-05-15,0.0025,True
2026-04-16,momentum,AUROPHARMA,bear,0.7337516560244884,1388.9000244140625,1331.8819124692143,1331.8819124692143,1502.936248303759,1502.936248303759,target,15,0.07960542291393863,2.0,2026-05-08,0.0025,True
2026-04-16,momentum,PFC,bear,0.7267924034157645,450.85566009648636,426.1199622994185,426.1199622994185,500.3270556906221,436.8889465332031,time,20,-0.033478237159747015,-0.5646379446363881,2026-05-15,0.0025,True
2026-04-16,momentum,APARINDS,bear,0.7253058103975535,11300.267437577226,10470.363954056585,10470.363954056585,12960.074404618506,12960.074404618506,target,20,0.14438209603976787,2.0,2026-05-15,0.0025,True
2026-04-16,momentum,ABSLAMC,bear,0.7242658545950749,1029.3065781955024,959.1054624192761,959.1054624192761,1169.708809747955,1005.2105102539062,time,20,-0.025910000919103723,-0.34324337548145273,2026-05-15,0.0025,True
2026-04-16,momentum,MCX,bear,0.7233245261435974,2876.950849273579,2696.7342618546404,2696.7342618546404,3237.3840241114563,3237.3840241114563,target,17,0.12278304921472166,2.0,2026-05-12,0.0025,True
2026-04-16,momentum,NMDC,bear,0.7077019815934583,87.5,83.14567192753927,83.14567192753927,96.20865614492146,91.41000366210938,time,20,0.04218575613839287,0.8979579850306827,2026-05-15,0.0025,True
2026-04-16,momentum,GRAPHITE,bear,0.6975580140313006,677.3145516185144,630.1170636186799,630.1170636186799,771.7095276181834,771.7095276181834,target,20,0.1368665258986423,2.0,2026-05-15,0.0025,True
2026-04-16,momentum,POWERINDIA,bear,0.6875966900521676,28493.197149146497,26730.480757373287,26730.480757373287,32018.62993269292,32018.62993269292,target,6,0.12122892957896875,2.0,2026-04-24,0.0025,True
2026-04-16,reversal,TARIL,bear,0.783348623853211,322.0,244.9621808999053,244.9621808999053,514.5945477502368,300.79998779296875,time,20,-0.06833854722680516,-0.2751896724839292,2026-05-15,0.0025,True
2026-04-16,reversal,AARTIIND,bear,0.7027752293577982,437.13102054144144,385.3972826334599,385.3972826334599,566.4653653113953,465.3249816894531,time,20,0.06199773597190589,0.5449821004266131,2026-05-15,0.0025,True
2026-04-16,control_naive_low,JYOTICNC,bear,-1.0235165990739898,709.0,645.5079136961526,645.5079136961526,835.9841726076947,707.3499755859375,time,20,-0.0048272558731487485,-0.025987875184415147,2026-05-15,0.0025,True
2026-04-16,control_naive_low,UBL,bear,-1.0414674546157336,1454.847392539449,1375.4733554003103,1375.4733554003103,1613.5954668177262,1375.4733554003103,stop,13,-0.057058325186664816,-1.0,2026-05-06,0.0025,True
2026-04-16,trend_lowbeta,GESHIP,bear,1.1619185943218562,1361.2099409620143,1213.6588189005627,1500.0904616951627,,1500.0904616951627,stop,28,0.09952726012638186,0.9412366289922744,2026-05-27,0.0025,False
2026-04-16,trend_lowbeta,GLENMARK,bear,1.1215089009700459,2247.263916015625,2065.5722586224265,2161.128017540147,,2161.128017540147,stop,31,-0.040829231320634485,-0.47407734461396545,2026-06-02,0.0025,False
2026-04-16,trend_lowbeta,EMCURE,bear,1.1179955939309953,1646.7972913691592,1477.2731388967395,1654.5867645726228,,1806.5865478515625,time,60,0.0945303129109189,0.9425751679153789,2026-07-14,0.0025,False
2026-04-16,trend_lowbeta,GVT&D,bear,1.106349713960843,4074.9140670114125,3561.298766002882,4815.85914154466,,4815.85914154466,stop,49,0.17933084657700887,1.4426070895441283,2026-06-29,0.0025,False
2026-04-16,trend_lowbeta,CUMMINSIND,bear,1.0911860853498205,5001.516262475706,4590.394367998468,5409.011392541605,,5409.011392541605,stop,55,0.07897431872273736,0.9911783720106898,2026-07-07,0.0025,False
2026-04-16,trend_lowbeta,OIL,bear,1.0911239029243507,463.1528698129044,420.477245483192,459.87153112764065,,459.87153112764065,stop,37,-0.009584785389733784,-0.07689023269846205,2026-06-10,0.0025,False
2026-04-23,momentum,TIMKEN,bear,0.7811596131665337,3537.143055047546,3399.5454406072886,3399.5454406072886,3812.338283928061,3399.5454406072886,stop,5,-0.04140077735021325,-1.0,2026-04-30,0.0025,True
2026-04-23,momentum,GLENMARK,bear,0.741653397806774,2348.6631657782264,2228.5745572837454,2228.5745572837454,2588.840382767188,2228.5745572837454,stop,20,-0.053630621982863114,-1.0,2026-05-22,0.0025,True
2026-04-23,momentum,CHENNPETRO,bear,0.6644441487002041,1029.121873230865,950.0847996755458,950.0847996755458,1187.1960203415035,950.0847996755458,stop,2,-0.07930049915486409,-1.0,2026-04-27,0.0025,True
2026-04-23,momentum,LAURUSLABS,bear,0.6574838080028392,1128.0768645653684,1079.1675161394335,1079.1675161394335,1225.8955614172382,1079.1675161394335,stop,5,-0.04585639703485894,-1.0,2026-04-30,0.0025,True
2026-04-23,momentum,SAILIFE,bear,0.6566852985538107,1051.4000244140625,986.548585266336,986.548585266336,1181.1029027095155,986.548585266336,stop,15,-0.06418103256785418,-1.0,2026-05-15,0.0025,True
2026-04-23,momentum,CUMMINSIND,bear,0.655350013308491,5136.397405221922,4895.867135515682,4895.867135515682,5617.457944634401,5308.9658203125,time,20,0.031097169665091854,0.717449888121509,2026-05-22,0.0025,True
2026-04-23,momentum,LINDEINDIA,bear,0.6547821843669593,7251.202654006335,6847.953123549757,6847.953123549757,8057.701714919492,7209.77294921875,time,20,-0.008213494266319397,-0.10273962313279467,2026-05-22,0.0025,True
2026-04-23,reversal,ACMESOLAR,bear,0.9209276018099548,309.8999938964844,252.34026310426802,252.34026310426802,453.79932087702525,290.20001220703125,time,20,-0.0660688353580074,-0.342252846188035,2026-05-22,0.0025,True
2026-04-23,reversal,ENGINERSIN,bear,0.838868778280543,243.5,183.69692414578128,183.69692414578128,393.0076896355468,216.0,time,20,-0.11543634496919913,-0.45984256841632093,2026-05-22,0.0025,True
2026-04-23,reversal,FINCABLES,bear,0.7903619909502263,961.552985921067,741.7832387578238,741.7832387578238,1510.9773538291752,1023.9088745117188,time,20,0.062349144564739,0.28373281307155646,2026-05-22,0.0025,True
2026-04-23,reversal,BALRAMCHIN,bear,0.6654977375565612,540.1500244140625,453.1876497856668,453.1876497856668,757.5559609850518,535.0999755859375,time,20,-0.01184934481138483,-0.05807165282347309,2026-05-22,0.0025,True
2026-04-23,reversal,ETERNAL,bear,0.4330995475113122,259.8999938964844,219.3112713408563,219.3112713408563,361.3718002855545,241.9499969482422,time,20,-0.07156501488950201,-0.44224099252301363,2026-05-22,0.0025,True
2026-04-23,control_naive_low,HCLTECH,bear,-1.004402496529825,1251.6218619302792,1173.352487330458,1173.352487330458,1408.1606111299218,1173.352487330458,stop,5,-0.06503436199900864,-1.0,2026-04-30,0.0025,True
2026-04-23,control_naive_low,INFY,bear,-1.0209859335846736,1174.5826894228176,1159.9426226232363,1159.9426226232363,1203.8628230219801,1159.9426226232363,stop,1,-0.014964058027941261,-1.0,2026-04-24,0.0025,True
2026-04-23,trend_lowbeta,PFOCUS,bear,1.1773012552301254,324.95001220703125,277.38189850151025,277.38189850151025,,277.38189850151025,stop,13,-0.1488859422021333,-1.0,2026-05-13,0.0025,False
2026-04-23,trend_lowbeta,ACUTAAS,bear,1.1179348982341677,2388.2136979710335,2091.579715246381,3281.3675095480585,,3674.251708984375,time,60,0.535993691793966,4.335437225367039,2026-07-21,0.0025,False
2026-04-23,trend_lowbeta,TORNTPHARM,bear,1.0933267144174172,4142.76694616454,3887.749173870957,4688.983902013089,,5040.7001953125,time,60,0.2142472273523099,3.521061458078441,2026-07-21,0.0025,False
2026-04-30,momentum,KIRLOSENG,bear,0.767229621739195,1697.5109717817782,1595.624143367525,1595.624143367525,1901.2846286102845,1595.624143367525,stop,7,-0.06252130773111203,-1.0,2026-05-12,0.0025,True
2026-04-30,momentum,SAIL,bear,0.742368600292419,185.25,175.8567221259458,175.8567221259458,204.0365557481084,175.8567221259458,stop,7,-0.05320595343619,-1.0,2026-05-12,0.0025,True
2026-04-30,momentum,HINDALCO,bear,0.7388545318482923,1037.8856796444354,990.0500180986664,990.0500180986664,1133.5570027359734,1133.5570027359734,target,18,0.08967905687292416,2.0,2026-05-27,0.0025,True
2026-04-30,momentum,GESHIP,bear,0.7211195218897838,1562.3501290682227,1463.999096765845,1463.999096765845,1759.052193672978,1463.999096765845,stop,9,-0.06545069874064252,-1.0,2026-05-14,0.0025,True
2026-04-30,momentum,RRKABEL,bear,0.7121568919901967,1605.951761320901,1473.2224815696086,1473.2224815696086,1871.4103208234856,1871.4103208234856,target,4,0.16279672054672684,2.0,2026-05-07,0.0025,True
2026-04-30,momentum,CHENNPETRO,bear,0.7095111375774608,1083.7400865941086,993.5475602291081,993.5475602291081,1264.1251393241096,993.5475602291081,stop,7,-0.08572339228813647,-1.0,2026-05-12,0.0025,True
2026-04-30,momentum,NAVINFLUOR,bear,0.7078896660993262,6846.762711477185,6460.888412233951,6460.888412233951,7618.511309963652,6990.09033203125,time,20,0.01843363339637966,0.37143603716328205,2026-06-01,0.0025,True
2026-04-30,momentum,ONGC,bear,0.7033309845853313,297.1356001849412,287.5461486275357,287.5461486275357,316.3145032997523,287.5461486275357,stop,2,-0.03477298092667774,-1.0,2026-05-05,0.0025,True
2026-04-30,momentum,TATAPOWER,bear,0.6835546735200796,442.7564277217701,423.53355946457475,423.53355946457475,481.20216423616074,423.53355946457475,stop,7,-0.0459163505115166,-1.0,2026-05-12,0.0025,True
2026-04-30,momentum,VTL,bear,0.6808378274403244,614.5385045479528,576.6519590822512,576.6519590822512,690.311595479356,576.6519590822512,stop,5,-0.06415040137488287,-1.0,2026-05-08,0.0025,True
2026-04-30,momentum,GVT&D,bear,0.678953049109552,4488.8892782620815,4181.179725502617,4181.179725502617,5104.308383781011,5104.308383781011,target,18,0.13459830369378029,2.0,2026-05-27,0.0025,True
2026-04-30,momentum,SYRMA,bear,0.6651241230437129,962.6152952045823,903.1896666430449,903.1896666430449,1081.466552327657,1081.466552327657,target,4,0.12096703580874996,2.0,2026-05-07,0.0025,True
2026-04-30,momentum,THERMAX,bear,0.6598398992624573,4061.014333278389,3827.088065876009,3827.088065876009,4528.86686808315,4528.86686808315,target,5,0.11270583194471778,2.0,2026-05-08,0.0025,True
2026-04-30,momentum,COALINDIA,bear,0.6586041733470873,469.31107723777467,450.63674205922837,450.63674205922837,506.65974759486727,450.63674205922837,stop,4,-0.0422909533447578,-1.0,2026-05-07,0.0025,True
2026-04-30,reversal,MMTC,bear,0.6732339449541286,65.19999694824219,55.688619315658485,55.688619315658485,88.97844102970144,64.04000091552734,time,20,-0.02029135102775675,-0.12195878215800991,2026-06-01,0.0025,True
2026-04-30,reversal,WHIRLPOOL,bear,0.6326146788990826,979.6916339754831,776.1903151094183,776.1903151094183,1488.4449311406452,825.8615112304688,time,20,-0.15951892045437638,-0.7559170800571482,2026-06-01,0.0025,True
2026-04-30,reversal,PNBHOUSING,bear,0.6321559633027524,1041.8691645597376,812.5629939932522,812.5629939932522,1615.134590975951,995.2330932617188,time,20,-0.04726192681806246,-0.20337905073730705,2026-06-01,0.0025,True
2026-04-30,reversal,ELECON,bear,0.6217201834862385,510.5457291648524,387.2095516454174,387.2095516454174,818.88617296344,503.1168518066406,time,20,-0.017050855944606366,-0.06023275171667405,2026-06-01,0.0025,True
2026-04-30,reversal,RKFORGE,bear,0.6003899082568808,606.5232841522096,506.8050744330896,506.8050744330896,855.8188084500097,574.75,time,20,-0.05488592644736118,-0.3186307119001294,2026-06-01,0.0025,True
2026-04-30,reversal,CROMPTON,bear,0.545802752293578,269.7557842858031,226.68953919136442,226.68953919136442,377.4213970218998,270.1510314941406,time,20,-0.001034796169861627,0.009177656595572965,2026-06-01,0.0025,True
2026-04-30,reversal,KPRMILL,bear,0.5392431192660551,938.937000223769,832.1019390064287,832.1019390064287,1206.02465326712,989.8750610351562,time,20,0.051750775929852055,0.47679160971098405,2026-06-01,0.0025,True
2026-04-30,reversal,MOTILALOFS,bear,0.5101376146788991,821.3499755859375,736.3498752978277,736.3498752978277,1033.850226306212,851.7000122070312,time,20,0.034451406249744465,0.3570588330863328,2026-06-01,0.0025,True
2026-04-30,reversal,NUVAMA,bear,0.39041284403669724,1323.0470405794372,1227.0615097751922,1227.0615097751922,1563.0108675900497,1563.0108675900497,target,5,0.17887210518646318,2.5000000000000013,2026-05-08,0.0025,True
2026-04-30,control_naive_low,ZENSARTECH,bear,-1.0058725055233022,505.71890495547524,470.7554712232719,470.7554712232719,575.645772419882,470.7554712232719,stop,9,-0.07163610187319697,-1.0,2026-05-14,0.0025,True
2026-04-30,control_naive_low,VEDL,bear,-1.010606533146495,277.0,180.70412760685204,180.70412760685204,469.5917447862959,337.1499938964844,time,20,0.21464799240608085,0.6246373016998018,2026-06-01,0.0025,True
2026-04-30,control_naive_low,HCLTECH,bear,-1.0127533577583931,1195.7918803363182,1123.750095646689,1123.750095646689,1339.8754497155765,1123.750095646689,stop,9,-0.06274608953638933,-1.0,2026-05-14,0.0025,True
2026-04-30,control_naive_low,INFY,bear,-1.0278309712539966,1169.6886601132755,1102.638425702051,1102.638425702051,1303.7891289357244,1102.638425702051,stop,7,-0.059823146489879686,-1.0,2026-05-12,0.0025,True
2026-04-30,control_naive_low,KFINTECH,bear,-1.0342955925160962,890.443251964665,832.6728136395477,832.6728136395477,1005.9841286148996,832.6728136395477,stop,8,-0.06737829313957205,-1.0,2026-05-13,0.0025,True
2026-04-30,control_naive_low,TATAELXSI,bear,-1.0412737599312525,4076.888430888698,3849.0766438905507,3849.0766438905507,4532.512004884993,4227.0947265625,time,20,0.03434336675386013,0.6593438278723625,2026-06-01,0.0025,True
2026-04-30,control_naive_low,APOLLOTYRE,bear,-1.0417038928632578,408.9114870448804,387.70698449101127,387.70698449101127,451.32049215261867,387.70698449101127,stop,11,-0.05435597183172752,-1.0,2026-05-18,0.0025,True
2026-04-30,control_naive_low,NAUKRI,bear,-1.045513174212325,973.1463749441416,920.8057135357184,920.8057135357184,1077.827697760988,920.8057135357184,stop,8,-0.05628498318038494,-1.0,2026-05-13,0.0025,True
2026-04-30,control_naive_low,ICICIPRULI,bear,-1.045579284088345,517.5538888553654,486.40537485311023,486.40537485311023,579.8509168598756,486.40537485311023,stop,20,-0.06268409806782421,-1.0,2026-06-01,0.0025,True
2026-04-30,control_naive_low,SBICARD,bear,-1.0461413881625712,646.9500122070312,611.9566401124745,611.9566401124745,716.9367563961448,611.9566401124745,stop,20,-0.05658976185838377,-1.0,2026-06-01,0.0025,True
2026-04-30,trend_lowbeta,ANANDRATHI,bear,1.2162255404975053,1806.4561201475647,1681.462897990545,1984.664268124263,,2037.9000244140625,time,60,0.12562041304805777,1.8516516357643131,2026-07-28,0.0025,False
2026-05-08,momentum,NATCOPHARM,bear,0.758446053851395,1153.0464650623835,1116.8172481206552,1116.8172481206552,1225.50489894584,1116.8172481206552,stop,14,-0.03392043104027748,-1.0,2026-05-29,0.0025,True
2026-05-08,momentum,AUROPHARMA,bear,0.7348235620430363,1487.300048828125,1430.0799488822279,1430.0799488822279,1601.7402487199192,1430.0799488822279,stop,11,-0.04097246558687467,-1.0,2026-05-25,0.0025,True
2026-05-08,momentum,BHARATFORG,bear,0.7313434046409985,1977.0018452460527,1881.2840775951775,1881.2840775951775,2168.437380547803,1881.2840775951775,stop,6,-0.05091561877195033,-1.0,2026-05-18,0.0025,True
2026-05-08,momentum,CGPOWER,bear,0.7248672495515422,875.0,832.1787030894764,832.1787030894764,960.6425938210473,832.1787030894764,stop,2,-0.05143862504059843,-1.0,2026-05-12,0.0025,True
2026-05-08,momentum,GRANULES,bear,0.7171093826667653,748.4409014721622,715.613043980249,715.613043980249,814.0966164559885,764.7568969726562,time,20,0.019299978419673406,0.4970167640246812,2026-06-08,0.0025,True
2026-05-08,momentum,LAURUSLABS,bear,0.70086538196238,1232.5,1175.9078931578908,1175.9078931578908,1345.6842136842183,1345.6842136842183,target,7,0.08933303341518734,2.0,2026-05-19,0.0025,True
2026-05-08,momentum,MAHABANK,bear,0.6998920633075995,81.26095565899249,78.39521035259966,78.39521035259966,86.99244627177814,78.39521035259966,stop,2,-0.037765956241257836,-1.0,2026-05-12,0.0025,True
2026-05-08,momentum,APOLLOHOSP,bear,0.687445812769256,8036.644398576698,7846.505863575017,7846.505863575017,8416.92146858006,7846.505863575017,stop,8,-0.026158945894800886,-1.0,2026-05-20,0.0025,True
2026-05-08,momentum,SIEMENS,bear,0.6779750609921389,3701.8092379895697,3634.267165573973,3634.267165573973,3836.893382820763,3634.267165573973,stop,1,-0.020745692328618833,-1.0,2026-05-11,0.0025,True
2026-05-08,momentum,LUPIN,bear,0.6756292086079557,2313.6243509192086,2270.4744013100585,2270.4744013100585,2399.924250137509,2270.4744013100585,stop,1,-0.02115036975082257,-1.0,2026-05-11,0.0025,True
2026-05-08,reversal,PREMIERENE,bear,0.7812327188940092,1011.5999755859375,940.3255012241952,940.3255012241952,1189.7861614902931,1090.5,time,20,0.0754952810579716,1.1069885133577835,2026-06-08,0.0025,True
2026-05-08,reversal,BOSCHLTD,bear,0.7295276497695853,37771.44179828822,34724.182814968684,34724.182814968684,45389.58925658707,34724.182814968684,stop,9,-0.08317626858389177,-1.0,2026-05-21,0.0025,True
2026-05-08,reversal,NUVAMA,bear,0.6592396313364055,1610.5970740690689,1272.3190956841745,1272.3190956841745,2456.2920200313047,1539.800048828125,time,20,-0.04645700599534791,-0.20928653286555549,2026-06-08,0.0025,True
2026-05-08,reversal,RAINBOW,bear,0.6234792626728111,1307.8254268257808,1202.1720152906375,1202.1720152906375,1571.958955663639,1340.0496826171875,time,20,0.022139569724239198,0.3049996713138599,2026-06-08,0.0025,True
2026-05-08,reversal,POONAWALLA,bear,0.46891705069124434,459.5,393.82544387993687,393.82544387993687,623.6863903001579,393.82544387993687,stop,12,-0.14542612866172605,-1.0,2026-05-26,0.0025,True
2026-05-08,reversal,GLAXO,bear,0.2896082949308756,2415.4142397572978,2229.30831336708,2229.30831336708,2880.6790557328427,2229.30831336708,stop,12,-0.07954927930246786,-1.0,2026-05-26,0.0025,True
2026-05-08,reversal,JKCEMENT,bear,0.22025345622119819,5470.140305003788,5102.5305138433905,5102.5305138433905,6389.1647829047815,5102.5305138433905,stop,15,-0.06970299126955265,-1.0,2026-06-01,0.0025,True
2026-05-08,control_naive_low,TCS,bear,-1.0205437885680384,2326.5252955775945,2260.971460069264,2260.971460069264,2457.6329665942553,2260.971460069264,stop,2,-0.030676712986073825,-1.0,2026-05-12,0.0025,True
2026-05-08,control_naive_low,UBL,bear,-1.0273516258022983,1409.9667379564692,1348.5183202727685,1348.5183202727685,1532.8635733238705,1348.5183202727685,stop,6,-0.04608146616476977,-1.0,2026-05-18,0.0025,True
2026-05-08,control_naive_low,PATANJALI,bear,-1.0282466005546356,457.59294017923554,443.222404555036,443.222404555036,486.3340114276346,443.222404555036,stop,2,-0.03390462704378855,-1.0,2026-05-12,0.0025,True
2026-05-08,control_naive_low,BHARTIHEXA,bear,-1.0407836331470064,1483.5770099391425,1416.0650210057881,1416.0650210057881,1618.6009878058512,1438.9678955078125,time,20,-0.032568620727116804,-0.6607584095228873,2026-06-08,0.0025,True
2026-05-08,trend_lowbeta,POWERINDIA,bear,1.1869350282485875,33626.970369520364,31226.25239648539,31226.25239648539,,31226.25239648539,stop,5,-0.07389263355140069,-1.0,2026-05-15,0.0025,False
2026-05-08,trend_lowbeta,ZYDUSWELL,bear,1.1129237288135594,519.4622791878396,465.50633014933334,531.1532958028166,,531.1532958028166,stop,60,0.02000599722708535,0.21667706385135724,2026-08-04,0.0025,False
2026-05-08,trend_lowbeta,ACMESOLAR,bear,1.111281779661017,281.95001220703125,250.98946518970567,349.4652683554317,,349.4652683554317,stop,55,0.23695824871546772,2.18068679828618,2026-07-28,0.0025,False
2026-05-08,trend_lowbeta,HINDALCO,bear,1.1084216101694915,1025.7489500655872,971.23527750139,1048.890814283196,,1048.890814283196,stop,20,0.020060943607233598,0.42451486258527427,2026-06-08,0.0025,False
2026-05-08,trend_lowbeta,COALINDIA,bear,1.0896098163841808,444.3643296074446,414.5654508687962,427.09570836475217,,427.09570836475217,stop,33,-0.04136140288971363,-0.5795057389288757,2026-06-25,0.0025,False
2026-05-15,momentum,GRAPHITE,bear,0.7873657339985409,764.5074339237124,717.3222876614824,717.3222876614824,858.8777264481723,717.3222876614824,stop,9,-0.06421966964409981,-1.0,2026-05-29,0.0025,True
2026-05-15,momentum,NMDC,bear,0.766930762591425,90.87000274658203,87.49113782870936,87.49113782870936,97.62773258232738,87.49113782870936,stop,3,-0.039683501879004435,-1.0,2026-05-20,0.0025,True
2026-05-15,momentum,TATASTEEL,bear,0.7552462390429496,206.73650747568587,204.88908355151773,204.88908355151773,210.43135532402215,204.88908355151773,stop,1,-0.011436128150396572,-1.0,2026-05-18,0.0025,True
2026-05-15,momentum,SAIL,bear,0.7482108787303531,192.0,181.51781368881467,181.51781368881467,212.96437262237066,181.51781368881467,stop,17,-0.05709472037075697,-1.0,2026-06-10,0.0025,True
2026-05-15,momentum,APARINDS,bear,0.7362925815487484,12527.506469385078,11871.823323412706,11871.823323412706,13838.872761329823,11871.823323412706,stop,1,-0.0548394777384264,-1.0,2026-05-18,0.0025,True
2026-05-15,momentum,AJANTPHARM,bear,0.7310271034635616,3153.411963519559,3005.5579960127056,3005.5579960127056,3449.1198985332653,3005.5579960127056,stop,8,-0.04938698121822044,-1.0,2026-05-27,0.0025,True
2026-05-15,momentum,KIRLOSENG,bear,0.7229533748983464,1735.3310476505055,1614.791891899351,1614.791891899351,1976.4093591528147,1976.4093591528147,target,10,0.13642352806613428,2.0,2026-06-01,0.0025,True
2026-05-15,momentum,POWERINDIA,bear,0.711918315713382,32392.267339939026,30788.534954710412,30788.534954710412,35599.73211039625,35599.73211039625,target,3,0.09651945846509141,2.0,2026-05-20,0.0025,True
2026-05-15,momentum,ACUTAAS,bear,0.6974789915966387,2722.963103550475,2563.441157214776,2563.441157214776,3042.0069962218727,3042.0069962218727,target,7,0.11466790883262273,2.0,2026-05-26,0.0025,True
2026-05-15,momentum,DATAPATTNS,bear,0.6878151260504202,3861.2830010071752,3541.1766811718153,3541.1766811718153,4501.495640677895,4501.495640677895,target,16,0.16330308656571585,1.9999999999999987,2026-06-09,0.0025,True
2026-05-15,momentum,GESHIP,bear,0.6821631878557874,1507.2258881739274,1409.026421815764,1409.026421815764,1703.6248208902541,1703.6248208902541,target,2,0.12780490934193883,2.0,2026-05-19,0.0025,True
2026-05-15,momentum,ADANIPORTS,bear,0.6779674296179111,1778.0066692099974,1707.5645947642986,1707.5645947642986,1918.890818101395,1804.800048828125,time,20,0.012569335836649155,0.38036045685709596,2026-06-15,0.0025,True
2026-05-15,momentum,ATHERENERG,bear,0.6741348152164092,930.0,868.8169611575631,868.8169611575631,1052.3660776848737,1052.3660776848737,target,15,0.12907642761814392,2.0,2026-06-08,0.0025,True
2026-05-15,momentum,HONASA,bear,0.6734548658172947,352.40593049818034,334.69652665601933,334.69652665601933,387.82473818250236,387.82473818250236,target,5,0.09800570838649642,2.0,2026-05-22,0.0025,True
2026-05-15,momentum,EMCURE,bear,0.6710490647872052,1693.7060876615737,1599.1118394679106,1599.1118394679106,1882.8945840489,1702.289306640625,time,20,0.002567714547157154,0.09073721862537348,2026-06-15,0.0025,True
2026-05-15,control_naive_low,KFINTECH,bear,-1.0039751704435171,793.5057891279972,749.0199919848756,749.0199919848756,882.4773834142405,836.227294921875,time,20,0.05133893398033734,0.9603403454013036,2026-06-15,0.0025,True
2026-05-15,control_naive_low,DALBHARAT,bear,-1.0059395102325333,1722.8509215552551,1628.1226256551226,1628.1226256551226,1912.30751335552,1628.1226256551226,stop,17,-0.057483454874098505,-1.0,2026-06-10,0.0025,True
2026-05-15,control_naive_low,NAUKRI,bear,-1.0085850904462532,919.6614336851175,881.3716091810926,881.3716091810926,996.2410826931672,996.2410826931672,target,8,0.08076939262984223,2.0,2026-05-27,0.0025,True
2026-05-15,control_naive_low,ZENSARTECH,bear,-1.0149625708936054,472.5249937238914,449.890412216379,449.890412216379,517.7941567389162,449.890412216379,stop,16,-0.05040134238007815,-1.0,2026-06-09,0.0025,True
2026-05-15,control_naive_low,SWIGGY,bear,-1.0153050717472438,250.85000610351562,239.7531128171077,239.7531128171077,273.04379267633146,239.7531128171077,stop,15,-0.04673716570223513,-1.0,2026-06-08,0.0025,True
2026-05-15,control_naive_low,LTM,bear,-1.0156374106758628,3915.921013512115,3704.4112145290105,3704.4112145290105,4338.940611478325,4338.940611478325,target,11,0.1055255695930934,2.000000000000002,2026-06-02,0.0025,True
2026-05-15,control_naive_low,INDIAMART,bear,-1.0160469670799233,1901.5858802540968,1819.9337257550083,1819.9337257550083,2064.8901892522736,1991.197998046875,time,20,0.04462493857011801,1.0974862615998526,2026-06-15,0.0025,True
2026-05-15,control_naive_low,BSOFT,bear,-1.0168174429035823,307.4593345886677,288.9560813460762,288.9560813460762,344.46584107385064,344.46584107385064,target,11,0.11786227989204451,2.0,2026-06-02,0.0025,True
2026-05-15,control_naive_low,WIPRO,bear,-1.0187667099580944,188.83337738613744,181.72150933319077,181.72150933319077,203.0571134920308,203.0571134920308,target,5,0.0728242689548883,2.0,2026-05-22,0.0025,True
2026-05-15,control_naive_low,BRITANNIA,bear,-1.023960645889302,5297.276978798221,5126.66738625528,5126.66738625528,5638.496163884102,5126.66738625528,stop,9,-0.03470703641244116,-1.0,2026-05-29,0.0025,True
2026-05-15,control_naive_low,TCS,bear,-1.026105915923812,2221.5322685970373,2131.416674857241,2131.416674857241,2401.7634560766296,2401.7634560766296,target,11,0.07862922329659144,2.0,2026-06-02,0.0025,True
2026-05-15,control_naive_low,HCLTECH,bear,-1.0264636112297056,1117.5902205133277,1070.0159947692644,1070.0159947692644,1212.7386720014545,1212.7386720014545,target,11,0.08263715469380489,2.0,2026-06-02,0.0025,True
2026-05-15,control_naive_low,KAYNES,bear,-1.0275422248969004,3259.699951171875,2936.992992833802,2936.992992833802,3905.113867848021,3082.10009765625,time,20,-0.05698349730832658,-0.550344047213164,2026-06-15,0.0025,True
2026-05-15,control_naive_low,INFY,bear,-1.0275482507816966,1095.2984136735845,1046.8771278500587,1046.8771278500587,1192.140985320636,1206.3943648530496,target,11,0.09892984760368101,2.294361855328686,2026-06-02,0.0025,True
2026-05-15,control_naive_low,COROMANDEL,bear,-1.0280456510638876,1848.1006841427652,1767.472459491774,1767.472459491774,2009.3571334447474,1767.472459491774,stop,9,-0.04612761474134203,-1.0,2026-05-29,0.0025,True
2026-05-15,control_naive_low,JYOTICNC,bear,-1.0299963241149437,704.0,665.1509901206581,665.1509901206581,781.6980197586838,665.1509901206581,stop,3,-0.057683252669519736,-1.0,2026-05-20,0.0025,True
2026-05-15,control_naive_low,MPHASIS,bear,-1.0348732658322572,2021.3095638922323,1916.9203136171038,1916.9203136171038,2230.088064442489,2239.9478419984234,target,9,0.10566664701530487,2.0944520391701995,2026-05-29,0.0025,True
2026-05-15,trend_lowbeta,ATHERENERG,bear,1.1948712820805845,930.0,823.0949189865637,1365.372876815564,,1525.4000244140625,time,60,0.637715080015121,5.5694268108662675,2026-08-11,0.0025,False
2026-05-15,trend_lowbeta,PFOCUS,bear,1.1928274428274428,235.35000610351562,206.18556354333765,206.18556354333765,,206.18556354333765,stop,27,-0.12641944679767875,-1.0,2026-06-24,0.0025,False
2026-05-15,trend_lowbeta,POWERINDIA,bear,1.1887320724530026,32392.267339939026,29629.40330993402,34378.86346203263,,34378.86346203263,stop,16,0.05882933212872582,0.7190350666985232,2026-06-09,0.0025,False
2026-05-15,trend_lowbeta,CCL,bear,1.1359405836150023,1113.198672781852,1002.5087017146427,1071.3175779083122,,1120.478271484375,time,60,0.00403935266050154,0.06576565728888681,2026-08-11,0.0025,False
2026-05-22,momentum,APARINDS,bear,0.7308891298454866,12787.603427984777,11996.28159301338,11996.28159301338,14370.247097927571,14370.247097927571,target,13,0.12126389984688529,2.0,2026-06-11,0.0025,True
2026-05-22,momentum,LLOYDSME,bear,0.7003207734706786,1749.4544734797946,1651.41425610924,1651.41425610924,1945.534908220904,1785.5999755859375,time,20,0.01816101327818304,0.3686803546092379,2026-06-22,0.0025,True
2026-05-22,momentum,THERMAX,bear,0.6993765248034698,4436.480740684607,4158.332619794798,4158.332619794798,4992.776982464224,4992.776982464224,target,4,0.12289133477535924,2.0,2026-05-29,0.0025,True
2026-05-22,momentum,ADANIPOWER,bear,0.6949850908105178,221.0,207.13610389623707,207.13610389623707,248.72779220752585,248.72779220752585,target,3,0.12296512311097668,2.0,2026-05-27,0.0025,True
2026-05-22,momentum,ANURAS,bear,0.6870741845125149,1390.0,1312.1995347545308,1312.1995347545308,1545.6009304909385,1312.1995347545308,stop,4,-0.0584715577305534,-1.0,2026-05-29,0.0025,True
2026-05-22,momentum,APOLLOHOSP,bear,0.6818128329796187,8420.198284949875,8095.023998812905,8095.023998812905,9070.546857223813,8095.023998812905,stop,5,-0.041118364453267164,-1.0,2026-06-01,0.0025,True
2026-05-22,momentum,CUMMINSIND,bear,0.6807626276316978,5374.423176176085,5105.539089127929,5105.539089127929,5912.1913502723955,5912.1913502723955,target,3,0.09756063096783046,2.0,2026-05-27,0.0025,True
2026-05-22,momentum,HONASA,bear,0.6751424316775468,382.6178040915785,361.78793043036103,361.78793043036103,424.2775514140134,428.5816523334274,target,13,0.1176299253467245,2.206631158182574,2026-06-11,0.0025,True
2026-05-22,momentum,NATIONALUM,bear,0.6692825517303695,410.9555161241858,389.07518680730766,389.07518680730766,454.7161747579421,384.5226920214853,stop,10,-0.06682040224692548,-1.2080633577260946,2026-06-08,0.0025,True
2026-05-22,momentum,ADANIENSOL,bear,0.6676741664407698,1381.199951171875,1272.5772067017936,1272.5772067017936,1598.4454401120379,1598.4454401120379,target,10,0.1547875011730499,2.0,2026-06-08,0.0025,True
2026-05-22,momentum,MOTHERSON,bear,0.6666998476684823,137.26138565429116,128.82184309910977,128.82184309910977,154.14047076465394,145.59689331054688,time,20,0.05822725855507288,0.9876729220517048,2026-06-22,0.0025,True
2026-05-22,momentum,KEI,bear,0.6626344086021505,5325.0,4986.5274337378105,4986.5274337378105,6001.945132524379,5660.5,time,20,0.06050469483568083,0.9912177040076954,2026-06-22,0.0025,True
2026-05-22,reversal,TRITURBINE,bear,0.8619815668202765,704.5059617731823,524.9314305443359,524.9314305443359,1153.4422898452985,734.7509765625,time,20,0.04043081454299341,0.1684259710012774,2026-06-22,0.0025,True
2026-05-22,reversal,SAREGAMA,bear,0.6116820276497695,407.5,317.8206147210695,317.8206147210695,631.6984631973263,477.25,time,20,0.16866564417177904,0.7777707193582563,2026-06-22,0.0025,True
2026-05-22,reversal,ENDURANCE,bear,0.4708294930875576,2744.6980535946727,2263.380853293436,2263.380853293436,3947.991054347765,2671.897705078125,time,20,-0.02902399174517672,-0.15125233104278207,2026-06-22,0.0025,True
2026-05-22,control_naive_low,UBL,bear,-1.0019044717703907,1310.673289484558,1252.1023294682525,1252.1023294682525,1427.8152095171688,1330.234130859375,time,20,0.012424269481763507,0.33396825610117326,2026-06-22,0.0025,True
2026-05-22,control_naive_low,JYOTICNC,bear,-1.0136570561456753,676.2000122070312,627.4270027268299,627.4270027268299,773.746031167434,627.4270027268299,stop,4,-0.07462808133648574,-1.0,2026-05-29,0.0025,True
2026-05-22,control_naive_low,APOLLOTYRE,bear,-1.0177935151436783,373.8619436180386,351.5768079022199,351.5768079022199,418.43221504967596,421.58900281754813,target,17,0.12515958133537802,2.14165441073044,2026-06-17,0.0025,True
2026-05-22,control_naive_low,SUNTV,bear,-1.0198911263310493,485.67492759531325,449.853059433102,449.853059433102,557.3186639197359,519.3267211914062,time,20,0.06678871902593503,0.9394203966054596,2026-06-22,0.0025,True
2026-05-22,control_naive_low,MRF,bear,-1.026973370023032,127996.59386659088,122378.29285731033,122378.29285731033,139233.19588515197,122378.29285731033,stop,4,-0.04639414467650932,-1.0,2026-05-29,0.0025,True
2026-05-22,control_naive_low,PIIND,bear,-1.0300000277158368,2784.9039383058425,2614.7610287032803,2614.7610287032803,3125.189757510967,2795.56591796875,time,20,0.001328490999726819,0.06266484855474053,2026-06-22,0.0025,True
2026-05-22,control_naive_low,EIDPARRY,bear,-1.0372861036618248,785.9000244140625,745.62221826929,745.62221826929,866.4556367036075,745.62221826929,stop,3,-0.053750547007937965,-1.0,2026-05-27,0.0025,True
2026-05-22,control_naive_low,GLAXO,bear,-1.0402686787813353,2271.1859217658875,2154.4352086134363,2154.4352086134363,2504.68734807079,2154.4352086134363,stop,6,-0.05390517649108867,-1.0,2026-06-02,0.0025,True
2026-05-22,control_naive_low,KEC,bear,-1.0408798256737246,485.9399576356275,446.8507281250004,446.8507281250004,564.1184166568817,538.9228515625,time,20,0.10653177047770307,1.3554345938813706,2026-06-22,0.0025,True
2026-05-22,control_naive_low,EMAMILTD,bear,-1.0451361709377027,404.0,381.4234212600261,381.4234212600261,449.1531574799478,381.4234212600261,stop,7,-0.058382620643499805,-1.0,2026-06-03,0.0025,True
2026-05-22,control_naive_low,KALYANKJIL,bear,-1.0456973032874408,357.24236492663675,330.0703795454386,330.0703795454386,411.5863356890331,330.0703795454386,stop,13,-0.07856036699140706,-1.0,2026-06-11,0.0025,True
2026-05-22,control_naive_low,RELIANCE,bear,-1.0499999590426699,1360.5095872329855,1301.9464247607973,1301.9464247607973,1477.635912177362,1301.6815361898255,stop,6,-0.045739718113861294,-1.0045231261391943,2026-06-02,0.0025,True
2026-05-22,trend_lowbeta,NETWEB,bear,1.134924158179972,3877.9826236192616,3370.7914774043,4261.7733027410195,,4261.7733027410195,stop,10,0.09646658040297557,0.7566983019831677,2026-06-08,0.0025,False
2026-05-22,trend_lowbeta,ADANIPOWER,bear,1.118671240764264,221.0,199.01350161091597,220.48089566348548,,220.48089566348548,stop,12,-0.004848888400518168,-0.023610141429898805,2026-06-10,0.0025,False
2026-05-22,trend_lowbeta,GALLANTT,bear,1.104981913121448,701.0,570.17899532528,574.0505812483607,,574.0505812483607,stop,41,-0.18359760164285205,-0.9704054717152859,2026-07-22,0.0025,False
2026-05-22,trend_lowbeta,SCHNEIDER,bear,1.104286348472395,1328.0,1137.5225350999194,1139.4915589055122,,1122.300048828125,stop,7,-0.15739454154508664,-1.0799175182207499,2026-06-03,0.0025,False
2026-06-01,momentum,POWERINDIA,bear,0.7939186993416495,36291.335869623275,34150.55046523175,34150.55046523175,40572.90667840633,34150.55046523175,stop,6,-0.06148888407090619,-1.0,2026-06-09,0.0025,True
2026-06-01,momentum,ADANIPOWER,bear,0.7807898258781968,230.0,218.17608303097123,218.17608303097123,253.64783393805754,218.17608303097123,stop,8,-0.05390833464795114,-1.0,2026-06-11,0.0025,True
2026-06-01,momentum,GVT&D,bear,0.7728036959800074,4745.753335958743,4393.345668709871,4393.345668709871,5450.568670456489,5450.568670456489,target,14,0.14601495318084362,2.0,2026-06-19,0.0025,True
2026-06-01,momentum,HINDALCO,bear,0.7487264656194788,1135.078652658168,1087.8877237937631,1087.8877237937631,1229.4605103869778,1087.8877237937631,stop,4,-0.04407502984827655,-1.0,2026-06-05,0.0025,True
2026-06-01,momentum,ACUTAAS,bear,0.7466054938212601,2997.7575970442076,2837.645672163175,2837.645672163175,3317.981446806273,3317.981446806273,target,4,0.10432112859218717,2.0,2026-06-05,0.0025,True
2026-06-01,momentum,CGPOWER,bear,0.7461642593379653,895.0499877929688,850.1451957111892,850.1451957111892,984.8595719565278,952.1500244140625,time,20,0.06129536048248213,1.2715800246241988,2026-06-30,0.0025,True
2026-06-01,momentum,CUMMINSIND,bear,0.7275161158644038,5618.399617142333,5358.168515092175,5358.168515092175,6138.86182124265,5612.94482421875,time,20,-0.00347088019637126,-0.020961341210213376,2026-06-30,0.0025,True
2026-06-01,momentum,USHAMART,bear,0.7251567120014931,490.31635476709386,460.69129136240605,460.69129136240605,549.5664815764694,460.69129136240605,stop,17,-0.06292030439461899,-1.0,2026-06-24,0.0025,True
2026-06-01,momentum,SYRMA,bear,0.7106148911177373,1099.874975126658,1040.4459880430163,1040.4459880430163,1218.7329492939414,1218.7329492939414,target,3,0.10556498634410344,2.0,2026-06-04,0.0025,True
2026-06-01,momentum,SONACOMS,bear,0.7029454727524473,592.2785527434223,570.6718122128813,570.6718122128813,635.4920338045044,619.9000244140625,time,20,0.04413594780310398,1.2783729055105426,2026-06-30,0.0025,True
2026-06-01,momentum,JSWENERGY,bear,0.6893247336887751,579.8777516950183,552.4451939234051,552.4451939234051,634.7428672382448,552.4451939234051,stop,8,-0.04980748453691525,-1.0,2026-06-11,0.0025,True
2026-06-01,momentum,VTL,bear,0.6875892292400831,594.9545992281442,559.1902260988179,559.1902260988179,666.4833454867967,630.8005981445312,time,20,0.057749973633099694,1.002282321201763,2026-06-30,0.0025,True
2026-06-01,momentum,BAJAJ-AUTO,bear,0.6869307165825382,10305.0,9975.607589564412,9975.607589564412,10963.784820871177,9975.607589564412,stop,9,-0.03446432900879076,-1.0,2026-06-12,0.0025,True
2026-06-01,momentum,JINDALSAW,bear,0.6823890846661246,240.8800048828125,225.82368756713663,225.82368756713663,270.99263951416424,225.82368756713663,stop,7,-0.06500546749615327,-1.0,2026-06-10,0.0025,True
2026-06-01,reversal,OFSS,bear,0.8199539170506913,10290.0,8477.89221207457,8477.89221207457,14820.269469813575,10775.5,time,20,0.04468172983479096,0.2679200449526344,2026-06-30,0.0025,True
2026-06-01,reversal,KPRMILL,bear,0.6053225806451613,977.8015669548478,865.891002387538,865.891002387538,1257.577978373122,1257.577978373122,target,17,0.2836280047746064,2.4999999999999996,2026-06-24,0.0025,True
2026-06-01,control_naive_low,ICICIPRULI,bear,-1.0027706641426692,484.3192353026981,461.6148315334203,461.6148315334203,529.7280428412537,461.6148315334203,stop,8,-0.049379004826408834,-1.0,2026-06-11,0.0025,True
2026-06-01,control_naive_low,RVNL,bear,-1.00315612332726,239.2542530665888,227.04751774778674,227.04751774778674,263.6677237041929,227.04751774778674,stop,5,-0.053519930314069264,-1.0,2026-06-08,0.0025,True
2026-06-01,control_naive_low,ITC,bear,-1.004850902489151,279.5,271.4106630967493,271.4106630967493,295.67867380650137,286.95001220703125,time,20,0.02415478428275936,0.920966983590148,2026-06-30,0.0025,True
2026-06-01,control_naive_low,JYOTICNC,bear,-1.004891402156558,585.5,540.9282418306988,540.9282418306988,674.6435163386025,674.6435163386025,target,9,0.14975194934005537,2.0,2026-06-12,0.0025,True
2026-06-01,control_naive_low,HAVELLS,bear,-1.0056002684320846,1133.0,1098.3381988431101,1098.3381988431101,1202.3236023137797,1202.3236023137797,target,12,0.0586858802416414,2.0,2026-06-17,0.0025,True
2026-06-01,control_naive_low,EIDPARRY,bear,-1.006244958964918,741.2000122070312,704.984017246309,704.984017246309,813.6320021284757,704.984017246309,stop,8,-0.0513612983867659,-1.0,2026-06-11,0.0025,True
2026-06-01,control_naive_low,BRITANNIA,bear,-1.0069308863725108,5036.618445943058,4911.639059583695,4911.639059583695,5286.577218661784,5062.1923828125,time,20,0.002577600605231769,0.20462523952475953,2026-06-30,0.0025,True
2026-06-01,control_naive_low,RAMCOCEM,bear,-1.0070430591303479,858.6566621265029,818.8553947577075,818.8553947577075,938.2591968640936,927.4190063476562,time,20,0.07758130287006709,1.727642076921998,2026-06-30,0.0025,True
2026-06-01,control_naive_low,SBICARD,bear,-1.013409056560953,608.0,593.1026915986341,593.1026915986341,637.7946168027318,589.5999755859375,stop,3,-0.032763198049444886,-1.2351240853935381,2026-06-04,0.0025,True
2026-06-01,control_naive_low,ESCORTS,bear,-1.019445692353044,2738.018309703247,2581.894407003083,2581.894407003083,3050.2661151035745,2903.05078125,time,20,0.05777442218406498,1.057060890052808,2026-06-30,0.0025,True
2026-06-01,control_naive_low,MRF,bear,-1.0198769936310865,123589.28508999459,120090.0515498537,120090.0515498537,130587.75217027638,130587.75217027638,target,10,0.054126810934181646,2.0,2026-06-15,0.0025,True
2026-06-01,control_naive_low,HDFCBANK,bear,-1.0220876709308264,725.0087855549667,704.3585042624655,704.3585042624655,766.3093481399691,777.1464134002696,target,10,0.06941309799838286,2.5247902005206977,2026-06-15,0.0025,True
2026-06-01,control_naive_low,SUNDARMFIN,bear,-1.0237666297576415,4187.916436610867,3967.506543473181,3967.506543473181,4628.736222886239,4628.736222886239,target,18,0.10275992888055624,2.0,2026-06-25,0.0025,True
2026-06-01,control_naive_low,M&M,bear,-1.0256215148831227,2882.8261026863,2807.1084462430476,2807.1084462430476,3034.261415572805,3034.261415572805,target,3,0.05003015877211364,2.0,2026-06-04,0.0025,True
2026-06-01,trend_lowbeta,GESHIP,bear,1.1728934170794636,1452.0780165681201,1244.5362050397246,1244.5362050397246,,1342.5999755859375,time,60,-0.07789404889616464,-0.5274987250807724,2026-08-25,0.0025,False
2026-06-01,trend_lowbeta,RADICO,bear,1.1107464188859537,3458.1273855255836,3219.484374302174,4342.5046376949185,,4630.0,time,60,0.33637491229485444,4.910567497731361,2026-08-25,0.0025,False
2026-06-08,momentum,LAURUSLABS,bear,0.7420822253774259,1415.0,1353.5734757410703,1353.5734757410703,1537.8530485178594,1353.5734757410703,stop,6,-0.045910971207724194,-1.0,2026-06-16,0.0025,True
2026-06-08,momentum,WELCORP,bear,0.7246788370520623,1343.5388505898609,1272.479886443388,1272.479886443388,1485.6567788828065,1485.6567788828065,target,14,0.10327880068786305,2.0,2026-06-29,0.0025,True
2026-06-08,momentum,SAILIFE,bear,0.7229534494293568,1194.0,1127.1936160138107,1127.1936160138107,1327.6127679723786,1208.5999755859375,time,20,0.009727785247853839,0.21854162304242827,2026-07-07,0.0025,True
2026-06-08,momentum,KIMS,bear,0.6881606602577415,806.0,757.5979381553524,757.5979381553524,902.8041236892952,805.6500244140625,time,20,-0.0029342128857784955,-0.007230592511963432,2026-07-07,0.0025,True
2026-06-08,momentum,POLYCAB,bear,0.6853504620238902,9457.127788872784,9112.77453210961,9112.77453210961,10145.834302399131,9401.0,time,20,-0.008434972025948837,-0.16299479610086887,2026-07-07,0.0025,True
2026-06-08,momentum,ASTERDM,bear,0.6833220644579672,770.0,730.3699103602877,730.3699103602877,849.2601792794246,789.1500244140625,time,20,0.02237016157670463,0.4832193060414566,2026-07-07,0.0025,True
2026-06-08,momentum,NAM-INDIA,bear,0.6818286660415763,1043.803692623001,978.9660759086887,978.9660759086887,1173.4789260516259,1173.4789260516259,target,9,0.1217333537858642,2.0,2026-06-19,0.0025,True
2026-06-08,momentum,CARBORUNIV,bear,0.6773720982645932,1062.4666483735284,994.3268683984613,994.3268683984613,1198.7462083236626,994.3268683984613,stop,3,-0.06663357076137738,-1.0,2026-06-11,0.0025,True
2026-06-08,momentum,KIRLOSENG,bear,0.6695740365111563,1855.9759963456602,1727.2066091342683,1727.2066091342683,2113.5147707684437,2195.3584473236833,target,10,0.18035928893813996,2.635583334887525,2026-06-22,0.0025,True
2026-06-08,momentum,SOLARINDS,bear,0.6681090827135452,18282.19753699037,17328.90989608415,17328.90989608415,20188.77281880281,17328.90989608415,stop,3,-0.054642946107951895,-1.0,2026-06-11,0.0025,True
2026-06-08,momentum,THERMAX,bear,0.6680640072120803,4740.937041885625,4369.031714555049,4369.031714555049,5484.747696546778,4709.0,time,20,-0.00923644083510605,-0.08587411778922222,2026-07-07,0.0025,True
2026-06-08,momentum,MAHABANK,bear,0.6657651566373677,80.01000213623047,76.13695945884812,76.13695945884812,87.75608749099516,88.61000061035156,target,5,0.1049865422385336,2.22047604183219,2026-06-15,0.0025,True
2026-06-08,reversal,CEMPRO,bear,0.8496551724137931,1113.450642617415,794.2552620956762,794.2552620956762,1911.439093921762,1494.0,time,20,0.33927478804809746,1.1922144886951698,2026-07-07,0.0025,True
2026-06-08,reversal,ATGL,bear,0.7474712643678161,739.7416682936757,575.1766546982064,575.1766546982064,1151.154202282349,711.2000122070312,time,20,-0.04108327482414237,-0.1734369624688578,2026-07-07,0.0025,True
2026-06-08,reversal,RAINBOW,bear,0.7029885057471266,1358.0074644213514,1288.8954377836926,1288.8954377836926,1530.7875310154984,1418.6649169921875,time,20,0.04216650895522317,0.8776685552697154,2026-07-07,0.0025,True
2026-06-08,reversal,ABDL,bear,0.6891379310344827,560.5464133954713,490.17519104630935,490.17519104630935,736.4744692683762,686.0,time,20,0.22130588584021477,1.7827399101022259,2026-07-07,0.0025,True
2026-06-08,reversal,IIFL,bear,0.630632183908046,493.0,435.0091689880679,435.0091689880679,637.9770775298302,524.5,time,20,0.06139452332657197,0.5431893189031664,2026-07-07,0.0025,True
2026-06-08,control_naive_low,RELIANCE,bear,-1.0032561132586086,1269.0,1222.5816001579965,1222.5816001579965,1361.836799684007,1308.4000244140625,time,20,0.028548088584761714,0.8488018662463639,2026-07-07,0.0025,True
2026-06-08,control_naive_low,TCS,bear,-1.0037791505300686,2162.145087858845,2032.2453071800642,2032.2453071800642,2421.944649216406,2032.2453071800642,stop,15,-0.06257912300067675,-1.0,2026-06-30,0.0025,True
2026-06-08,control_naive_low,WIPRO,bear,-1.0041988646786517,181.8926537660442,170.06785145470275,170.06785145470275,205.54225838872708,169.56345003957682,stop,12,-0.0702828569279415,-1.04265622391354,2026-06-24,0.0025,True
2026-06-08,control_naive_low,RVNL,bear,-1.0053742180971084,231.2791118861524,214.7400013214862,214.7400013214862,264.3573330154848,231.93707275390625,time,20,0.0003448780453538269,0.03978211918841007,2026-07-07,0.0025,True
2026-06-08,control_naive_low,SBICARD,bear,-1.0056887800970473,577.4000244140625,552.33650647226,552.33650647226,627.5270602976675,627.5270602976675,target,7,0.08431509138222365,2.0,2026-06-17,0.0025,True
2026-06-08,control_naive_low,JKCEMENT,bear,-1.0075029060551621,4766.260051586479,4493.746913409557,4493.746913409557,5311.286327940322,5311.286327940322,target,6,0.11185093143363595,2.0,2026-06-16,0.0025,True
2026-06-08,control_naive_low,SWIGGY,bear,-1.0079397988811285,243.25,226.29188598712707,226.29188598712707,277.16622802574585,266.2699890136719,time,20,0.09213510385887708,1.35746162552023,2026-07-07,0.0025,True
2026-06-08,control_naive_low,BHARTIHEXA,bear,-1.010769135409101,1458.8490281562265,1381.6767280990591,1381.6767280990591,1613.1936282705612,1483.97265625,time,20,0.01472154082353966,0.3255524077313042,2026-07-07,0.0025,True
2026-06-08,control_naive_low,JUBLFOOD,bear,-1.0141878928657757,414.02255961071995,390.6313736006434,390.6313736006434,460.804931630873,453.6598205566406,time,20,0.09323695931735981,1.694538315793206,2026-07-07,0.0025,True
2026-06-08,trend_lowbeta,NATIONALUM,bear,1.1969203564612987,377.49059253076126,338.0120291719745,338.0120291719745,,338.0120291719745,stop,13,-0.10708158200477452,-1.0,2026-06-25,0.0025,False
2026-06-08,trend_lowbeta,NETWEB,bear,1.1569125654358596,4337.296638620066,3605.2993306269327,4188.753828502706,,4188.753828502706,stop,21,-0.03674778669614348,-0.20292808251523467,2026-07-08,0.0025,False
2026-06-08,trend_lowbeta,GLENMARK,bear,1.1531702470367842,2174.3366116341135,1976.8604078572387,2236.0335749063843,,2470.39990234375,time,60,0.13366258362458944,1.4992352751734763,2026-09-01,0.0025,False
2026-06-08,trend_lowbeta,HINDALCO,bear,1.1099453752823152,1068.4263651933045,977.1925510901272,977.1925510901272,,977.1925510901272,stop,6,-0.0878908299863706,-1.0,2026-06-16,0.0025,False
2026-06-08,trend_lowbeta,BELRISE,bear,1.1088511301363868,221.27999877929688,197.5438113225756,222.05333414262148,,222.05333414262148,stop,19,0.0009948272215777897,0.032580437137794155,2026-07-06,0.0025,False
2026-06-08,trend_lowbeta,ANURAS,bear,1.1044653955915051,1291.0999755859375,1196.3066270365912,1196.3066270365912,,1196.3066270365912,stop,39,-0.07592061059704264,-1.0,2026-08-03,0.0025,False
2026-06-15,momentum,ABSLAMC,bear,0.710716364368209,1128.1301882025634,1054.0603364187655,1054.0603364187655,1276.2698917701593,1115.64306640625,time,20,-0.013568865922477467,-0.1685857537930819,2026-07-14,0.0025,True
2026-06-15,momentum,ANGELONE,bear,0.7023592418943717,351.91165518230105,331.43630034049505,331.43630034049505,392.86236486591304,331.43630034049505,stop,9,-0.06068322451184266,-1.0,2026-06-29,0.0025,True
2026-06-15,momentum,ADANIGREEN,bear,0.6665444006701987,1489.5999755859375,1402.28681020603,1402.28681020603,1664.2263063457526,1604.5,time,20,0.07463481894282803,1.3159530285509866,2026-07-14,0.0025,True
2026-06-15,momentum,BELRISE,bear,0.665963854819486,239.41000366210938,224.9329722024938,224.9329722024938,268.3640665813405,224.9329722024938,stop,14,-0.06296961796988104,-1.0,2026-07-06,0.0025,True
2026-06-15,momentum,ADANIENSOL,bear,0.6542951591722139,1498.0,1397.724885174241,1397.724885174241,1698.5502296515178,1698.5502296515178,target,16,0.13137865797831622,2.0,2026-07-08,0.0025,True
2026-06-15,momentum,GRANULES,bear,0.6513834171081828,746.9939079466608,711.1141477476558,711.1141477476558,818.7534283446707,818.7534283446707,target,11,0.09356439843032022,2.0,2026-07-01,0.0025,True
2026-06-15,momentum,J&KBANK,bear,0.6402423271958076,161.0,151.75833519322094,151.75833519322094,179.4833296135581,151.75833519322094,stop,11,-0.05990164476260279,-1.0,2026-07-01,0.0025,True
2026-06-15,momentum,RBLBANK,bear,0.6370584852162418,373.0342146862435,354.8090926827927,354.8090926827927,409.4844586931451,354.8090926827927,stop,12,-0.05135643537759621,-1.0,2026-07-02,0.0025,True
2026-06-15,momentum,NUVAMA,bear,0.635514934714614,1670.4000244140625,1575.8659702719235,1575.8659702719235,1859.4681326983405,1859.4681326983405,target,13,0.11068732370744477,2.0,2026-07-03,0.0025,True
2026-06-15,reversal,ELECON,bear,0.9097806004618938,567.0499877929688,482.39311137495014,482.39311137495014,778.6921788380153,482.39311137495014,stop,18,-0.1517934983519073,-1.0,2026-07-10,0.0025,True
2026-06-15,reversal,DEEPAKFERT,bear,0.8730023094688222,1505.531073426715,1303.5367485299248,1303.5367485299248,2010.5168856686905,1531.5535888671875,time,20,0.014784608667188061,0.12882795322971968,2026-07-14,0.0025,True
2026-06-15,reversal,NEULANDLAB,bear,0.8349307159353347,16958.657954808783,16083.620778707886,16083.620778707886,19146.250895061028,19146.250895061028,target,13,0.1264956402258785,2.500000000000002,2026-07-03,0.0025,True
2026-06-15,reversal,JBMA,bear,0.8096189376443418,682.5558568388211,600.7969309131596,600.7969309131596,886.9531716529749,683.155029296875,time,20,-0.001622163480028025,0.007328526534199792,2026-07-14,0.0025,True
2026-06-15,reversal,MMTC,bear,0.8013625866050809,70.0,61.312801232044144,61.312801232044144,91.71799691988964,64.19000244140625,time,20,-0.08549996512276786,-0.6687998874878828,2026-07-14,0.0025,True
2026-06-15,reversal,PAGEIND,bear,0.7926096997690532,38984.76265519007,35847.03689938991,35847.03689938991,46829.077044690464,40307.4609375,time,20,0.0314285965136904,0.42154680977612313,2026-07-14,0.0025,True
2026-06-15,reversal,IKS,bear,0.6467436489607391,1680.0,1576.779710634117,1576.779710634117,1938.0507234147076,1879.4000244140625,time,20,0.11619049072265625,1.9317909844958199,2026-07-14,0.0025,True
2026-06-15,reversal,DIXON,bear,0.4849422632794458,11933.0,10967.139524700407,10967.139524700407,14347.651188248981,13365.0,time,20,0.11750335204893986,1.482615798680259,2026-07-14,0.0025,True
2026-06-15,control_naive_low,GLAXO,bear,-1.0164742592476106,2127.0,2045.2315969465956,2045.2315969465956,2290.536806106809,2290.536806106809,target,4,0.07438613357160734,2.0,2026-06-19,0.0025,True
2026-06-15,control_naive_low,LTM,bear,-1.024765347525073,3920.0,3703.322627989543,3703.322627989543,4353.354744020914,3703.322627989543,stop,9,-0.05777483979858594,-1.0,2026-06-29,0.0025,True
2026-06-15,control_naive_low,HCLTECH,bear,-1.027351971554893,1129.4688977693256,1063.324407686037,1063.324407686037,1261.757877935903,1063.324407686037,stop,10,-0.06106247145354998,-1.0,2026-06-30,0.0025,True
2026-06-15,control_naive_low,ZENSARTECH,bear,-1.028512758383686,444.21253572929845,414.4766005231279,414.4766005231279,503.68440614163956,414.4766005231279,stop,10,-0.06944078355386968,-1.0,2026-06-30,0.0025,True
2026-06-15,control_naive_low,KAYNES,bear,-1.0290818356114357,3124.199951171875,2887.828565345244,2887.828565345244,3596.942722825137,3288.39990234375,time,20,0.05005743990082462,0.694669325551567,2026-07-14,0.0025,True
2026-06-15,control_naive_low,EIDPARRY,bear,-1.0296559409919297,730.0499877929688,688.9596343368474,688.9596343368474,812.2306947052114,779.0,time,20,0.06455021988290571,1.1912774675764946,2026-07-14,0.0025,True
2026-06-15,control_naive_low,SBILIFE,bear,-1.0347565130189307,1771.699951171875,1699.498388986122,1699.498388986122,1916.1030755433808,1840.300048828125,time,20,0.036219929754964963,0.9501192990778038,2026-07-14,0.0025,True
2026-06-15,control_naive_low,PVRINOX,bear,-1.0401145717429432,955.8499755859375,904.6869773346018,904.6869773346018,1058.175972088609,1011.4500122070312,time,20,0.05566816241169098,1.0867235799583388,2026-07-14,0.0025,True
2026-06-15,control_naive_low,NHPC,bear,-1.0428651105316842,74.48617142537316,71.2035798977677,71.2035798977677,81.05135448058408,81.05135448058408,target,9,0.0856396228263458,2.0,2026-06-29,0.0025,True
2026-06-15,control_naive_low,PATANJALI,bear,-1.0429989521230298,425.05676153549797,404.8500897902121,404.8500897902121,465.4701050260697,404.8500897902121,stop,9,-0.050038760875818544,-1.0,2026-06-29,0.0025,True
2026-06-15,control_naive_low,ABBOTINDIA,bear,-1.0439363794214054,25771.93279865601,24803.605646052576,24803.605646052576,27708.587103862876,24803.605646052576,stop,6,-0.040072934873318145,-1.0,2026-06-23,0.0025,True
2026-06-15,trend_lowbeta,CHENNPETRO,bear,1.1881622214103031,1160.1097356301796,1032.644741442279,1279.4832044254406,,1457.800048828125,time,60,0.2541053055629587,2.3354672009721327,2026-09-08,0.0025,False
2026-06-15,trend_lowbeta,POWERINDIA,bear,1.1526001705029838,34791.692708333336,31110.09574887409,31863.923110923726,,31863.923110923726,stop,13,-0.0866513984948582,-0.795244463109194,2026-07-03,0.0025,False
2026-06-15,trend_lowbeta,NLCINDIA,bear,1.1410303251735476,317.8999938964844,282.12793870067065,282.12793870067065,,282.12793870067065,stop,28,-0.11502612734387768,-1.0,2026-07-24,0.0025,False
2026-06-15,trend_lowbeta,ADANIPOWER,bear,1.1068992814517111,221.89999389648438,199.39610199634006,204.20653559272762,,204.20653559272762,stop,42,-0.08223618202085531,-0.7862399260655573,2026-08-13,0.0025,False
2026-06-15,trend_lowbeta,ONGC,bear,1.1013883814395322,243.1154581796166,224.94784334969387,226.56299143175892,,236.0,time,60,-0.03176781469551654,-0.3916561555398667,2026-09-08,0.0025,False
2026-06-22,momentum,GVT&D,bear,0.7848093196025223,5523.328842242147,5128.395515178503,5128.395515178503,6313.195496369436,5128.395515178503,stop,2,-0.07400277275602601,-1.0,2026-06-24,0.0025,True
2026-06-22,momentum,FINCABLES,bear,0.7719148622340909,1190.4231763244754,1106.0275324753193,1106.0275324753193,1359.2144640227878,1106.0275324753193,stop,3,-0.0733954979436256,-1.0,2026-06-25,0.0025,True
2026-06-22,momentum,AIAENG,bear,0.7453171101620175,4841.799404460977,4606.140214239104,4606.140214239104,5313.117784904722,4606.140214239104,stop,11,-0.05117182023376449,-1.0,2026-07-08,0.0025,True
2026-06-22,momentum,ZENTEC,bear,0.7316598237468502,1966.8692156470306,1841.4337342424562,1841.4337342424562,2217.7401784561794,1841.4337342424562,stop,2,-0.06627418508902255,-1.0,2026-06-24,0.0025,True
2026-06-22,momentum,CRAFTSMAN,bear,0.7119071539961466,9589.79815599194,8997.014643849463,8997.014643849463,10775.365180276896,8997.014643849463,stop,11,-0.06431397173329373,-1.0,2026-07-08,0.0025,True
2026-06-22,momentum,TRITURBINE,bear,0.7109678574626199,729.4693097741805,684.0021590020059,684.0021590020059,820.4036113185297,684.0021590020059,stop,2,-0.06482907973366242,-1.0,2026-06-24,0.0025,True
2026-06-22,momentum,CARBORUNIV,bear,0.7091491199870676,1208.5184982868345,1126.9779824462078,1126.9779824462078,1371.599529968088,1126.9779824462078,stop,7,-0.06997146688794303,-1.0,2026-07-02,0.0025,True
2026-06-22,momentum,ADANIENT,bear,0.7067157541392475,3072.0,2941.179487513065,2941.179487513065,3333.64102497387,3182.699951171875,time,20,0.033535140355427984,0.8461971984930919,2026-07-21,0.0025,True
2026-06-22,momentum,WELSPUNLIV,bear,0.7051124492384728,161.6028932605206,153.25299203669843,153.25299203669843,178.30269570816495,166.0399932861328,time,20,0.024956810556350188,0.5313955107580453,2026-07-21,0.0025,True
2026-06-22,momentum,BHARATFORG,bear,0.6945673101216625,2108.6025708779703,2014.2733996546556,2014.2733996546556,2297.2609133245996,2201.800048828125,time,20,0.04169869312373525,0.9880027221856875,2026-07-21,0.0025,True
2026-06-22,momentum,TATACOMM,bear,0.6943175954539288,2076.0,1941.9414564276724,1941.9414564276724,2344.117087144655,1941.9414564276724,stop,6,-0.06707540634505188,-1.0,2026-07-01,0.0025,True
2026-06-22,momentum,NAM-INDIA,bear,0.693432973824041,1175.1695065302813,1120.0286126693127,1120.0286126693127,1285.4512942522185,1166.9000244140625,time,20,-0.009536841979192188,-0.14997004105644965,2026-07-21,0.0025,True
2026-06-22,momentum,ANANDRATHI,bear,0.6878942422639941,1936.9000244140625,1844.0042389542193,1844.0042389542193,2122.691595333749,2122.691595333749,target,13,0.09342212740866213,2.0,2026-07-10,0.0025,True
2026-06-22,reversal,TRITURBINE,bear,0.8813013698630136,729.4693097741805,618.5292694503871,618.5292694503871,1006.819410583664,618.5292694503871,stop,11,-0.1545832183579275,-1.0,2026-07-08,0.0025,True
2026-06-22,reversal,WOCKPHARMA,bear,0.8749771689497716,2024.0,1766.8174325235916,1766.8174325235916,2666.956418691021,1896.300048828125,time,20,-0.0655928612509264,-0.4965342419003148,2026-07-21,0.0025,True
2026-06-22,reversal,NUVAMA,bear,0.8309360730593609,1740.800048828125,1468.9477589066666,1468.9477589066666,2420.430773631771,1891.5999755859375,time,20,0.0841267937316112,0.5547127331588068,2026-07-21,0.0025,True
2026-06-22,reversal,TATATECH,bear,0.8303424657534247,755.0,683.8909612823959,683.8909612823959,932.7725967940103,683.8909612823959,stop,5,-0.0966841572418598,-1.0,2026-06-30,0.0025,True
2026-06-22,reversal,TATACOMM,bear,0.8076027397260274,2076.0,1801.0400715344458,1801.0400715344458,2763.3998211638855,1801.0400715344458,stop,18,-0.13494697902965042,-1.0,2026-07-17,0.0025,True
2026-06-22,reversal,AEGISLOG,bear,0.7337214611872146,1054.3817497416253,722.2037237201221,722.2037237201221,1884.8268147953834,1313.5,time,20,0.24325373229086272,0.780058372198289,2026-07-21,0.0025,True
2026-06-22,reversal,ITI,bear,0.7307762557077626,312.0,282.1404806714786,282.1404806714786,386.6487983213035,282.1404806714786,stop,17,-0.09820358759141473,-1.0,2026-07-16,0.0025,True
2026-06-22,reversal,FIVESTAR,bear,0.7222602739726028,503.4725085423525,403.3631870536835,403.3631870536835,753.7458122640251,562.3588256835938,time,20,0.114460342704169,0.5882201204201185,2026-07-21,0.0025,True
2026-06-22,reversal,RKFORGE,bear,0.5771917808219179,590.5499877929688,520.9231359732238,520.9231359732238,764.6171173423311,576.2999877929688,time,20,-0.026630048758879473,-0.20466242013772837,2026-07-21,0.0025,True
2026-06-22,reversal,AAVAS,bear,0.5135844748858448,1450.0,1220.391230152186,1220.391230152186,2024.0219246195352,1521.699951171875,time,20,0.04694824218749999,0.3122700897679044,2026-07-21,0.0025,True
2026-06-22,reversal,AFFLE,bear,0.5100228310502283,1482.5,1374.6157084259842,1374.6157084259842,1752.2107289350397,1529.4000244140625,time,20,0.029135766889755558,0.43472523877014985,2026-07-21,0.0025,True
2026-06-22,control_naive_low,BAYERCROP,bear,-1.0068915897966868,4146.943006904587,3977.722423768105,3977.722423768105,4485.38417317755,3977.722423768105,stop,4,-0.04330610291839859,-1.0,2026-06-29,0.0025,True
2026-06-22,control_naive_low,INFY,bear,-1.0343689557418083,1053.800048828125,1012.3234083170698,1012.3234083170698,1136.7533298502353,1012.3234083170698,stop,5,-0.04185911803873904,-1.0,2026-06-30,0.0025,True
2026-06-22,control_naive_low,BSOFT,bear,-1.0347585466797995,312.43583411094335,294.4703234760328,294.4703234760328,348.3668553807645,294.4703234760328,stop,4,-0.06000144085115139,-1.0,2026-06-29,0.0025,True
2026-06-22,control_naive_low,DABUR,bear,-1.0468575758149712,416.8422187370375,402.97355866097433,402.97355866097433,444.57953888916387,444.57953888916387,target,7,0.06404153275588492,2.0,2026-07-02,0.0025,True
2026-06-22,control_naive_low,UBL,bear,-1.0499216623115744,1330.5320207754758,1283.0209120474965,1283.0209120474965,1425.5542382314343,1394.47705078125,time,20,0.045559745280316644,1.3458963959752228,2026-07-21,0.0025,True
2026-06-22,trend_lowbeta,HINDALCO,bear,1.1448666423090976,993.8155313197628,932.9236142167725,932.9236142167725,,932.9236142167725,stop,6,-0.06377084472319255,-1.0,2026-07-01,0.0025,False
2026-06-22,trend_lowbeta,AUROPHARMA,bear,1.1078735842162952,1492.199951171875,1397.7485077762465,1585.1878767070575,,1643.0,time,60,0.09855887532679292,1.5965880817349631,2026-09-16,0.0025,False
2026-06-22,trend_lowbeta,GLAND,bear,1.107112410181464,2176.854190093948,1965.034165880026,2738.8225880914115,,2826.60009765625,time,60,0.29597929664699335,3.067443269226086,2026-09-16,0.0025,False
2026-06-30,momentum,WELCORP,bear,0.8211269435979391,1530.0999755859375,1453.0939146285425,1453.0939146285425,1684.1120975007275,1453.0939146285425,stop,3,-0.05282747022161488,-1.0,2026-07-03,0.0025,True
2026-06-30,momentum,ATHERENERG,bear,0.7768234765737347,1141.0,1066.7985977774676,1066.7985977774676,1289.4028044450647,1289.4028044450647,target,11,0.12756380757674374,2.0,2026-07-15,0.0025,True
2026-06-30,momentum,GLAND,bear,0.7726575740641323,2476.29193344583,2345.8327056389367,2345.8327056389367,2737.2103890596172,2345.8327056389367,stop,16,-0.055183298784306,-1.0,2026-07-22,0.0025,True
2026-06-30,momentum,MAHABANK,bear,0.7710561359237614,91.75,87.31190299560903,87.31190299560903,100.62619400878194,87.31190299560903,stop,4,-0.05087162947565088,-1.0,2026-07-06,0.0025,True
2026-06-30,momentum,FEDERALBNK,bear,0.7540237662556053,327.87984490734453,319.08014198727534,319.08014198727534,345.4792507474829,345.4792507474829,target,13,0.05117638820590459,2.0,2026-07-17,0.0025,True
2026-06-30,momentum,LAURUSLABS,bear,0.7400149739091874,1525.0,1455.9240878280218,1455.9240878280218,1663.1518243439564,1455.9240878280218,stop,6,-0.04779568011277263,-1.0,2026-07-08,0.0025,True
2026-06-30,momentum,HONASA,bear,0.724671501864834,452.7809753432822,429.7545575414804,429.7545575414804,498.8338109468858,449.3026428222656,time,20,-0.010182152542693333,-0.15105834311511493,2026-07-28,0.0025,True
2026-06-30,momentum,MINDACORP,bear,0.7089993293311192,701.2612386979084,661.6043615075318,661.6043615075318,780.5749930786616,661.6043615075318,stop,17,-0.05905079020767051,-1.0,2026-07-23,0.0025,True
2026-06-30,momentum,IPCALAB,bear,0.70861951564181,1713.8498259298024,1618.5387405097506,1618.5387405097506,1904.471996769906,1904.471996769906,target,13,0.10872454718965047,2.0,2026-07-17,0.0025,True
2026-06-30,momentum,DATAPATTNS,bear,0.702807486631016,4509.869371496962,4166.559018270322,4166.559018270322,5196.490077950243,4166.559018270322,stop,10,-0.07862423441716787,-1.0,2026-07-14,0.0025,True
2026-06-30,momentum,AJANTPHARM,bear,0.6865977578808625,3391.6296111383217,3221.5894038130477,3221.5894038130477,3731.7100257888696,3312.05859375,time,20,-0.02596099854978434,-0.467954130613993,2026-07-28,0.0025,True
2026-06-30,momentum,JINDALSAW,bear,0.6847147950089125,261.3500061035156,245.95782811413457,245.95782811413457,292.13436208227773,257.1499938964844,time,20,-0.01857045000552898,-0.2728666605810306,2026-07-28,0.0025,True
2026-06-30,momentum,BHEL,bear,0.6846256684491978,414.7620687949127,392.4087851127316,392.4087851127316,459.46863615927487,392.4087851127316,stop,3,-0.056394233257945514,-1.0,2026-07-03,0.0025,True
2026-06-30,momentum,CGCL,bear,0.6831112335261048,229.8207103951016,217.05220376221035,217.05220376221035,255.3577236608841,255.3577236608841,target,7,0.1086171104722457,2.0,2026-07-09,0.0025,True
2026-06-30,momentum,CGPOWER,bear,0.6824197860962568,958.0,912.7319741183491,912.7319741183491,1048.5360517633019,911.4000244140625,stop,3,-0.05114298077864038,-1.0294236313235487,2026-07-03,0.0025,True
2026-06-30,reversal,CAPLIPOINT,bear,0.9153977272727272,2652.0,2074.728266802997,2074.728266802997,4095.1793329925076,2588.300048828125,time,20,-0.026519589431325426,-0.11034656212785046,2026-07-28,0.0025,True
2026-06-30,reversal,BLUEJET,bear,0.8538636363636362,524.4038837207803,439.0764208794087,439.0764208794087,737.7225408242093,570.7570190429688,time,20,0.0858920519300907,0.5432381765336379,2026-07-28,0.0025,True
2026-06-30,reversal,MEDANTA,bear,0.8089204545454545,1320.2317141142998,1190.6111698400493,1190.6111698400493,1644.283074799926,1400.80322265625,time,20,0.05852830865262376,0.6215952030835278,2026-07-28,0.0025,True
2026-06-30,reversal,APTUS,bear,0.8021022727272727,281.6000061035156,243.43180403949916,243.43180403949916,377.0205112635568,281.29998779296875,time,20,-0.003565405909247752,-0.007860425545947338,2026-07-28,0.0025,True
2026-06-30,reversal,ADANIENT,bear,0.787784090909091,3041.0,2843.3060737932833,2843.3060737932833,3535.234815516792,3002.300048828125,time,20,-0.015226060891770752,-0.19575690520410213,2026-07-28,0.0025,True
2026-06-30,reversal,HONAUT,bear,0.777215909090909,39737.645522711515,34127.586301767595,34127.586301767595,53762.793575071315,37510.0,time,20,-0.058558820129097355,-0.3970805716979049,2026-07-28,0.0025,True
2026-06-30,reversal,NIACL,bear,0.7729545454545454,175.45488938768213,140.62833599330244,140.62833599330244,262.52127287363135,163.07000732421875,time,20,-0.0730872723563602,-0.355616070393634,2026-07-28,0.0025,True
2026-06-30,reversal,GODREJIND,bear,0.7485227272727273,1181.0,983.0678930468001,983.0678930468001,1675.8302673829996,1309.199951171875,time,20,0.10605203316839534,0.647696592257199,2026-07-28,0.0025,True
2026-06-30,reversal,TRENT,bear,0.7307954545454546,3285.0,2629.0251685966714,2629.0251685966714,4924.937078508321,2930.699951171875,time,20,-0.11035389614250385,-0.5401122602069504,2026-07-28,0.0025,True
2026-06-30,reversal,BOSCHLTD,bear,0.7230113636363638,39688.82601791406,36005.81933460625,36005.81933460625,48896.342726183604,41039.93359375,time,20,0.0315425180433932,0.36684906979926174,2026-07-28,0.0025,True
2026-06-30,reversal,JSWINFRA,bear,0.6870454545454545,323.6000061035156,263.92210803824065,263.92210803824065,472.7947512667031,318.20001220703125,time,20,-0.019187249056345775,-0.09048565836849559,2026-07-28,0.0025,True
2026-06-30,reversal,ITCHOTELS,bear,0.6365909090909091,180.5,145.73740462897305,145.73740462897305,267.40648842756735,161.00999450683594,time,20,-0.11047786976822199,-0.5606602523529673,2026-07-28,0.0025,True
2026-06-30,reversal,POLYMED,bear,0.6163636363636364,1687.5442061073843,1354.1286825190389,1354.1286825190389,2521.0830150782476,1644.3326416015625,time,20,-0.028106182255513697,-0.1296027372713856,2026-07-28,0.0025,True
2026-06-30,reversal,NH,bear,0.5189772727272727,1975.3218822931863,1801.2193790239546,1801.2193790239546,2410.5781404662653,2072.800048828125,time,20,0.04684799103312448,0.5598895174080223,2026-07-28,0.0025,True
2026-06-30,reversal,GODREJPROP,bear,0.5020454545454546,1875.8328494438526,1575.7018429521831,1575.7018429521831,2626.1603656730263,2136.60009765625,time,20,0.13651411753702342,0.8688447463679008,2026-07-28,0.0025,True
2026-06-30,reversal,HOMEFIRST,bear,0.4827272727272727,1149.0,997.1448770282963,997.1448770282963,1528.6378074292593,1181.0,time,20,0.025350304612706768,0.21072716793336496,2026-07-28,0.0025,True
2026-06-30,control_naive_low,WIPRO,bear,-1.001999390366298,169.0690946075389,161.46429394818634,161.46429394818634,184.27869592624398,181.1199951171875,time,20,0.06877796205227477,1.5846438387347017,2026-07-28,0.0025,True
2026-06-30,control_naive_low,LTM,bear,-1.0028344671201814,3554.60009765625,3349.3678329045497,3349.3678329045497,3965.0646271596506,3965.0646271596506,target,8,0.11297417943696203,2.0,2026-07-10,0.0025,True
2026-06-30,control_naive_low,HCLTECH,bear,-1.0029946409463775,1059.1864801751997,1014.2692140679966,1014.2692140679966,1149.0210123896059,1149.0210123896059,target,5,0.08231465152344714,2.0,2026-07-07,0.0025,True
2026-06-30,control_naive_low,ZENSARTECH,bear,-1.003066008945681,415.2166646052131,392.24600001174883,392.24600001174883,461.15799379214167,461.15799379214167,target,2,0.10814423252522748,2.0,2026-07-02,0.0025,True
2026-06-30,control_naive_low,SUPREMEIND,bear,-1.0033681042897522,3181.39990234375,3004.874936275894,3004.874936275894,3534.449834479462,3534.449834479462,target,12,0.10847313854684487,2.0,2026-07-16,0.0025,True
2026-06-30,control_naive_low,ECLERX,bear,-1.003712139707623,1329.2630486006394,1235.6316272256875,1235.6316272256875,1516.5258913505434,1516.5258913505434,target,4,0.13837718976845242,2.0,2026-07-06,0.0025,True
2026-06-30,control_naive_low,TATAELXSI,bear,-1.0041690445592804,3769.800048828125,3666.5713244136955,3666.5713244136955,3976.257497656984,3666.5713244136955,stop,1,-0.029883076841573927,-1.0,2026-07-01,0.0025,True
2026-06-30,control_naive_low,INFY,bear,-1.0044176951948418,1006.0,948.7424191137825,948.7424191137825,1120.515161772435,1105.699951171875,time,20,0.09660531925633692,1.7412532913327081,2026-07-28,0.0025,True
2026-06-30,control_naive_low,BSOFT,bear,-1.0045613606770833,282.03484238065226,264.8730915860326,264.8730915860326,316.35834396989156,299.8999938964844,time,20,0.06084377470894248,1.04098653625905,2026-07-28,0.0025,True
2026-06-30,control_naive_low,PIIND,bear,-1.0055490348902991,2570.7726448725725,2426.4760372646874,2426.4760372646874,2859.3658600883427,2696.919921875,time,20,0.04656979123728794,0.8742220561776681,2026-07-28,0.0025,True
2026-06-30,control_naive_low,TCS,bear,-1.0062908415220453,2028.776408877907,1928.3257954482713,1928.3257954482713,2229.677635737178,2229.677635737178,target,12,0.096525809833025,1.9999999999999978,2026-07-16,0.0025,True
2026-06-30,control_naive_low,ABBOTINDIA,bear,-1.011530799769601,24999.996596746576,24080.45237204426,24080.45237204426,26839.08504615121,26861.437186302242,target,9,0.07195763371815461,2.02430784681212,2026-07-13,0.0025,True
2026-06-30,control_naive_low,PATANJALI,bear,-1.0115663384246532,408.31676159464826,393.8159263423729,393.8159263423729,437.31843209919896,393.8159263423729,stop,11,-0.03801369087970702,-1.0,2026-07-15,0.0025,True
2026-06-30,control_naive_low,UPL,bear,-1.0125864645736729,569.487495326903,541.6083772313029,541.6083772313029,625.245731518103,599.6500244140625,time,20,0.050464339576666795,1.0819039893489286,2026-07-28,0.0025,True
2026-06-30,control_naive_low,MAPMYINDIA,bear,-1.0185534390260893,811.5680829472695,751.1779949779965,751.1779949779965,932.3482588858157,932.3482588858157,target,3,0.14632322072095788,2.0,2026-07-03,0.0025,True
2026-06-30,control_naive_low,PERSISTENT,bear,-1.0193191188597008,4328.764940423988,4024.6685465302453,4024.6685465302453,4936.957728211474,4936.957728211474,target,8,0.13800030347176,2.0,2026-07-10,0.0025,True
2026-06-30,control_naive_low,IRCTC,bear,-1.020805846193015,502.8999938964844,487.65981619168866,487.65981619168866,533.3803493060758,487.65981619168866,stop,20,-0.03280458916237866,-1.0,2026-07-28,0.0025,True
2026-06-30,control_naive_low,BRITANNIA,bear,-1.0221450390589732,5062.192361794692,4929.799997730999,4929.799997730999,5326.977089922078,5326.977089922078,target,3,0.0498063347267807,2.0,2026-07-03,0.0025,True
2026-07-07,momentum,SCHNEIDER,bear,0.779444232398199,1484.800048828125,1384.3584722005598,1384.3584722005598,1685.6832020832553,1384.3584722005598,stop,4,-0.07014653375842655,-1.0,2026-07-13,0.0025,True
2026-07-07,momentum,WELCORP,bear,0.7644769413572458,1540.0,1458.1228112091187,1458.1228112091187,1703.7543775817626,1703.7543775817626,target,19,0.10383401141672904,2.0,2026-08-03,0.0025,True
2026-07-07,momentum,GRANULES,bear,0.732605305720342,861.505388217283,823.5589005049013,823.5589005049013,937.3983636420463,823.5589005049013,stop,14,-0.04654672127577114,-1.0,2026-07-27,0.0025,True
2026-07-07,momentum,KIMS,bear,0.7214139825736716,800.0,767.6079526469339,767.6079526469339,864.7840947061322,795.9000244140625,time,20,-0.0076249694824219155,-0.12657352408906658,2026-08-04,0.0025,True
2026-07-07,momentum,ZYDUSLIFE,bear,0.7154131725715261,1145.5704709155946,1113.9087433213435,1113.9087433213435,1208.8939261040966,1113.9087433213435,stop,11,-0.03013839361968323,-1.0,2026-07-22,0.0025,True
2026-07-07,momentum,PNBHOUSING,bear,0.6966324836308805,1094.8556877891021,1057.1502381793664,1057.1502381793664,1170.2665870085737,1057.1502381793664,stop,1,-0.03693873930625163,-1.0,2026-07-08,0.0025,True
2026-07-07,momentum,TORNTPHARM,bear,0.6895762588143092,4850.0,4698.582587407355,4698.582587407355,5152.834825185289,4698.582587407355,stop,8,-0.03372008507064844,-1.0,2026-07-17,0.0025,True
2026-07-07,momentum,ABCAPITAL,bear,0.687423408636183,401.3999938964844,389.7522797781048,389.7522797781048,424.6954221332435,389.7522797781048,stop,1,-0.031517723705754064,-1.0,2026-07-08,0.0025,True
2026-07-07,momentum,J&KBANK,bear,0.6815757738174997,165.0,155.7555750908453,155.7555750908453,183.4888498183094,183.4888498183094,target,3,0.10955363526248124,2.0,2026-07-10,0.0025,True
2026-07-07,momentum,APOLLOHOSP,bear,0.6665213949105557,8789.767218112755,8612.989964609274,8612.989964609274,9143.321725119715,9039.4765625,time,20,0.025909096417556735,1.412564905486155,2026-08-04,0.0025,True
2026-07-07,momentum,GMRAIRPORT,bear,0.6640168576829105,113.98999786376953,110.66728819818138,110.66728819818138,120.63541719494583,110.66728819818138,stop,1,-0.03164913350168802,-1.0,2026-07-08,0.0025,True
2026-07-07,momentum,VTL,bear,0.6619009334941267,636.1551625655252,606.0762594335113,606.0762594335113,696.312968829553,606.0762594335113,stop,12,-0.04978233755222533,-1.0,2026-07-23,0.0025,True
2026-07-07,momentum,MANAPPURAM,bear,0.6562742807283417,338.0286685378854,324.64937274165794,324.64937274165794,364.78726013034026,324.6171700007699,stop,5,-0.042175624541332,-1.0024069085083795,2026-07-14,0.0025,True
2026-07-07,reversal,IIFL,bear,0.6055353075170842,519.9500122070312,476.9423889625924,476.9423889625924,627.4690703181284,607.6500244140625,time,20,0.16617008394666838,2.039173653205108,2026-08-04,0.0025,True
2026-07-07,reversal,NAUKRI,bear,0.5588952164009112,1168.3937315289706,932.3308782077652,932.3308782077652,1758.5508648319842,1260.0,time,20,0.07590359460945811,0.38805880375589097,2026-08-04,0.0025,True
2026-07-07,control_naive_low,BAYERCROP,bear,-1.0229031973089606,4143.78694682959,3929.4957514232938,3929.4957514232938,4572.369337642183,4271.0,time,20,0.028199708938400018,0.5936457301907038,2026-08-04,0.0025,True
2026-07-07,control_naive_low,VEDL,bear,-1.0236322117508685,273.6000061035156,257.5183310643792,257.5183310643792,305.7633561817885,257.5183310643792,stop,7,-0.061278050732396505,-1.0,2026-07-16,0.0025,True
2026-07-07,control_naive_low,FIRSTCRY,bear,-1.0265152869039207,212.35000610351562,199.9627912518282,199.9627912518282,237.12443580689046,214.72999572753906,time,20,0.008707862282157199,0.19213274755618123,2026-08-04,0.0025,True
2026-07-07,control_naive_low,IRFC,bear,-1.033563197344199,89.48999786376953,86.89332439212173,86.89332439212173,94.68334480706514,86.89332439212173,stop,12,-0.03151635415838,-1.0,2026-07-23,0.0025,True
2026-07-07,control_naive_low,KPITTECH,bear,-1.0350603230062578,557.542145679677,514.7732288677897,514.7732288677897,643.0799793034515,643.0799793034515,target,16,0.15091949355146744,2.0,2026-07-29,0.0025,True
2026-07-07,control_naive_low,INDIAMART,bear,-1.035608036164254,1927.0,1849.4671191595307,1849.4671191595307,2082.0657616809385,1849.4671191595307,stop,11,-0.04273501859910184,-1.0,2026-07-22,0.0025,True
2026-07-07,control_naive_low,TATAELXSI,bear,-1.0407636022380333,3707.0,3541.2743451115884,3541.2743451115884,4038.451309776823,3533.0,stop,6,-0.049438224979767964,-1.0499279675024356,2026-07-15,0.0025,True
2026-07-07,control_naive_low,RELIANCE,bear,-1.0440472992283232,1297.0,1273.11724055142,1273.11724055142,1344.7655188971598,1273.11724055142,stop,1,-0.020913846914865027,-1.0,2026-07-08,0.0025,True
2026-07-07,control_naive_low,GICRE,bear,-1.0457167411923682,348.0028333671654,335.6960774964009,335.6960774964009,372.6163451086944,346.31793212890625,time,20,-0.007341630805003994,-0.1369086423711183,2026-08-04,0.0025,True
2026-07-07,control_naive_low,BHARTIHEXA,bear,-1.049160866728289,1477.741213351098,1423.2934295284376,1423.2934295284376,1586.6367809964186,1586.6367809964186,target,2,0.07119055329950247,2.0,2026-07-09,0.0025,True
2026-07-07,control_naive_low,ITC,bear,-1.0498091722052476,286.8999938964844,282.55245707396267,282.55245707396267,295.5950675415278,282.55245707396267,stop,1,-0.0176534922098685,-1.0,2026-07-08,0.0025,True
2026-07-14,momentum,SAILIFE,bear,0.757213679152829,1275.0,1207.7137066451596,1207.7137066451596,1409.5725867096808,1409.5725867096808,target,17,0.1030471268311221,2.0,2026-08-06,0.0025,True
2026-07-14,momentum,LAURUSLABS,bear,0.735178369243321,1565.800048828125,1496.0364973040112,1496.0364973040112,1705.3271518763527,1705.3271518763527,target,9,0.08660914465269837,2.0,2026-07-27,0.0025,True
2026-07-14,momentum,VIJAYA,bear,0.7196344601188891,1380.0854469329329,1298.7873593598,1298.7873593598,1542.6816220791989,1298.7873593598,stop,7,-0.06140801019154846,-1.0,2026-07-23,0.0025,True
2026-07-14,momentum,RRKABEL,bear,0.7099192618223761,2355.89990234375,2199.3059075311535,2199.3059075311535,2669.087891968943,2750.0,target,10,0.16478219109147302,2.516699941960663,2026-07-28,0.0025,True
2026-07-14,momentum,CAPLIPOINT,bear,0.7074571910212049,2668.10009765625,2512.4422786727596,2512.4422786727596,2979.415735623231,2512.4422786727596,stop,6,-0.06084032205921569,-1.0,2026-07-22,0.0025,True
2026-07-14,momentum,ADANIGREEN,bear,0.7003183529281115,1604.5,1522.1126288236876,1522.1126288236876,1769.2747423526248,1522.1126288236876,stop,3,-0.05384769160256303,-1.0,2026-07-17,0.0025,True
2026-07-14,momentum,JSWINFRA,bear,0.6999159635880899,345.5,329.9399053978161,329.9399053978161,376.62018920436776,329.9399053978161,stop,6,-0.04753645326247141,-1.0,2026-07-22,0.0025,True
2026-07-14,momentum,DIVISLAB,bear,0.6996252515615816,7230.184735870257,6922.355379776153,6922.355379776153,7845.843448058465,7885.5,target,12,0.08813603325079716,2.1288264135841946,2026-07-30,0.0025,True
2026-07-14,momentum,SHYAMMETL,bear,0.6940623754338098,1031.4069784853161,987.3417136296652,987.3417136296652,1119.537508196618,987.3417136296652,stop,18,-0.045223450369090534,-1.0,2026-08-07,0.0025,True
2026-07-14,momentum,OFSS,bear,0.6875505685950649,11650.0,11103.551056534165,11103.551056534165,12742.89788693167,11103.551056534165,stop,6,-0.04940548870951372,-1.0,2026-07-22,0.0025,True
2026-07-14,momentum,ACUTAAS,bear,0.6874944547954928,3482.395143907993,3244.8653269234974,3244.8653269234974,3957.454777876984,3244.8653269234974,stop,8,-0.07070874919953402,-1.0,2026-07-24,0.0025,True
2026-07-14,momentum,ASTERDM,bear,0.685320734628693,815.0,777.0122547216048,777.0122547216048,890.9754905567904,777.0122547216048,stop,8,-0.04911073040293895,-1.0,2026-07-24,0.0025,True
2026-07-14,momentum,SYRMA,bear,0.6767589388696654,1419.5479387576552,1340.1849203472586,1340.1849203472586,1578.2739755784482,1340.1849203472586,stop,4,-0.05840724782415779,-1.0,2026-07-20,0.0025,True
2026-07-14,momentum,PREMIERENE,bear,0.6744439698053789,1105.0,1051.6210944416114,1051.6210944416114,1211.7578111167772,1051.6210944416114,stop,4,-0.05080670186279518,-1.0,2026-07-20,0.0025,True
2026-07-14,reversal,CARTRADE,bear,0.8672058823529413,2915.0,2483.9577580023893,2483.9577580023893,3992.605604994027,2763.60009765625,time,20,-0.05443821692752998,-0.3512414505875487,2026-08-11,0.0025,True
2026-07-14,control_naive_low,ITC,bear,-1.0019999556107955,276.6499938964844,269.1648699432453,269.1648699432453,291.6202418029625,291.6202418029625,target,14,0.05161259077084818,2.0,2026-08-03,0.0025,True
2026-07-14,control_naive_low,RVNL,bear,-1.0259985943610155,226.59373169143316,217.45536043535208,217.45536043535208,244.87047420359534,229.28533935546875,time,20,0.009378561882289417,0.29453910205765266,2026-08-11,0.0025,True
2026-07-14,control_naive_low,HDFCLIFE,bear,-1.0261120442698235,558.5,534.8860778410709,534.8860778410709,605.7278443178582,534.8860778410709,stop,15,-0.044780970741144344,-1.0,2026-08-04,0.0025,True
2026-07-14,control_naive_low,JUBLFOOD,bear,-1.0310665613816272,423.2463213626823,399.3873890699618,399.3873890699618,470.9641859481233,470.9641859481233,target,15,0.11024253827371439,2.0,2026-08-04,0.0025,True
2026-07-14,control_naive_low,RELIANCE,bear,-1.0317587379339648,1294.0999755859375,1257.3719590793391,1257.3719590793391,1367.5560085991342,1257.3719590793391,stop,8,-0.030881127578623765,-1.0,2026-07-24,0.0025,True
2026-07-14,control_naive_low,WHIRLPOOL,bear,-1.0342208169784435,778.6438788868464,749.9932463490253,749.9932463490253,835.9451439624887,749.9932463490253,stop,6,-0.03929555354468367,-1.0,2026-07-22,0.0025,True
2026-07-14,control_naive_low,SUNTV,bear,-1.034874122896694,489.9308609135904,470.2374744354461,470.2374744354461,529.317633869879,478.7466125488281,time,20,-0.025328217728327215,-0.5679190004814316,2026-08-11,0.0025,True
2026-07-14,control_naive_low,IEX,bear,-1.0377119482136292,117.5,113.0760785972022,113.0760785972022,126.3478428055956,126.3478428055956,target,3,0.0728007898348561,2.0,2026-07-17,0.0025,True
2026-07-14,control_naive_low,BRITANNIA,bear,-1.0493546001993102,5224.489354357245,5052.788647183283,5052.788647183283,5567.890768705171,5567.890768705171,target,18,0.06322918252030257,2.0,2026-08-07,0.0025,True
2026-07-21,momentum,NAVINFLUOR,bear,0.741806521346209,7882.0,7561.012003973445,7561.012003973445,8523.97599205311,7561.012003973445,stop,3,-0.04322418117566035,-1.0,2026-07-24,0.0025,True
2026-07-21,momentum,SOLARINDS,bear,0.7236621397670265,19033.753626891805,18191.37048567271,18191.37048567271,20718.519909329996,18191.37048567271,stop,5,-0.0467573313562773,-1.0,2026-07-28,0.0025,True
2026-07-21,momentum,SAREGAMA,bear,0.714243873202244,516.9500122070312,487.07593921367334,487.07593921367334,576.6981581937471,487.07593921367334,stop,1,-0.0602890942797652,-1.0,2026-07-22,0.0025,True
2026-07-21,momentum,EXIDEIND,bear,0.6987579539749182,442.95001220703125,426.3134923342827,426.3134923342827,476.2230519525283,426.3134923342827,stop,4,-0.04005845900049948,-1.0,2026-07-27,0.0025,True
2026-07-21,momentum,MANAPPURAM,bear,0.6783233172712214,350.74214089604556,334.2830445475864,334.2830445475864,383.6603335929638,346.6000061035156,time,20,-0.014309629666820088,-0.2516623455404774,2026-08-18,0.0025,True
2026-07-21,momentum,SYRMA,bear,0.6665247094312837,1371.4971083276516,1293.280823875539,1293.280823875539,1527.929677231877,1293.280823875539,stop,3,-0.05952985735601474,-1.0,2026-07-24,0.0025,True
2026-07-21,momentum,WELSPUNLIV,bear,0.6583222429243191,165.85000610351562,156.58185035827108,156.58185035827108,184.3863175940047,156.58185035827108,stop,8,-0.05838275793888009,-1.0,2026-07-31,0.0025,True
2026-07-21,momentum,EMCURE,bear,0.6532805429864252,1917.1715014601393,1834.2072537085405,1834.2072537085405,2083.0999969633367,1870.861572265625,time,20,-0.02665533986356677,-0.5581913950834549,2026-08-18,0.0025,True
2026-07-21,momentum,LLOYDSME,bear,0.6524043428093349,1942.0,1849.6867959621618,1849.6867959621618,2126.6264080756764,1938.5999755859375,time,20,-0.004250784971195963,-0.036831398601102246,2026-08-18,0.0025,True
2026-07-21,control_naive_low,TATAELXSI,bear,-1.002200375696656,3456.0,3291.6244662537692,3291.6244662537692,3784.7510674924615,3784.7510674924615,target,10,0.0926247301772169,2.0,2026-08-04,0.0025,True
2026-07-21,control_naive_low,BALKRISIND,bear,-1.0362470979670635,2036.725750226212,1933.835392556192,1933.835392556192,2242.5064655662527,2242.5064655662527,target,7,0.09853506341842316,2.000000000000002,2026-07-30,0.0025,True
2026-07-21,control_naive_low,PATANJALI,bear,-1.0367153287200888,339.1711388053611,319.35848490863464,319.35848490863464,378.7964465988141,349.3542175292969,time,20,0.027523423454610178,0.5139684353754462,2026-08-18,0.0025,True
2026-07-21,control_naive_low,SWANCORP,bear,-1.0490445027134827,309.84692553178263,295.80421978912835,295.80421978912835,337.9323370170912,304.39959716796875,time,20,-0.020080708133426713,-0.3879115936516274,2026-08-18,0.0025,True
2026-07-28,momentum,SUNPHARMA,bear,0.7474882419712633,1977.0,1930.1668346567465,1930.1668346567465,2070.666330686507,1930.0,stop,7,-0.026273394031360694,-1.0035623186159568,2026-08-06,0.0025,True
2026-07-28,momentum,SAREGAMA,bear,0.7141754964222947,522.0,492.9793036293552,492.9793036293552,580.0413927412897,504.70001220703125,time,20,-0.03564173906698992,-0.5961258672782273,2026-08-25,0.0025,True
2026-07-28,momentum,NH,bear,0.710006364113915,2075.10009765625,1999.3474121548907,1999.3474121548907,2226.6054686589687,1999.0,stop,4,-0.03917297676011017,-1.0045861364860051,2026-08-03,0.0025,True
2026-07-28,momentum,LALPATHLAB,bear,0.7022843299733454,1800.3055533400254,1710.2111071537984,1710.2111071537984,1980.4944457124795,1980.4944457124795,target,11,0.0975879500916707,2.0,2026-08-12,0.0025,True
2026-07-28,momentum,ASTERDM,bear,0.6944144630329195,815.7999877929688,780.7667787003753,780.7667787003753,885.8664059781556,885.8664059781556,target,9,0.08338676052170774,2.0,2026-08-10,0.0025,True
2026-07-28,momentum,RADICO,bear,0.6943795020740026,4338.60009765625,4131.721805607281,4131.721805607281,4752.356681754189,4630.0,time,20,0.06466449909756994,1.4085571736776223,2026-08-25,0.0025,True
2026-07-28,momentum,CAPLIPOINT,bear,0.6830365173592373,2590.89990234375,2437.357732094238,2437.357732094238,2897.9842428427737,2437.357732094238,stop,12,-0.06176210044263625,-1.0,2026-08-13,0.0025,True
2026-07-28,momentum,GLAND,bear,0.679236373448462,2410.489005203924,2293.6061081092375,2293.6061081092375,2644.254799393297,2644.254799393297,target,9,0.09447857724499226,2.0,2026-08-10,0.0025,True
2026-07-28,momentum,NEULANDLAB,bear,0.66983720093542,18960.0,18019.673819850126,18019.673819850126,20840.652360299748,21800.0,target,7,0.14728902953586503,3.0202285759472813,2026-08-06,0.0025,True
2026-07-28,momentum,VIJAYA,bear,0.6568627450980392,1352.1243006759066,1282.5063196934123,1282.5063196934123,1491.3602626408954,1491.3602626408954,target,11,0.10047571154914298,2.0,2026-08-12,0.0025,True
2026-07-28,momentum,BHARATFORG,bear,0.652302572405109,2173.5,2082.5042956176353,2082.5042956176353,2355.4914087647294,2082.5042956176353,stop,9,-0.044365978551812624,-1.0,2026-08-10,0.0025,True
2026-07-28,momentum,TATATECH,bear,0.6500089944234575,749.0,698.0201858394129,698.0201858394129,850.9596283211743,850.9596283211743,target,8,0.13362767466111375,2.0,2026-08-07,0.0025,True
2026-07-28,momentum,NYKAA,bear,0.6482618276668466,331.0,318.3916287138884,318.3916287138884,356.2167425722232,334.0,time,20,0.006563444108761364,0.23793715555510053,2026-08-25,0.0025,True
2026-07-28,momentum,GRANULES,bear,0.6437758589674403,853.2226643185936,803.093978981604,803.093978981604,953.4800349925729,845.9500122070312,time,20,-0.011023744639824416,-0.14507964975885618,2026-08-25,0.0025,True
2026-07-28,momentum,MINDACORP,bear,0.6431057744198596,681.9829628373708,651.567373328266,651.567373328266,742.8141418555805,742.8141418555805,target,9,0.08669750541145976,2.0,2026-08-10,0.0025,True
2026-07-28,momentum,CUB,bear,0.6419684439264918,233.80955369808947,223.36316275214062,223.36316275214062,254.70233558998717,223.36316275214062,stop,1,-0.047179059434149295,-1.0,2026-07-29,0.0025,True
2026-07-28,control_naive_low,IRCTC,bear,-1.0013394280453594,486.95001220703125,473.42827481520095,473.42827481520095,513.9934869906918,513.9934869906918,target,4,0.053036449544564046,2.0,2026-08-03,0.0025,True
2026-07-28,control_naive_low,INDIAMART,bear,-1.0017241379310344,1764.0,1661.494334809606,1661.494334809606,1969.011330380788,1750.300048828125,time,20,-0.010266412228954134,-0.13365067332062786,2026-08-25,0.0025,True
2026-07-28,control_naive_low,GODIGIT,bear,-1.005937743514999,248.0,229.2433571922786,229.2433571922786,285.5132856154428,285.5132856154428,target,6,0.14876324844936611,2.0,2026-08-05,0.0025,True
2026-07-28,control_naive_low,HINDUNILVR,bear,-1.0102714184455954,2050.5,1950.8973999696884,1950.8973999696884,2249.705200060623,2024.199951171875,time,20,-0.015326163778651534,-0.2640498221946137,2026-08-25,0.0025,True
2026-07-28,control_naive_low,INOXWIND,bear,-1.0118587522113045,76.94000244140625,72.31523797678616,72.31523797678616,86.18953137064642,73.73999786376953,time,20,-0.04409090818945177,-0.6919281191760308,2026-08-25,0.0025,True
2026-07-28,control_naive_low,KEC,bear,-1.01238325517748,461.9691529878304,440.10095810652416,440.10095810652416,505.7055427504429,440.10095810652416,stop,11,-0.04983691576563404,-1.0,2026-08-12,0.0025,True
2026-07-28,control_naive_low,IRFC,bear,-1.0131365371647405,87.4000015258789,84.7878545087271,84.7878545087271,92.62429556018253,85.44999694824219,time,20,-0.024811264800828677,-0.7465140992572963,2026-08-25,0.0025,True
2026-07-28,control_naive_low,RELIANCE,bear,-1.0143222128695977,1275.0,1233.242267431469,1233.242267431469,1358.5154651370622,1317.0,time,20,0.030441176470588253,1.0058017381827742,2026-08-25,0.0025,True
2026-07-28,control_naive_low,HDFCBANK,bear,-1.028780193046415,743.0,713.1060527675558,713.1060527675558,802.7878944648885,727.5,time,20,-0.023361372812920552,-0.5184996106227708,2026-08-25,0.0025,True
2026-07-28,control_naive_low,DRREDDY,bear,-1.0314259542106607,1144.0,1087.5880388217001,1087.5880388217001,1256.8239223565997,1193.5,time,20,0.040769230769230835,0.8774734819721406,2026-08-25,0.0025,True
2026-07-28,control_naive_low,WHIRLPOOL,bear,-1.0361813699634395,777.3515702481129,745.4759456608687,745.4759456608687,841.1028194226014,762.7389526367188,time,20,-0.021297952137319495,-0.4584260795078423,2026-08-25,0.0025,True
2026-07-28,control_naive_low,VEDL,bear,-1.0386464127881976,260.1499938964844,246.9331284077719,246.9331284077719,286.5837248739093,275.0,time,20,0.05458247723205617,1.1235648963967966,2026-08-25,0.0025,True
2026-07-28,control_naive_low,JWL,bear,-1.0424358169276795,246.0,235.87981432516648,235.87981432516648,266.24037134966704,266.24037134966704,target,1,0.07977793231571967,2.0,2026-07-29,0.0025,True
2026-07-28,control_naive_low,UTIAMC,bear,-1.0448380977524925,902.0499877929688,864.2937600098513,864.2937600098513,977.5624433592036,889.9500122070312,time,20,-0.015913863698997773,-0.3204762842157649,2026-08-25,0.0025,True
2026-08-04,momentum,RAINBOW,bear,0.7489110776015196,1575.0,1514.658222901061,1514.658222901061,1695.683554197878,1514.658222901061,stop,5,-0.040812239427897745,-1.0,2026-08-11,0.0025,True
2026-08-04,momentum,TORNTPHARM,bear,0.7449134408800462,5068.5,4817.611971082395,4817.611971082395,5570.27605783521,4817.611971082395,stop,9,-0.05199946313852327,-1.0,2026-08-17,0.0025,True
2026-08-04,momentum,APOLLOHOSP,bear,0.7403013019533274,8998.524533420139,8821.018342031244,8821.018342031244,9353.536916197929,8821.018342031244,stop,1,-0.022226144072802597,-1.0,2026-08-05,0.0025,True
2026-08-04,momentum,WELCORP,bear,0.7290725249167612,1738.800048828125,1655.3304206135579,1655.3304206135579,1905.7393052572593,1905.7393052572593,target,10,0.09350831133035914,2.0,2026-08-18,0.0025,True
2026-08-04,momentum,MOTHERSON,bear,0.7249662918298176,152.0,144.50522397848928,144.50522397848928,166.98955204302143,166.98955204302143,target,3,0.09611547396724623,2.0,2026-08-07,0.0025,True
2026-08-04,momentum,MEDANTA,bear,0.6911297299612951,1434.3913028744134,1373.8867419191101,1373.8867419191101,1555.40042478502,1458.0999755859375,time,20,0.014028734288902668,0.3918493471762968,2026-09-01,0.0025,True
2026-08-04,momentum,BALRAMCHIN,bear,0.6852044991112826,655.0999755859375,624.5836718085864,624.5836718085864,716.1325831406398,624.5836718085864,stop,2,-0.049082666638106065,-1.0,2026-08-06,0.0025,True
2026-08-04,momentum,FEDERALBNK,bear,0.6791740430867135,360.7176630371959,349.7612331982125,349.7612331982125,382.6305227151627,349.7612331982125,stop,3,-0.03287397655199825,-1.0,2026-08-07,0.0025,True
2026-08-04,momentum,TITAN,bear,0.6626840998507642,4910.2001953125,4806.207891369075,4806.207891369075,5118.18480319935,5118.18480319935,target,4,0.039857663560317114,2.0,2026-08-10,0.0025,True
2026-08-04,reversal,NAUKRI,bear,0.8295691609977325,1265.9000244140625,1121.9940743869163,1121.9940743869163,1625.664899481928,1356.0,time,20,0.06867463768723864,0.626103198435792,2026-09-01,0.0025,True
2026-08-04,reversal,ECLERX,bear,0.7048979591836735,1923.8334683618102,1617.3417465214009,1617.3417465214009,2690.0627729628336,1973.800048828125,time,20,0.023472404206515033,0.16302750418927284,2026-09-01,0.0025,True
2026-08-04,control_naive_low,HDFCLIFE,bear,-1.0102733500603793,538.0,517.814679403552,517.814679403552,578.3706411928961,540.2999877929688,time,20,0.0017750702471539003,0.11394358499183181,2026-09-01,0.0025,True
2026-08-04,control_naive_low,DABUR,bear,-1.028795008584617,412.0,395.00172858701853,395.00172858701853,445.99654282596293,395.00172858701853,stop,15,-0.04375794032277053,-1.0,2026-08-25,0.0025,True
2026-08-04,control_naive_low,GICRE,bear,-1.0374964157991136,350.45794628447953,337.8506409200452,337.8506409200452,375.67255701334824,337.8506409200452,stop,7,-0.03847380369911929,-1.0,2026-08-13,0.0025,True
2026-08-04,control_naive_low,EMAMILTD,bear,-1.0409139058081909,397.54998779296875,374.0298314916852,374.0298314916852,444.5903003955359,374.0298314916852,stop,19,-0.06166276449122193,-1.0,2026-08-31,0.0025,True
2026-08-04,control_naive_low,UPL,bear,-1.043296908409498,581.0,556.9817343457793,556.9817343457793,629.0365313084415,567.0999755859375,time,20,-0.026424310523343427,-0.5787272326059834,2026-09-01,0.0025,True
2026-08-11,momentum,JINDALSAW,bear,0.7447079441925208,273.5,260.2993013803278,260.2993013803278,299.9013972393444,299.9013972393444,target,11,0.09403161696286805,2.0,2026-08-26,0.0025,True
2026-08-11,momentum,BELRISE,bear,0.7442979126400782,255.0,243.54265039637284,243.54265039637284,277.91469920725433,243.54265039637284,stop,4,-0.047430782759322165,-1.0,2026-08-17,0.0025,True
2026-08-11,momentum,MINDACORP,bear,0.7410736132327717,720.8892053397063,686.900570588363,686.900570588363,788.8664748423929,686.900570588363,stop,12,-0.049648208767152646,-1.0,2026-08-27,0.0025,True
2026-08-11,momentum,EXIDEIND,bear,0.7141448810968477,485.0,459.2891704803884,459.2891704803884,536.4216590392232,459.2891704803884,stop,6,-0.05551201962806512,-1.0,2026-08-19,0.0025,True
2026-08-11,momentum,ZYDUSLIFE,bear,0.7087370058585662,1190.0,1149.5718987454954,1149.5718987454954,1270.856202509009,1149.5718987454954,stop,3,-0.03647319433151647,-1.0,2026-08-14,0.0025,True
2026-08-11,momentum,RRKABEL,bear,0.6958778966131908,2835.0,2660.622625563017,2660.622625563017,3183.7547488739656,2660.622625563017,stop,16,-0.06400877405184574,-1.0,2026-09-02,0.0025,True
2026-08-11,momentum,GABRIEL,bear,0.662945632798574,1510.0,1400.0419772233236,1400.0419772233236,1729.916045553353,1400.0419772233236,stop,9,-0.07531988263356054,-1.0,2026-08-24,0.0025,True
2026-08-11,momentum,SAILIFE,bear,0.6597370766488414,1446.4000244140625,1372.1719072922845,1372.1719072922845,1594.8562586576186,1594.8562586576186,target,16,0.10013843455319055,2.0,2026-09-02,0.0025,True
2026-08-11,momentum,HSCL,bear,0.6585338680926915,760.0,712.2168329061516,712.2168329061516,855.5663341876968,712.2168329061516,stop,6,-0.06537258828137954,-1.0,2026-08-19,0.0025,True
2026-08-11,momentum,AUROPHARMA,bear,0.6558959821729603,1658.0,1595.8241723514216,1595.8241723514216,1782.3516552971569,1692.0,time,20,0.018006634499396938,0.5468363073857266,2026-09-08,0.0025,True
2026-08-11,momentum,OFSS,bear,0.6490864527629234,11851.0,11324.033488119496,11324.033488119496,12904.933023761008,11324.033488119496,stop,3,-0.04696599543333929,-1.0,2026-08-14,0.0025,True
2026-08-11,momentum,ANANDRATHI,bear,0.6468805704099823,2170.0,2084.8467886083195,2084.8467886083195,2340.306422783361,2229.5,time,20,0.02491935483870961,0.6987405293068388,2026-09-08,0.0025,True
2026-08-11,momentum,IIFL,bear,0.6423617369062302,622.0,591.9438982673694,591.9438982673694,682.1122034652612,682.1122034652612,target,8,0.09414341393128817,2.0,2026-08-21,0.0025,True
2026-08-11,momentum,SYRMA,bear,0.6399732620320856,1493.2725858670392,1407.2666069640197,1407.2666069640197,1665.2845436730781,1407.2666069640197,stop,14,-0.06009563238287258,-1.0,2026-08-31,0.0025,True
2026-08-11,momentum,AJANTPHARM,bear,0.6374331550802138,3500.0,3363.798546300631,3363.798546300631,3772.4029073987376,3772.4029073987376,target,5,0.07532940211392497,2.0,2026-08-18,0.0025,True
2026-08-11,momentum,ASTERDM,bear,0.6364304812834225,854.9500122070312,813.5289152494549,813.5289152494549,937.7922061221839,779.9000244140625,stop,6,-0.09028289574992715,-1.8118783254300415,2026-08-19,0.0025,True
2026-08-11,momentum,CARBORUNIV,bear,0.6350935828877006,1180.0,1110.2778788312626,1110.2778788312626,1319.4442423374749,1110.2778788312626,stop,6,-0.061586543363336854,-1.0,2026-08-19,0.0025,True
2026-08-11,reversal,KALYANKJIL,bear,0.8321022727272727,602.5414667237706,546.0629150944617,546.0629150944617,743.7378457970427,610.1105346679688,time,20,0.01006190380614619,0.13401667935603218,2026-09-08,0.0025,True
2026-08-11,control_naive_low,ITC,bear,-1.0145454545454546,279.0,272.12153311595745,272.12153311595745,292.7569337680851,272.12153311595745,stop,5,-0.027154003168611326,-1.0,2026-08-18,0.0025,True
2026-08-11,control_naive_low,AFCONS,bear,-1.0175607398139193,265.0,248.69301351026252,248.69301351026252,297.61397297947497,280.25,time,20,0.055047169811320795,0.9351819853163748,2026-09-08,0.0025,True
2026-08-11,control_naive_low,BLUESTARCO,bear,-1.0381007804897817,1497.9000244140625,1413.895744540337,1413.895744540337,1665.9085841615133,1460.9000244140625,time,20,-0.0272012480118447,-0.44045374897110146,2026-09-08,0.0025,True
2026-08-11,control_naive_low,RVNL,bear,-1.0446947845944774,230.44173863077455,221.31303574662365,221.31303574662365,248.69914439907635,221.31303574662365,stop,6,-0.04211392991734614,-1.0,2026-08-19,0.0025,True
2026-08-11,control_naive_low,MFSL,bear,-1.0456194374496501,1500.4000244140625,1440.1324309963034,1440.1324309963034,1620.9352112495808,1498.699951171875,time,20,-0.00363307998835277,-0.028208746123360832,2026-09-08,0.0025,True
2026-08-18,momentum,AJANTPHARM,bear,0.7309021793602277,3706.39990234375,3561.691160546434,3561.691160546434,3995.8173859383824,3561.691160546434,stop,4,-0.04154293805582315,-1.0,2026-08-24,0.0025,True
2026-08-18,momentum,LAURUSLABS,bear,0.7286319073083778,1814.0,1752.8851049495436,1752.8851049495436,1936.2297901009129,1936.2297901009129,target,8,0.06488136168738307,2.0,2026-08-28,0.0025,True
2026-08-18,momentum,CRAFTSMAN,bear,0.7259121775641777,10910.0,10373.679500190898,10373.679500190898,11982.640999618205,10373.679500190898,stop,5,-0.051658615931173435,-1.0,2026-08-25,0.0025,True
2026-08-18,momentum,AEGISLOG,bear,0.7086007130124777,1372.0999755859375,1258.6162612096336,1258.6162612096336,1599.0674043385452,1258.6162612096336,stop,9,-0.08520805072191778,-1.0,2026-08-31,0.0025,True
2026-08-18,momentum,DATAPATTNS,bear,0.6915329768270946,4755.0,4464.288310336211,4464.288310336211,5336.423379327578,4464.288310336211,stop,10,-0.0636381050817642,-1.0,2026-09-01,0.0025,True
2026-08-18,momentum,HONASA,bear,0.6910973183419108,474.04855041825925,446.10849192967487,446.10849192967487,529.928667395428,469.29998779296875,time,20,-0.012517038594677286,-0.16995535736729572,2026-09-16,0.0025,True
2026-08-18,momentum,SONACOMS,bear,0.6751782531194296,829.0,791.0926939381726,791.0926939381726,904.8146121236548,791.0926939381726,stop,11,-0.048226545309803914,-1.0,2026-09-02,0.0025,True
2026-08-18,momentum,BAJAJ-AUTO,bear,0.6618761140819965,11607.0,11286.113749722079,11286.113749722079,12248.772500555842,12248.772500555842,target,10,0.05279184979373158,2.0,2026-09-01,0.0025,True
2026-08-18,momentum,ABB,bear,0.6617869875222816,7525.0,7256.125456984762,7256.125456984762,8062.749086030475,7256.125456984762,stop,18,-0.03823083628109475,-1.0,2026-09-11,0.0025,True
2026-08-18,momentum,LALPATHLAB,bear,0.6596033868092692,1894.0,1817.98389619813,1817.98389619813,2046.03220760374,1895.699951171875,time,20,-0.0016024545027058502,0.022363040025121367,2026-09-16,0.0025,True
2026-08-18,momentum,DIVISLAB,bear,0.6594919786096257,8600.0,8320.429583167128,8320.429583167128,9159.140833665744,9159.140833665744,target,8,0.06251637600764476,2.0,2026-08-28,0.0025,True
2026-08-18,momentum,TBOTEK,bear,0.6527823704473334,1715.0,1618.2302387930047,1618.2302387930047,1908.5395224139907,1618.2302387930047,stop,20,-0.05892551673877283,-1.0,2026-09-16,0.0025,True
2026-08-18,momentum,CAPLIPOINT,bear,0.6489304812834223,2530.0,2394.136416206644,2394.136416206644,2801.7271675867123,2801.7271675867123,target,12,0.10490204252439222,2.0,2026-09-03,0.0025,True
2026-08-18,momentum,KEI,bear,0.6458301668764237,5790.39990234375,5558.879296016488,5558.879296016488,6253.441114998273,5558.879296016488,stop,3,-0.04248352622131507,-1.0,2026-08-21,0.0025,True
2026-08-18,momentum,LODHA,bear,0.6436497326203209,1217.0,1149.6996284884322,1149.6996284884322,1351.6007430231357,1149.6996284884322,stop,17,-0.05780022309906968,-1.0,2026-09-10,0.0025,True
2026-08-18,momentum,FEDERALBNK,bear,0.6426693404634581,357.79998779296875,347.8834225960316,347.8834225960316,377.63311818684303,347.8834225960316,stop,5,-0.030215387186304506,-1.0,2026-08-25,0.0025,True
2026-08-18,reversal,SUPREMEIND,bear,0.5951136363636365,3622.89990234375,3334.1532205396034,3334.1532205396034,4344.766606854117,3334.1532205396034,stop,19,-0.08220043048038633,-1.0,2026-09-15,0.0025,True
2026-08-18,control_naive_low,ITC,bear,-1.0031581130328486,270.0,263.4755538463436,263.4755538463436,283.0488923073128,263.4755538463436,stop,9,-0.02666461538391268,-1.0,2026-08-31,0.0025,True
2026-08-18,control_naive_low,KEC,bear,-1.0037470868934792,428.6000061035156,410.78628015749206,410.78628015749206,464.22745799556276,410.78628015749206,stop,11,-0.04406258910953259,-1.0,2026-09-02,0.0025,True
2026-08-18,control_naive_low,IRCTC,bear,-1.015969503801649,492.0,478.4865251452502,478.4865251452502,519.0269497094996,478.4865251452502,stop,11,-0.02996641230640201,-1.0,2026-09-02,0.0025,True
2026-08-18,control_naive_low,PIIND,bear,-1.0236060236060236,2521.699951171875,2414.2072312875257,2414.2072312875257,2736.6853909405736,2414.2072312875257,stop,9,-0.04512708568257523,-1.0,2026-08-31,0.0025,True
2026-08-18,control_naive_low,ABFRL,bear,-1.0272846747330657,55.0,51.904907102183515,51.904907102183515,61.19018579563297,51.904907102183515,stop,9,-0.05877441632393615,-1.0,2026-08-31,0.0025,True
2026-08-18,control_naive_low,SWANCORP,bear,-1.0301031031329184,303.8498857301944,294.0200913656034,294.0200913656034,323.5094744593764,294.0200913656034,stop,9,-0.03485082462173256,-1.0,2026-08-31,0.0025,True
2026-08-18,control_naive_low,GODREJCP,bear,-1.0312223606488249,938.0999755859375,888.3918199860249,888.3918199860249,1037.5162867857628,888.3918199860249,stop,12,-0.055488121621967756,-1.0,2026-09-03,0.0025,True
2026-08-18,control_naive_low,GICRE,bear,-1.0380732117697749,346.51047638529906,338.1367836473038,338.1367836473038,363.2578618612896,338.1367836473038,stop,5,-0.026665770759220105,-1.0,2026-08-25,0.0025,True
