symbol,model,date,exit_date,entry,stop,exit,qty,value,cost,exit_reason,hold_days,r_multiple,pnl,pct
BHARTIARTL,trend_lowbeta,2009-01-02,2009-01-07,290.5469510109497,250.80495819373687,250.80495819373687,251,72927.28470374839,182.31821175937097,stop,3,-1.0,-10157.558408879799,-0.13928337590166318
PNB,trend_lowbeta,2009-01-02,2009-01-09,82.40839284589413,69.67003966113141,68.5733518166165,785,64690.58838402689,161.72647096006722,stop,4,-1.0860933771114736,-11022.23367894301,-0.17038388356449963
BANKINDIA,trend_lowbeta,2009-01-02,2009-01-13,215.04771239160914,183.651812232939,183.651812232939,318,68385.17254053171,170.96293135132927,stop,6,-1.0,-10154.859181808435,-0.1484950436556942
PNB,trend_lowbeta,2009-01-12,2009-01-15,69.59649786189632,60.58454628133121,60.18505300396785,1086,75581.79667801941,188.95449169504852,stop,3,-1.0443292747183517,-10409.78360740537,-0.13772871332698458
PNB,trend_lowbeta,2009-01-19,2009-01-30,67.7081888519765,57.06110155281281,56.46110585223994,900,60937.36996677885,152.34342491694713,stop,8,-1.056353036630027,-10274.718124679854,-0.16861111876474663
DRREDDY,trend_lowbeta,2009-01-02,2009-02-16,83.929831102609,72.2592548140948,72.2592548140948,856,71843.9354238333,179.60983855958327,stop,29,-1.0,-10169.623141527736,-0.14155158791808187
BANKINDIA,trend_lowbeta,2009-01-19,2009-02-18,181.0343221859572,154.98482240616553,154.98482240616553,367,66439.59624224629,166.09899060561574,stop,21,-1.0,-9726.265409789155,-0.14639260260291304
PNB,trend_lowbeta,2009-02-03,2009-02-26,60.48598802754998,50.093505632626986,50.093505632626986,912,55163.22108112558,137.90805270281396,stop,16,-1.0,-9615.851996872585,-0.1743163616702344
SUNPHARMA,trend_lowbeta,2009-01-02,2009-03-02,92.989179403031,81.29671360883577,86.58526294397163,855,79505.7483895915,198.76437097397877,stop,38,-0.5476959754920664,-5674.112943469743,-0.07136732951264904
HINDUNILVR,trend_lowbeta,2009-01-02,2009-03-04,178.07055513358412,163.16610890727003,171.99567808052961,670,119307.27193950136,298.2681798487534,stop,40,-0.4075882431867339,-4368.435805395274,-0.03661500036318349
HINDUNILVR,trend_lowbeta,2009-03-04,2009-03-05,173.94190866472496,160.13964691676767,160.13964691676767,658,114453.77590138903,286.1344397534726,stop,1,-1.0,-9368.022669909367,-0.08184983497600515
BANKINDIA,trend_lowbeta,2009-02-25,2009-03-06,158.49017974423847,138.87503800190862,138.87503800190862,473,74965.85501902479,187.414637547562,stop,7,-1.0,-9465.376681669582,-0.12626250550023693
HEROMOTOCO,trend_lowbeta,2009-01-02,2009-04-06,450.49105410281436,402.57383143097616,596.960693359375,208,93702.1392533854,234.25534813346349,time,60,3.0567222198928365,30231.42961723115,0.32263329159946486
CIPLA,trend_lowbeta,2009-01-02,2009-04-06,173.4833166343755,151.9824497934125,197.08343505859375,465,80669.74223498462,201.67435558746155,time,60,1.0976356720304778,10772.380711674019,0.1335368183066077
INFY,trend_lowbeta,2009-01-02,2009-04-06,93.69587787889934,80.88017088792978,116.21987915039062,780,73082.78474554149,182.70696186385373,time,60,1.757530917908982,17386.01402989935,0.23789479410826647
NTPC,trend_lowbeta,2009-01-02,2009-04-06,86.78153548234587,77.10992665927972,87.6436767578125,1033,89645.32615326329,224.11331538315824,time,60,0.0891414542542784,666.4786221738672,0.007434616513463439
BHARTIARTL,trend_lowbeta,2009-01-12,2009-04-16,253.6482440263958,215.49105212069938,273.181640625,256,64933.95047075732,162.33487617689332,time,60,0.5119191330137717,4838.214653065786,0.07450978445004129
CIPLA,trend_lowbeta,2009-04-06,2009-04-20,193.25396567609863,181.46764728306718,192.76561317871594,804,155376.1884035833,388.4404710089583,stop,7,-0.04143384567579865,-781.0758789046429,-0.005026998582793331
ACC,trend_lowbeta,2009-04-06,2009-05-11,446.8940164298756,403.42087673996497,458.76256117618533,218,97422.89558171287,243.55723895428218,stop,20,0.27300868607528306,2343.7855157412405,0.024057851101083362
SUNPHARMA,trend_lowbeta,2009-03-04,2009-05-19,85.89291537856198,76.91220609421312,123.92119240652674,1011,86837.73744772616,217.0943436193154,stop,46,4.23444026790162,38229.49373165306,0.4402405550313437
HEROMOTOCO,trend_lowbeta,2009-04-06,2009-05-19,584.364630646311,544.6834171816178,761.3056488003587,239,139663.14672446833,349.15786681117083,stop,26,4.459062682432404,41939.74547200623,0.30029214188297093
CIPLA,trend_lowbeta,2009-04-23,2009-05-19,211.15447731166182,180.6437337983561,188.9759740218001,312,65880.19692123849,164.7004923030962,stop,16,-0.7269079916125174,-7084.393518739949,-0.10753449215110163
DRREDDY,trend_lowbeta,2009-02-17,2009-05-25,70.2360269162519,62.332490348712795,114.96621704101562,1186,83299.92792267476,208.2498198066869,time,60,5.659515805680797,52841.75566816309,0.6343553588331405
TATAPOWER,trend_lowbeta,2009-03-04,2009-06-08,51.20984512099964,44.881878649688396,82.70331573486328,1435,73486.12774863448,183.7153193715862,time,60,4.97687065136073,45009.41501152274,0.6124885932958838
PNB,trend_lowbeta,2009-03-13,2009-06-09,51.75914711690341,42.42149496709567,92.26768694807456,952,49274.708055292045,123.18677013823012,stop,56,4.33819328255928,38440.94314913671,0.780135381137143
HINDUNILVR,trend_lowbeta,2009-03-13,2009-06-15,165.14608419416905,148.4311678432857,188.98455810546875,532,87857.71679129793,219.64429197824484,time,60,1.4261796715506672,12462.423828833194,0.14184779987439378
NTPC,trend_lowbeta,2009-04-06,2009-06-18,86.9552592374573,79.4060848753094,97.35729446019879,1256,109215.80560224637,273.03951400561596,stop,48,1.3779036916802512,12791.916725757696,0.11712514187135739
ACC,trend_lowbeta,2009-05-11,2009-06-18,462.4383006828558,399.8960381938399,615.2614114791884,152,70290.62170379408,175.7265542594852,stop,28,2.4435174666598027,23053.386286783065,0.32797243398885334
ADANIPORTS,trend_lowbeta,2009-04-16,2009-06-23,70.01813812623895,58.5694443918591,109.5374328466075,832,58255.09092103081,145.63772730257702,stop,46,3.4518605910204494,32734.415480044056,0.5619151041136995
SUNPHARMA,trend_lowbeta,2009-05-25,2009-06-26,116.01693150676239,97.34415310217028,97.34415310217028,578,67057.78641090867,167.64446602727168,stop,24,-1.0,-10960.51038388151,-0.16344873534475188
JPPOWER,trend_lowbeta,2009-06-29,2009-07-09,94.82522611893056,76.47459852126626,76.47459852126626,672,63722.551951921334,159.30637987980333,stop,8,-1.0,-12490.928125510212,-0.19602052558934893
HEROMOTOCO,trend_lowbeta,2009-05-25,2009-08-07,750.724514395653,635.901334730777,823.6950107129315,94,70568.10435319139,176.42026088297848,stop,54,0.6355031843766287,6682.806392941201,0.09470009792942632
BAJAJ-AUTO,trend_lowbeta,2009-06-15,2009-08-10,322.3216266105188,270.87308147582036,362.2360164587267,228,73489.3308671983,183.72332716799573,stop,40,0.7758118279867234,8916.757558223397,0.12133404200314143
UNIONBANK,trend_lowbeta,2009-07-13,2009-08-12,153.06257786580102,127.01087824146087,143.4718396454671,469,71786.34901906068,179.4658725476517,stop,22,-0.3681425150232147,-4677.52209788426,-0.06515893567232799
CIPLA,trend_lowbeta,2009-05-25,2009-08-17,199.933299655828,168.64775685600134,238.7261505126953,345,68976.98838126066,172.44247095315166,time,60,1.2399609335556183,13211.091074666072,0.1915289632774863
DRREDDY,trend_lowbeta,2009-05-25,2009-08-17,115.73483586386754,98.98384542532325,141.10623168945312,645,74648.96913219457,186.62242283048644,time,60,1.5146206380254148,16177.927884672212,0.21672004413112522
TATACONSUM,trend_lowbeta,2009-06-08,2009-08-31,59.16190541332574,53.562780868406165,75.87266540527344,2011,118974.59178619807,297.4364794654952,time,60,2.9845308597592064,33307.90186434132,0.27995811008283944
GVT&D,trend_lowbeta,2009-06-15,2009-09-07,316.1795686976437,256.4241982320746,278.21759033203125,196,61971.19546473816,154.9279886618454,time,60,-0.6352898169627457,-7595.47574832188,-0.12256461556633572
NTPC,trend_lowbeta,2009-06-22,2009-09-14,86.40923504848269,77.49774593789896,97.75430297851562,1360,117516.55966593645,293.79139916484115,time,60,1.2730832960968297,15135.500985679955,0.1287946228914933
ONGC,trend_lowbeta,2009-06-22,2009-09-14,75.55173995569041,64.98120004541781,92.11480712890625,1147,86657.8457291769,216.64461432294226,time,60,1.5669083427914234,18781.19343335563,0.2167281366773254
NLCINDIA,trend_lowbeta,2009-06-29,2009-09-22,62.46176031089637,50.54608429110081,68.10953521728516,1036,64710.38368208864,161.7759592052216,time,60,0.47397855539258626,5689.318843813558,0.08791972045420461
DRREDDY,trend_lowbeta,2009-08-17,2009-10-22,140.29582463194458,128.75783403886822,159.5291835967983,1094,153483.63214734738,383.70908036836846,stop,43,1.6669591476695387,20657.585627181605,0.13459145667956246
PNB,trend_lowbeta,2009-09-07,2009-10-27,104.02068028348289,97.79044988943609,128.82458791405818,2067,215010.74614595913,537.5268653648978,stop,31,3.9812183598019564,50732.15020703424,0.23595169597986015
SBIN,trend_lowbeta,2009-09-14,2009-10-27,160.96725405663526,146.80799191988547,183.83534213022247,933,150182.4480348407,375.45612008710174,stop,26,1.6150621305494461,20960.47005256977,0.13956670920497427
BAJAJ-AUTO,trend_lowbeta,2009-08-10,2009-10-29,354.5220288283849,291.18900229501486,451.97489984388017,195,69131.79562153506,172.82948905383765,stop,53,1.5387369963149875,18830.480358967736,0.27238523445935064
LUPIN,trend_lowbeta,2009-08-31,2009-10-29,186.4051432599716,163.86587341122322,207.60463915754846,574,106996.5522312237,267.49138057805925,stop,38,0.9405582363509478,11901.019264631062,0.11122806311471138
JINDALSTEL,trend_lowbeta,2009-09-14,2009-11-03,557.8615474732921,487.0974970636488,594.923593057077,186,103762.24783003234,259.40561957508083,stop,30,0.5237411562684414,6634.1348590089065,0.06393592079728212
NTPC,trend_lowbeta,2009-09-22,2009-11-04,100.56634794745926,94.3710800847684,96.32552865920309,2143,215513.6836514052,538.784209128513,stop,26,-0.6845255737520617,-9626.859943861498,-0.04466936753507034
UNIONBANK,trend_lowbeta,2009-08-17,2009-11-05,146.87859075199452,125.08042763200716,164.97218120434127,579,85042.70404540483,212.60676011351208,stop,52,0.8300511539780253,10263.582111795253,0.12068739143472511
HEROMOTOCO,trend_lowbeta,2009-08-10,2009-11-10,802.3439791152085,695.8160977412084,851.4270629882812,116,93071.90157736419,232.67975394341047,time,60,0.4607534031466457,5460.957975333025,0.05867461481695108
AUROPHARMA,trend_lowbeta,2009-08-17,2009-11-17,58.30210921017779,49.564879027617245,68.96405029296875,1444,84188.24569949672,210.4706142487418,time,60,1.2202884506891127,15185.372309301405,0.1803740199493453
MPHASIS,trend_lowbeta,2009-10-26,2009-11-25,417.98812651831804,379.3114596532148,418.3768882410632,348,145459.86802837468,363.6496700709367,stop,21,0.01005158288590671,-228.36059055561162,-0.001569921612406974
GODREJIND,trend_lowbeta,2009-11-10,2009-12-11,175.48361554654858,152.61872689739747,167.1865454151455,640,112309.51394979109,280.7737848744777,stop,23,-0.36287384813969403,-5590.898668972445,-0.0497811669942041
MARUTI,trend_lowbeta,2009-11-03,2010-01-08,1253.881024629718,1125.7377723115799,1264.9917191268366,113,141688.55578315814,354.2213894578953,stop,45,0.08670526380534169,901.2870887165097,0.0063610436547596
ULTRACEMCO,trend_lowbeta,2009-11-10,2010-01-22,673.2870328171916,604.1041494673848,853.0642540785574,211,142063.56392442744,355.1589098110686,stop,50,2.5985794831991154,37577.834776337106,0.2645142338983353
GODREJIND,trend_lowbeta,2009-12-15,2010-01-25,164.9157180821886,142.29297645908986,144.83537456225702,651,107360.13247150477,268.4003311787619,stop,26,-0.8876175953593853,-13340.703962654217,-0.12426124722037829
LICHSGFIN,trend_lowbeta,2009-11-03,2010-01-27,109.197474689517,90.35730050562648,114.26095831774035,773,84409.64793499664,211.0241198374916,stop,57,0.2687599158479616,3703.04872477916,0.04386997002559299
TMPV,trend_lowbeta,2010-01-22,2010-01-27,140.48431890249893,129.1614125299254,129.1614125299254,1334,187406.08141593356,468.5152035398339,stop,2,-1.0,-15573.272304552918,-0.08309907654484927
OFSS,trend_lowbeta,2009-11-03,2010-01-29,1055.962558975152,910.8495991826385,1114.1858553309744,100,105596.25589751519,263.990639743788,stop,59,0.40122740545759444,5558.338995838453,0.052637652240558726
JINDALSTEL,trend_lowbeta,2009-11-03,2010-01-29,608.1712139053611,517.3480239413565,608.2795308811803,160,97307.39422485778,243.26848556214446,stop,59,0.0011926136470447207,-225.93776943107133,-0.0023218972333076218
BAJAJ-AUTO,trend_lowbeta,2009-11-03,2010-02-01,474.8356633096237,408.38842626059704,564.0256958007812,219,103989.0102648076,259.972525662019,time,60,1.3422684892879828,19272.64458990148,0.18533347457412824
MARUTI,trend_lowbeta,2010-01-08,2010-02-05,1260.1733642620081,1158.3148137852713,1158.3148137852713,144,181464.96445372916,453.6624111343229,stop,19,-1.0,-15121.293679784423,-0.08332899810883398
LUPIN,trend_lowbeta,2009-11-10,2010-02-08,241.17790713764552,210.08956087946606,274.5075988769531,470,113353.6163546934,283.3840408867335,time,60,1.072096002229081,15381.571076587841,0.13569545967071361
TMPV,trend_lowbeta,2010-02-01,2010-02-08,131.78303118895528,116.56091049765138,116.56091049765138,992,130728.76693944364,326.8219173486091,stop,5,-1.0,-15427.165643122078,-0.11800895858115354
AUROPHARMA,trend_lowbeta,2009-11-17,2010-02-16,68.98199035062007,61.06122436437896,83.87450408935547,1866,128720.39399425704,321.80098498564263,time,60,1.8801860532939214,27467.62965149462,0.213389881736379
MPHASIS,trend_lowbeta,2009-12-01,2010-03-03,425.976138875424,373.3185984837193,426.2059326171875,280,119273.31888511872,298.1832972127968,time,60,0.004363928509651799,-233.84104951901645,-0.0019605478551682353
TECHM,trend_lowbeta,2010-02-01,2010-04-01,164.52322841328134,141.06993299439287,141.06993299439287,644,105952.95909815318,264.88239774538295,stop,40,-1.0,-15368.80464750956,-0.14505309505581754
M&M,trend_lowbeta,2010-02-08,2010-04-12,203.7200020520513,184.3268480875834,197.7825707562221,771,157068.12158213157,392.67030395532896,stop,41,-0.30616120032397803,-4970.429833039652,-0.031645058099460326
APOLLOTYRE,trend_lowbeta,2010-04-19,2010-04-23,59.88346000549766,53.455466770864795,50.44978343537908,2337,139947.64603284805,349.8691150821201,stop,4,-1.4675927969699214,-22396.37125944924,-0.16003392621689713
VEDL,trend_lowbeta,2010-02-01,2010-04-27,110.15668521084471,96.09052860673859,128.3638677349809,1073,118198.12323123637,295.49530807809094,stop,56,1.2943964038350901,19240.81154032002,0.16278440819807558
TMPV,trend_lowbeta,2010-02-08,2010-04-28,120.09405272043976,107.23297250866116,133.5630191171061,1162,139549.28926115102,348.87322315287753,stop,52,1.0472655620583895,15302.065729773416,0.10965348380339865
OFSS,trend_lowbeta,2010-02-01,2010-05-03,1169.7628202484416,1011.1410838144665,1131.494140625,95,111127.46792360194,277.81866980900486,time,60,-0.24125747507101955,-3913.3432340359554,-0.035214905073931005
BAJAJ-AUTO,trend_lowbeta,2010-02-01,2010-05-03,572.7488589507196,513.3213893888501,689.490966796875,254,145478.21017348277,363.69552543370696,time,60,1.9644468914264628,29288.799867489754,0.20132774408320572
JINDALSTEL,trend_lowbeta,2010-02-01,2010-05-03,639.1608643779977,580.3397652313237,707.7254028320312,256,163625.1812807674,409.0629532019185,time,60,1.1656453117794305,17143.45889103068,0.10477274192664704
JINDALSAW,trend_lowbeta,2010-05-03,2010-05-05,84.71875631016428,78.32126441379948,78.32126441379948,2433,206120.7341026297,515.3018352565742,stop,2,-1.0,-16080.399619112128,-0.07801446899129287
JSWSTEEL,trend_lowbeta,2010-05-03,2010-05-05,102.84434302990337,93.98396264309349,93.7290444896491,1757,180697.51070354023,451.7437767588506,stop,2,-1.0287705654064108,-16467.323311985605,-0.09113198763984398
AUROPHARMA,trend_lowbeta,2010-02-16,2010-05-07,84.20807934910805,76.59025393170467,78.07631125389825,1999,168331.95061886698,420.82987654716743,stop,54,-0.8049236834965264,-12678.234298871545,-0.0753168620232845
INDUSINDBK,trend_lowbeta,2010-02-08,2010-05-10,134.04255059743085,118.90970680844002,164.74171447753906,988,132434.03999026166,331.08509997565415,time,60,2.028644735131801,29999.68881357126,0.22652551274413468
ENGINERSIN,trend_lowbeta,2010-04-01,2010-05-12,118.45521608950732,105.7444453030203,140.37520987442372,1185,140369.43106606617,350.92357766516545,stop,27,1.7245212074959155,25624.26905746077,0.18254878475214786
VEDL,trend_lowbeta,2010-05-03,2010-05-17,120.57691606910164,108.39346002367432,108.39346002367432,1278,154097.2987363119,385.24324684077976,stop,10,-1.0,-15955.700072896896,-0.10354302251722114
YESBANK,trend_lowbeta,2010-05-10,2010-05-17,50.4158498962168,45.83116435480726,45.83116435480726,3363,169548.50320097708,423.8712580024427,stop,5,-1.0,-15842.16873376273,-0.09343738478766726
JINDALSAW,trend_lowbeta,2010-05-10,2010-05-19,79.58489305519305,71.82606416425229,71.82606416425229,1987,158135.1825006686,395.3379562516715,stop,7,-1.0,-15812.130962550966,-0.0999912272051421
JSWSTEEL,trend_lowbeta,2010-05-10,2010-05-19,100.95813450462423,90.66678851495072,90.74312611331383,1498,151235.2854879271,378.0882137198177,stop,7,-0.9925823504097803,-15680.170783902782,-0.10368063731499029
TMPV,trend_lowbeta,2010-05-10,2010-05-19,147.4164746192146,130.26268982374023,130.26268982374023,898,132379.9942080547,330.94998552013675,stop,7,-1.0,-15735.048731856117,-0.11886273923781991
MPHASIS,trend_lowbeta,2010-03-03,2010-05-21,421.02127256725237,379.8525268829161,379.8525268829161,369,155356.8495773161,388.3921239432903,stop,54,-1.0,-15579.659281463375,-0.10028305365261593
HAVELLS,trend_lowbeta,2010-04-26,2010-05-21,54.3666980114825,48.07646062460738,48.07646062460738,2352,127870.47372300684,319.67618430751713,stop,19,-1.0,-15114.314518237798,-0.11820019178921978
ENGINERSIN,trend_lowbeta,2010-05-17,2010-05-21,126.95015648654888,105.56085433672904,105.56085433672904,717,91023.26220085555,227.55815550213887,stop,4,-1.0,-15563.687796922964,-0.17098582736553117
VEDL,trend_lowbeta,2010-05-17,2010-05-21,114.92024610972285,101.79160855966633,101.79160855966633,1169,134341.76770226602,335.85441925566505,stop,4,-1.0,-15683.231715271742,-0.11674129337072289
BAJAJ-AUTO,trend_lowbeta,2010-05-03,2010-05-25,701.0450297511762,642.0991254951929,659.0389954198324,264,185075.88785431054,462.6897196357763,stop,16,-0.7126200685449652,-11552.282783110544,-0.062419167169979264
MPHASIS,trend_lowbeta,2010-05-24,2010-05-28,396.65944598753964,365.5743020613904,365.5743020613904,458,181670.02626229316,454.1750656557329,stop,4,-1.0,-14691.170983832073,-0.08086733560890845
APOLLOTYRE,trend_lowbeta,2010-05-10,2010-08-02,57.17641147200696,48.657713202154596,54.66796112060547,1809,103432.1283528606,258.5803208821515,time,60,-0.29446404508525525,-4796.367006567451,-0.04637211940766178
JINDALSTEL,trend_lowbeta,2010-05-17,2010-08-09,634.3187569476215,574.5195533593501,617.5651245117188,256,162385.6017785911,405.96400444647776,time,60,-0.2801648087364947,-4694.893908037588,-0.028912008556269436
ENGINERSIN,trend_lowbeta,2010-05-24,2010-08-16,105.25956719505896,85.18846889315826,102.27157592773438,710,74734.29270849186,186.83573177122966,time,60,-0.1488703419404622,-2308.3095315716873,-0.030886885362994814
JINDALSAW,trend_lowbeta,2010-05-24,2010-08-16,73.29931071866494,66.67891108915143,79.72151947021484,2154,157886.71528800428,394.7167882200107,time,60,0.9700636080818923,13438.72086261848,0.08511622297103745
TMPV,trend_lowbeta,2010-05-24,2010-08-16,126.18677689579553,111.06278760318256,183.7665557861328,943,118994.13061273519,297.485326531838,time,60,3.8071819396527227,54000.24616705622,0.4538059641176698
VEDL,trend_lowbeta,2010-05-24,2010-08-16,98.84330166817904,86.26061535944126,96.76050567626953,1133,111989.46079004685,279.97365197511715,time,60,-0.16552872262762788,-2639.7815108085883,-0.023571695873753157
CGPOWER,trend_lowbeta,2010-05-24,2010-08-16,69.7573535740768,63.02612102114749,87.37391662597656,2119,147815.83222346875,369.5395805586719,time,60,2.6171377847038344,36959.95752641692,0.25004058746928176
JSWSTEEL,trend_lowbeta,2010-05-24,2010-08-16,86.25065253810223,75.75733652883717,92.78238677978516,1359,117214.63679928092,293.0365919982023,time,60,0.6224661714100425,8583.590242448896,0.07322967913254289
INDUSINDBK,trend_lowbeta,2010-05-31,2010-08-23,177.93738095543625,156.90298591702367,208.38780212402344,665,118328.3583353651,295.82089583841275,time,60,1.4476490107264433,19953.709181272065,0.1686299840712693
MPHASIS,trend_lowbeta,2010-05-31,2010-08-23,356.0565556665151,317.99470405301435,377.6073303222656,367,130672.75592961106,326.6818898240276,time,60,0.5662040531970942,7582.452408836407,0.05802626840533473
ZEEL,trend_lowbeta,2010-08-09,2010-08-25,126.03009352277529,117.45149528520119,117.45149528520119,1621,204294.78160041873,510.73695400104685,stop,12,-1.0,-14416.64469710866,-0.07056785584130217
SHRIRAMFIN,trend_lowbeta,2010-08-02,2010-08-31,112.32797987618734,101.75014001544483,113.82729868275558,1319,148160.60545669112,370.40151364172783,stop,21,0.14174149224291577,1607.199992221781,0.0108476877997882
LUPIN,trend_lowbeta,2010-08-16,2010-08-31,330.78246100357217,311.0202685937125,322.2810676815881,758,250733.1054407077,626.8327636017692,stop,11,-0.43018472574644917,-7070.888901665671,-0.028200858794602872
ADANIENT,trend_lowbeta,2010-08-30,2010-09-20,80.70463822318442,74.06840664323305,80.88608759886611,2278,183845.1658724141,459.61291468103525,stop,14,0.027342230827186415,-46.271236878135426,-0.0002516859045956476
CGPOWER,trend_lowbeta,2010-08-16,2010-10-18,87.55489025172147,81.04969449065206,91.8379835417957,2304,201726.46713996626,504.31616784991564,stop,44,0.6584111297167334,9363.930772481086,0.046418949904000445
BAJAJ-AUTO,trend_lowbeta,2010-08-23,2010-10-18,930.5550416649883,872.2128579825684,989.2223175818457,261,242874.86587456195,607.1871646864049,stop,39,1.005572164322939,14704.971849613381,0.06054546565229226
LUPIN,trend_lowbeta,2010-09-06,2010-10-29,340.64569256343856,313.62701292257054,379.2868268806613,557,189739.65075783528,474.3491268945882,stop,38,1.4301636804921727,21048.762687798477,0.11093497117617769
UBL,trend_lowbeta,2010-09-06,2010-11-08,438.4945247172706,372.16657797124924,372.16657797124924,227,99538.25711082043,248.84564277705107,stop,43,-1.0,-15305.289554123905,-0.15376288472766644
ENGINERSIN,trend_lowbeta,2010-08-16,2010-11-10,101.60757909581434,88.82214673774294,113.8757095336914,1172,119084.08270029441,297.71020675073606,time,60,0.9595397397830062,14080.53866644118,0.11824030842038277
POONAWALLA,trend_lowbeta,2010-08-16,2010-11-10,75.15068756404337,64.46191884982757,73.67713928222656,1402,105361.2639647888,263.403159911972,time,60,-0.13785949731113753,-2329.317851019131,-0.022107914838584104
TMPV,trend_lowbeta,2010-08-16,2010-11-10,184.40885710412442,169.97878436924617,239.03326416015625,1038,191416.39367408116,478.5409841852029,time,60,3.785456113745133,56221.59353997584,0.29371357625566086
TITAN,trend_lowbeta,2010-10-19,2010-11-15,147.43266958551442,137.53166258150537,177.99394004086534,1545,227783.4745096198,569.4586862740495,stop,18,3.086683045772644,46647.70416724313,0.2047896769845483
SRF,trend_lowbeta,2010-11-10,2010-11-15,67.42962440770864,60.93888179127722,60.93888179127722,2471,166618.60191144806,416.54650477862015,stop,3,-1.0,-16455.171509980675,-0.09875951016997503
TMPV,trend_lowbeta,2010-11-10,2010-11-16,242.0613285073101,221.9481316918684,221.9481316918684,797,192922.87882032615,482.3071970508154,stop,4,-1.0,-16512.525058957835,-0.08559132623319579
SHRIRAMFIN,trend_lowbeta,2010-09-06,2010-11-22,119.3484688050721,108.65573006411465,127.59254296378394,1408,168042.6440775415,420.1066101938538,stop,52,0.7709974365251953,11187.549805272416,0.06657565921249156
CHAMBLFERT,trend_lowbeta,2010-11-10,2010-11-22,66.66152343711147,57.418748398602595,57.418748398602595,1735,115657.7431633884,289.144357908471,stop,7,-1.0,-16325.359049721368,-0.1411523223884692
CANBK,trend_lowbeta,2010-11-18,2010-11-24,110.03410915349686,98.28093720973648,98.28093720973648,1376,151406.93419521168,378.51733548802923,stop,4,-1.0,-16550.88193010231,-0.10931389647427218
BANKBARODA,trend_lowbeta,2010-11-18,2010-11-25,144.05639965147603,132.62761584087107,132.62761584087107,1415,203839.80550683857,509.5995137670964,stop,5,-1.0,-16681.32860577311,-0.08183548136879218
ADANIENT,trend_lowbeta,2010-09-21,2010-11-26,88.55628678546546,79.66499463353688,84.95225964318851,1694,150014.34981457848,375.0358745364462,stop,46,-0.4053434619730958,-6480.257853553596,-0.043197586507979786
M&MFIN,trend_lowbeta,2010-11-02,2010-11-26,74.06222063642629,65.2025958420194,69.6942130972842,1751,129682.94833438244,324.2073708359561,stop,16,-0.49302398696383,-7972.588571873745,-0.061477539447335326
UCOBANK,trend_lowbeta,2010-11-02,2010-11-26,112.53473457195575,100.73585842231196,107.53264624924456,1315,147983.1759621218,369.9579399053045,stop,16,-0.4239461673527442,-6947.704084270516,-0.04694928351888373
BATAINDIA,trend_lowbeta,2010-11-25,2010-11-26,151.99216629462705,133.29061556293408,133.29061556293408,844,128281.38835266524,320.7034708816631,stop,1,-1.0,-16104.812288430534,-0.12554285929737471
SHRIRAMFIN,trend_lowbeta,2010-11-25,2010-12-08,123.30752087230313,110.7822242252993,118.56285073182526,1261,155490.78381997425,388.72695954993566,stop,9,-0.37880700746619334,-6371.756006692523,-0.040978351579150064
UCOBANK,trend_lowbeta,2010-12-02,2010-12-08,119.065057326708,101.7345500677978,101.7345500677978,889,105848.83596344342,264.62208990860853,stop,4,-1.0,-15671.44304307978,-0.1480549398624673
TITAN,trend_lowbeta,2010-11-18,2010-12-09,173.03185382763095,155.356063004189,155.356063004189,915,158324.1462522823,395.8103656307058,stop,15,-1.0,-16569.158969080097,-0.1046533921785872
INDUSINDBK,trend_lowbeta,2010-11-25,2010-12-09,263.68930598506813,229.54985791581475,230.78147100401563,462,121824.45936510147,304.5611484127537,stop,10,-0.9639240480483899,-15507.980909659009,-0.1272977609790363
LUPIN,trend_lowbeta,2010-12-02,2010-12-09,460.2826050789126,407.58314820872636,407.58314820872636,292,134402.52068304247,336.0063017076062,stop,5,-1.0,-15724.247707801984,-0.11699369645666108
BAJAJ-AUTO,trend_lowbeta,2010-10-19,2010-12-10,1020.9327045089143,941.5002364781983,995.5658095851027,192,196019.07926571154,490.04769816427887,stop,36,-0.31935171539681256,-5360.491523536111,-0.027346784525345898
WOCKPHARMA,trend_lowbeta,2010-12-02,2010-12-10,323.7302461998842,273.401236296462,273.401236296462,306,99061.45533716457,247.65363834291145,stop,6,-1.0,-15648.330668790111,-0.15796588709028764
BAJAJ-AUTO,trend_lowbeta,2010-12-16,2011-01-05,974.1371661593154,897.3260905164575,924.8117635394468,188,183137.7872379513,457.84446809487827,stop,13,-0.6421652373313038,-9731.020160630167,-0.05313496634087116
BANKBARODA,trend_lowbeta,2010-11-25,2011-01-06,134.67345448259812,120.00332933717198,125.08751934840794,1076,144908.63702327557,362.27159255818896,stop,29,-0.6534324035523915,-10676.737796946822,-0.07367909888788685
TMPV,trend_lowbeta,2010-11-18,2011-01-07,227.5633278053699,206.03433314257123,222.76672789862315,751,170900.0591818328,427.250147954582,stop,35,-0.22279720822427038,-4029.4966779214014,-0.02357808825352209
TVSMOTOR,trend_lowbeta,2010-12-09,2011-01-17,58.62856664096004,48.961571074784764,48.689395904541016,1522,89232.67842754118,223.08169606885295,stop,26,-1.0281550941428055,-15350.499556898605,-0.17202777981570436
GLENMARK,trend_lowbeta,2011-01-07,2011-01-17,343.16586778051544,310.0898084689312,310.0898084689312,431,147904.48901340214,369.76122253350536,stop,6,-1.0,-14625.542785826308,-0.09888504996289219
INDUSINDBK,trend_lowbeta,2010-12-09,2011-01-28,238.05281429907484,199.3799242076746,199.3799242076746,380,90460.06943364844,226.15017358412112,stop,34,-1.0,-14921.84840831621,-0.1649550846217428
TVSMOTOR,trend_lowbeta,2011-01-21,2011-01-28,52.044382998989256,45.38087354112042,45.38087354112042,2096,109085.02676588148,272.7125669147037,stop,4,-1.0,-14239.42839060778,-0.13053513220626028
ADANIENT,trend_lowbeta,2010-12-02,2011-01-31,86.61911726609007,73.27023440219239,73.27023440219239,1155,100045.08044233403,250.11270110583507,stop,40,-1.0,-15668.072408907661,-0.1566101235526392
BAJAJ-AUTO,trend_lowbeta,2011-01-07,2011-01-31,888.9814178063382,802.5026600477403,802.5026600477403,164,145792.95252023946,364.48238130059866,stop,15,-1.0,-14546.998653710656,-0.09977847627230949
EXIDEIND,trend_lowbeta,2011-01-21,2011-01-31,114.66465278347674,98.62523751629587,98.62523751629587,870,99758.24792162476,249.3956198040619,stop,5,-1.0,-14203.68690225142,-0.14238107823836854
TITAN,trend_lowbeta,2010-12-09,2011-02-09,154.52993785817426,137.14976431668592,145.42263391054777,847,130886.8573658736,327.217143414684,stop,42,-0.5240053516086232,-8041.103587054322,-0.061435531029495824
LUPIN,trend_lowbeta,2011-01-31,2011-02-09,387.17621140000534,342.9129896365298,342.9129896365298,298,115378.51099720159,288.446277493004,stop,7,-1.0,-13478.886363008714,-0.11682319564113315
SUNPHARMA,trend_lowbeta,2011-01-31,2011-02-09,199.5725331740187,176.2382240825013,176.2382240825013,567,113157.6263096686,282.8940657741715,stop,7,-1.0,-13513.447320664543,-0.11942144565390114
ASIANPAINT,trend_lowbeta,2011-01-31,2011-02-28,223.94411645699773,207.64126346213843,205.59779003292618,811,181618.67844662516,454.0466961165629,stop,20,-1.125344528951871,-15332.917426038588,-0.08442368129302674
SHRIRAMFIN,trend_lowbeta,2010-12-09,2011-03-08,115.2032952366722,99.6667781115126,124.78753662109375,947,109097.52058912857,272.7438014728214,time,60,0.6168848080436874,8803.532789574383,0.08069416006922199
UCOBANK,trend_lowbeta,2010-12-09,2011-03-08,88.79565900773387,73.1409898588283,81.07428741455078,940,83467.91946726984,208.6697986681746,time,60,-0.4932312219273507,-7466.759096260283,-0.0894566336853312
WOCKPHARMA,trend_lowbeta,2010-12-16,2011-03-14,299.7502361435616,249.67953119411212,274.01452340095494,289,86627.81824548931,216.56954561372328,stop,59,-0.5139874257530225,-7654.19052822705,-0.08835718921762874
TITAN,trend_lowbeta,2011-02-14,2011-03-14,147.8212905219349,130.18447322107988,129.54603086782623,730,107909.54208101249,269.77385520253125,stop,19,-1.0361994084512458,-13610.713402701867,-0.12613076786558597
SHRIRAMFIN,trend_lowbeta,2011-03-08,2011-03-17,125.92357704489838,113.61081009390021,113.61081009390021,1034,130204.97866442493,325.5124466610623,stop,7,-1.0,-13056.913473993169,-0.10027967907160086
BAJAJFINSV,trend_lowbeta,2011-03-22,2011-03-24,51.85003603183015,43.373545510710954,43.373545510710954,1462,75804.75267853567,189.5118816963392,stop,2,-1.0,-12582.141023572603,-0.16598089933660942
BANKBARODA,trend_lowbeta,2011-01-07,2011-04-05,127.40394610197791,116.2405867261165,144.19879150390625,1278,162822.24311832778,407.05560779581947,time,60,1.5044615904997138,21056.7568158686,0.12932358879594866
BATAINDIA,trend_lowbeta,2011-01-31,2011-04-29,134.25266355400453,112.7140860596117,181.09930419921875,614,82431.13542215878,206.07783855539697,time,60,2.1750108918478896,28557.759517606137,0.346443845172723
BAJAJ-AUTO,trend_lowbeta,2011-01-31,2011-04-29,849.9513966335201,751.3825714306063,986.7900390625,134,113893.48714889168,284.7337178722292,time,60,1.3882547767743392,18051.644367611083,0.15849584396351277
UCOBANK,trend_lowbeta,2011-03-08,2011-04-29,81.3207218170166,71.82188820677237,85.74043535959851,1341,109051.08795661926,272.62771989154817,stop,35,0.46529013181316936,5654.2081407107835,0.05184916763929984
SHRIRAMFIN,trend_lowbeta,2011-03-22,2011-05-02,124.32358563020227,113.86190587615228,117.72065595854679,1185,147323.4489717897,368.30862242947427,stop,26,-0.6311538707824924,-8192.780283341228,-0.05561083683908341
BANKBARODA,trend_lowbeta,2011-04-05,2011-05-02,144.19128691834183,134.04396290220512,134.2163149087903,1230,177355.28290956045,443.3882072739011,stop,16,-0.9830150287591976,-12712.603779022273,-0.0716787432010405
BAJAJ-AUTO,trend_lowbeta,2011-04-29,2011-05-03,989.6688779105951,928.4989594808443,928.4989594808443,212,209809.80211704617,524.5245052926155,stop,2,-1.0,-13492.547212399795,-0.06430846927195868
SUNPHARMA,trend_lowbeta,2011-02-14,2011-05-13,189.9006090668946,169.42439687432838,191.33349609375,629,119447.4831030767,298.61870775769177,time,60,0.06997812942061687,602.6672321343619,0.005045457773390611
DRREDDY,trend_lowbeta,2011-02-14,2011-05-13,277.16374000815017,251.07208306545283,296.48797607421875,493,136641.72382401803,341.60430956004507,time,60,0.7406289339350347,9185.244071011764,0.06722137143733281
UCOBANK,trend_lowbeta,2011-04-29,2011-05-19,85.83855743449188,76.34335188091079,76.34335188091079,1369,117512.98512781938,293.78246281954847,stop,14,-1.0,-13292.718865672057,-0.11311702150373858
ASIANPAINT,trend_lowbeta,2011-02-28,2011-05-27,210.8812319144579,192.07107534607218,261.4631652832031,676,142555.71277417356,356.3892819354339,time,60,2.6890756164017455,33836.99767533632,0.2373598154494057
TITAN,trend_lowbeta,2011-03-15,2011-06-13,160.78282504782894,142.80833038285738,218.1277618408203,697,112065.62905833677,280.16407264584194,time,60,3.190350430532235,39689.25687206915,0.3541608359812851
TMPV,trend_lowbeta,2011-05-27,2011-06-14,200.9439099888261,180.76325600327016,180.76325600327016,642,129005.99021282636,322.51497553206593,stop,11,-1.0,-13278.494834258985,-0.1029292888830427
TITAN,trend_lowbeta,2011-06-13,2011-06-16,218.84029213186398,204.4331115824876,204.4331115824876,927,202864.9508062379,507.16237701559476,stop,3,-1.0,-13862.618746287484,-0.06833422279794436
TCS,trend_lowbeta,2011-05-06,2011-06-20,405.15585665502743,374.6287378292345,380.2640952656158,414,167734.52465518136,419.33631163795343,stop,30,-0.8153983194896243,-10724.52552685436,-0.06393749616485456
TITAN,trend_lowbeta,2011-06-20,2011-06-22,214.94235263363308,197.20373098124907,197.20373098124907,731,157122.8597751858,392.8071494379645,stop,2,-1.0,-13359.739577330676,-0.08502734482077294
BAJAJFINSV,trend_lowbeta,2011-04-05,2011-07-04,51.13904380034903,44.37015810822251,50.15721130371094,1844,94300.3967678436,235.75099191960902,time,60,-0.14505083130302326,-2046.2501157202496,-0.021699273660087292
CANBK,trend_lowbeta,2011-05-20,2011-08-01,73.98312418153428,65.42528809187026,65.51075519629414,1475,109125.10816776306,272.8127704194076,stop,49,-0.9900130005379386,-12769.557023648611,-0.11701758869294665
ITC,trend_lowbeta,2011-05-06,2011-08-02,72.74077778215997,68.13881666762973,82.93130493164062,2751,200109.87967872206,500.27469919680516,time,60,2.21438793068135,27533.865489024487,0.1375937336688739
BAJAJ-AUTO,trend_lowbeta,2011-05-06,2011-08-02,890.3871792545846,807.8914708264575,1022.830078125,153,136229.23842595145,340.57309606487865,time,60,1.6054519852484692,19923.19043110868,0.14624753585433936
HCLTECH,trend_lowbeta,2011-06-20,2011-08-03,79.52244566125403,73.12798575207634,79.56691809001624,2030,161430.56469234568,403.5764117308642,stop,31,0.006954837373894557,-313.2973813435589,-0.0019407562746289154
BATAINDIA,trend_lowbeta,2011-06-27,2011-08-03,231.0910920727391,208.49543927149162,239.83808954955472,568,131259.7402973158,328.14935074328946,stop,26,0.3871097486651383,4640.145216087992,0.0353508639098144
TCS,trend_lowbeta,2011-06-20,2011-08-04,381.3193804420142,353.48226584206924,388.0631238390532,466,177694.83128597864,444.2370782149466,stop,32,0.2422572703369309,2698.3473448052264,0.015185288875749898
WOCKPHARMA,trend_lowbeta,2011-08-02,2011-08-04,392.0305204950106,352.7163448739191,352.7163448739191,335,131330.22436582856,328.3255609145714,stop,2,-1.0,-13498.574393980212,-0.10278345642948944
JUBLFOOD,trend_lowbeta,2011-05-13,2011-08-05,68.4798984361326,57.94113060830329,75.3862737908034,1210,82860.67710772045,207.15169276930112,stop,58,0.655330439715486,8149.562486382367,0.09835259342363063
INDUSINDBK,trend_lowbeta,2011-08-02,2011-08-05,248.18906131895827,231.77607319048974,231.77607319048974,802,199047.62717780453,497.61906794451136,stop,3,-1.0,-13660.83554697627,-0.06863098917915444
SUNPHARMA,trend_lowbeta,2011-05-13,2011-08-09,191.87081503167883,177.46339071711827,214.2594726129293,885,169805.67130303578,424.51417825758944,stop,60,1.5539666974772062,19389.447781149076,0.11418610245677013
JUBLFOOD,trend_lowbeta,2011-08-09,2011-09-12,75.87262078981826,64.22204179866458,83.86051824713431,1137,86267.16983802336,215.6679245950584,stop,21,0.6856223594879951,8866.571484373293,0.10278036825621278
ASIANPAINT,trend_lowbeta,2011-08-02,2011-09-16,264.1527230517739,252.44065346809876,267.88825274596326,997,263360.26488261856,658.4006622065464,stop,30,0.31894702020863624,3065.922442900267,0.01164155285257922
BATAINDIA,trend_lowbeta,2011-08-09,2011-09-26,274.3567018734653,247.5527326651673,274.92534550662486,494,135532.21072549184,338.8305268137296,stop,31,0.021214903984576303,-57.92057203289636,-0.0004273565060501316
HINDUNILVR,trend_lowbeta,2011-08-09,2011-09-26,242.49230518968656,229.096814330219,248.5749962390644,989,239824.88983260002,599.5622245815001,stop,31,0.45408496882954913,5416.219223253186,0.022584058005963255
SIEMENS,trend_lowbeta,2011-08-09,2011-09-28,432.01044044907366,401.4495106927346,401.4495106927346,433,187060.52071444888,467.6513017861222,stop,33,-1.0,-13700.533886280942,-0.07324118330235509
JUBLFOOD,trend_lowbeta,2011-09-16,2011-09-30,87.9295664538872,77.04714709946471,77.04714709946471,1228,107977.50760537348,269.9437690134337,stop,10,-1.0,-13633.55473624426,-0.12626291381044794
SUNPHARMA,trend_lowbeta,2011-08-09,2011-10-03,220.30439169476142,199.00476377813015,204.81273008039784,622,137029.3316341416,342.573329085354,stop,36,-0.7273207623625817,-9978.3868532195,-0.07281934994663092
JUBLFOOD,trend_lowbeta,2011-09-30,2011-10-04,77.15176539928194,66.1219236294931,66.1219236294931,1192,91964.90435594408,229.9122608898602,stop,2,-1.0,-13377.483650478163,-0.14546292136293099
ASIANPAINT,trend_lowbeta,2011-09-16,2011-10-14,266.34733236975734,249.44413882108284,254.67532218154722,790,210414.3925721083,526.0359814302708,stop,19,-0.6905210044835234,-9746.924030116268,-0.046322515826839314
WOCKPHARMA,trend_lowbeta,2011-08-09,2011-10-19,364.1108797694594,306.37315438508244,311.99416296528733,229,83381.39146720621,208.45347866801552,stop,47,-0.9026458257095481,-12143.181626823423,-0.1456341926315696
ITC,trend_lowbeta,2011-08-09,2011-11-11,81.8174490518079,74.89891541124645,86.131103515625,1915,156680.41493421214,391.7010373355304,time,60,0.6234925907604667,7868.947260874219,0.05022291563484994
CHAMBLFERT,trend_lowbeta,2011-10-24,2011-11-14,60.236773199339694,51.28021203766345,51.452152504584305,1417,85355.50762346435,213.38876905866087,stop,11,-0.9808028478991961,-12661.19629352705,-0.14833484851827497
JUBLFOOD,trend_lowbeta,2011-10-10,2011-11-16,73.92717264894928,60.59863567032947,67.75037034994314,969,71635.43029683185,179.08857574207963,stop,23,-0.4634268794027654,-6164.41000347903,-0.08605252984362484
TITAN,trend_lowbeta,2011-09-30,2011-11-17,191.68575988207547,173.8735981912423,182.0277951581689,738,141464.0907929717,353.66022698242926,stop,29,-0.5422118264779129,-7481.238193225469,-0.052884362040498525
LUPIN,trend_lowbeta,2011-11-11,2011-11-17,440.8678683075172,406.62535127263794,406.62535127263794,373,164443.7148787039,411.1092871967598,stop,4,-1.0,-13183.568141206722,-0.0801707024858391
BATAINDIA,trend_lowbeta,2011-09-30,2011-11-18,275.6367362391583,248.6600243980119,271.83755344432603,487,134235.0905484701,335.5877263711752,stop,30,-0.1408319448717082,-2185.7897474545007,-0.016283296256765646
ASIANPAINT,trend_lowbeta,2011-10-17,2011-11-23,275.1042742214504,252.24786039371241,252.24786039371241,560,154058.39356401222,385.14598391003057,stop,23,-1.0,-13184.7377274433,-0.08558272887588536
ITC,trend_lowbeta,2011-11-18,2011-11-23,81.27066377893605,76.93983404941471,76.93983404941471,2853,231865.20376130455,579.6630094032614,stop,3,-1.0,-12935.520227727646,-0.055788967114894124
IDEA,trend_lowbeta,2011-10-10,2011-12-09,55.208965603672006,48.23024440785262,49.68924890927491,1850,102136.58636679321,255.34146591698303,stop,38,-0.7909352644297768,-10466.817350551613,-0.10247862908755485
BATAINDIA,trend_lowbeta,2011-11-18,2011-12-12,267.5297399095748,250.731567099605,250.731567099605,735,196634.35883353747,491.5858970838437,stop,14,-1.0,-12838.242912411646,-0.06528992689054904
ASIANPAINT,trend_lowbeta,2011-11-28,2011-12-19,259.867441517284,235.60653411509426,235.60653411509426,498,129413.98587560744,323.5349646890186,stop,14,-1.0,-12405.46685097952,-0.09585878038640769
BATAINDIA,trend_lowbeta,2011-12-13,2011-12-19,253.0225380729994,225.38298507787914,225.38298507787914,429,108546.66883331674,271.36667208329186,stop,4,-1.0,-12128.734906989881,-0.1117375138026083
JUBLFOOD,trend_lowbeta,2011-11-18,2011-12-20,76.35898730090757,66.09565553662989,67.89282430645763,1204,91936.22071029272,229.8405517757318,stop,20,-0.8248942145587732,-10423.100797093464,-0.11337317018869524
SIEMENS,trend_lowbeta,2011-11-28,2011-12-20,349.1291908902301,309.9685390986465,309.9685390986465,308,107531.79079419088,268.8294769854772,stop,15,-1.0,-12330.310228793234,-0.1146666500922753
HINDUNILVR,trend_lowbeta,2011-09-30,2012-01-05,257.7434107739154,242.7603587680602,302.7226257324219,877,226040.9712487238,565.1024281218096,time,60,3.002006196129409,38881.669090488365,0.17201159982499362
SUNPHARMA,trend_lowbeta,2011-10-10,2012-01-12,211.06054313175588,191.95964742176366,234.5342559814453,676,142676.92715706697,356.6923178926674,time,60,1.228932569764761,15511.53756849739,0.1087179117014582
ACC,trend_lowbeta,2011-12-13,2012-02-24,951.5934973601285,867.4398482898499,1047.08014307454,140,133223.089630418,333.05772407604496,stop,49,1.1346702937940167,13035.072675941574,0.09784394516072954
ITC,trend_lowbeta,2011-11-28,2012-02-27,79.99478893925776,74.57143517021112,85.98934173583984,2230,178388.3793345448,445.97094833636197,time,60,1.1053221036022978,12921.881788041686,0.07243679120941132
HEROMOTOCO,trend_lowbeta,2011-12-20,2012-02-27,1181.8112821119962,1037.5074569874241,1233.2344632198938,78,92181.2800047357,230.45320001183927,stop,45,0.35635355517087547,3780.5549264041706,0.04101217650926467
ITC,trend_lowbeta,2012-02-27,2012-03-02,85.92858071934442,82.40666232292163,82.40666232292163,2847,244638.66930797359,611.596673269934,stop,4,-1.0,-10638.49834788562,-0.04348657707295204
TCS,trend_lowbeta,2012-01-12,2012-03-14,391.28402094900497,359.27132897079866,413.18194796146184,372,145557.65579302984,363.89413948257464,stop,41,0.6840389126714058,7782.1347091513835,0.053464276178072645
BATAINDIA,trend_lowbeta,2011-12-20,2012-03-20,232.00847004359767,195.25966006601917,309.51531982421875,309,71690.61724347169,179.2265431086792,time,60,2.1090982218991643,23770.390039103237,0.33156905259129743
ASIANPAINT,trend_lowbeta,2011-12-20,2012-03-20,237.28053086264882,213.27090491979217,265.03955078125,474,112470.97162889554,281.17742907223885,time,60,1.1561621153394128,12876.598012344723,0.11448819038241975
APOLLOHOSP,trend_lowbeta,2011-12-20,2012-03-20,509.6638151807285,391.03601737357917,573.8084106445312,96,48927.72625734993,122.31931564337484,time,60,0.5407214552535257,6035.561848881692,0.12335667954680458
JUBLFOOD,trend_lowbeta,2011-12-20,2012-03-20,71.24243907438273,58.612339686386946,101.1683578491211,901,64189.43760601884,160.4735940150471,time,60,2.369412769877433,26802.77922202422,0.41755747084955
BAJAJ-AUTO,trend_lowbeta,2012-01-05,2012-03-29,999.9943614955093,916.287319941502,1114.4158587579466,140,139999.2106093713,349.9980265234283,stop,57,1.3669279804688008,15669.011590217786,0.11192214243220118
HINDUNILVR,trend_lowbeta,2012-01-05,2012-04-03,303.0304420349811,284.15650031912304,310.7264709472656,624,189090.9958298282,472.7274895745705,time,60,0.4077594933875557,4329.594551690978,0.022896883760596308
PETRONET,trend_lowbeta,2012-03-05,2012-04-10,51.97981380981236,47.53036583720244,49.33450435958341,2725,141644.99263173869,354.1124815793467,stop,23,-0.5945253133676455,-7562.580733453236,-0.053391091297629624
PETRONET,trend_lowbeta,2012-04-12,2012-04-25,50.60138240430044,45.555672293153755,45.555672293153755,2581,130602.16798549943,326.5054199637486,stop,9,-1.0,-13349.483216833336,-0.10221486689497765
HEROMOTOCO,trend_lowbeta,2012-02-27,2012-05-07,1237.9359670356757,1103.4065330644362,1237.2982182895398,90,111414.23703321081,278.53559258302704,stop,46,-0.004740588935148972,-335.93297973525915,-0.00301517102913089
JUBLFOOD,trend_lowbeta,2012-03-20,2012-05-11,100.91059980154661,89.41068274902935,100.12045450586764,1121,113120.78237753375,282.80195594383434,stop,35,-0.06870878216517312,-1168.5548323999578,-0.010330151611752268
GODREJIND,trend_lowbeta,2012-04-03,2012-05-14,261.98886602486516,228.07272566871978,228.07272566871978,386,101127.70228559794,252.81925571399486,stop,26,-1.0,-13344.449433186111,-0.1319564187812715
WOCKPHARMA,trend_lowbeta,2012-03-27,2012-05-22,475.917746487344,420.8985682134801,548.9714720613721,234,111364.7526780385,278.41188169509627,stop,36,1.3277865621764693,16816.159902627474,0.15100073854825413
AMBUJACEM,trend_lowbeta,2012-04-26,2012-05-23,122.85902068946126,110.4898075948755,110.4898075948755,1042,128019.09955841863,320.0477488960466,stop,17,-1.0,-13208.767793454408,-0.10317810263480946
INDUSINDBK,trend_lowbeta,2012-02-27,2012-05-28,270.4162714422756,235.64888481595125,286.5103454589844,351,94916.11127623873,237.29027819059684,time,60,0.4629072121435501,5411.729701674178,0.05701592310207665
BATAINDIA,trend_lowbeta,2012-03-20,2012-06-04,309.7713440864587,278.5021140394808,349.7981561884762,412,127625.793763621,319.0644844090525,stop,50,1.2800702812919402,16171.98210162214,0.12671405696856766
ASIANPAINT,trend_lowbeta,2012-03-20,2012-06-04,265.755839441252,245.76195509351777,326.45167365436237,645,171412.51643960754,428.53129109901886,stop,50,3.03571998104453,38720.28177635715,0.225889465837223
GRAVITA,trend_lowbeta,2012-03-20,2012-06-18,110.89388000398736,92.87364319602464,154.73048400878906,715,79289.12420285096,198.2228105071274,time,60,2.4326319610534384,31144.949052926087,0.39280228361768466
HINDUNILVR,trend_lowbeta,2012-04-03,2012-07-02,310.9188686540908,294.2961715596184,343.70379638671875,788,245004.06849942353,612.5101712485589,time,60,1.972298932375429,25222.01288206229,0.10294528183364282
ASIANPAINT,trend_lowbeta,2012-06-04,2012-07-25,328.16846138792,297.743650875668,312.6119608353102,439,144065.95454929688,360.1648863732422,stop,37,-0.5113096939862694,-7189.468628968947,-0.049904008559557594
TMPV,trend_lowbeta,2012-06-18,2012-07-26,223.71399465800627,195.16756906755813,195.16756906755813,479,107159.003441185,267.89750860296255,stop,28,-1.0,-13941.63536642762,-0.13010232382461065
LUPIN,trend_lowbeta,2012-05-11,2012-08-06,505.2406049252097,429.35944608592274,545.759765625,169,85385.66223236044,213.4641555809011,time,60,0.533981838437762,6634.274002683658,0.0776977519320489
GODREJCP,trend_lowbeta,2012-05-11,2012-08-06,154.53120740814543,139.00052660460398,183.49920654296875,829,128106.37094135256,320.2659273533814,time,60,1.8652111585615583,23694.205355415146,0.18495727559297123
LUPIN,trend_lowbeta,2012-08-06,2012-08-16,545.7598771925401,511.7723059435618,511.7723059435618,412,224853.06940332652,562.1326735083163,stop,7,-1.0,-14565.012028087387,-0.06477568692629956
WOCKPHARMA,trend_lowbeta,2012-05-28,2012-08-22,689.425570762708,601.5675238192173,1087.1085205078125,146,100656.13333135538,251.64033332838844,time,60,4.526426019928366,57810.07032945686,0.5743323175265312
DIVISLAB,trend_lowbeta,2012-05-28,2012-08-22,403.5318432038368,381.26669730014413,510.68609619140625,576,232434.34168540998,581.085854213525,time,60,4.812645443738054,61139.76386662648,0.2630410094450525
WOCKPHARMA,trend_lowbeta,2012-08-22,2012-08-29,1096.2295044191837,990.5719125224994,951.4929150229608,142,155664.58962752408,389.1614740688102,stop,4,-1.3698645482830174,-20941.757168332468,-0.13453128433667624
BATAINDIA,trend_lowbeta,2012-06-04,2012-08-30,360.94636780142713,327.6007634488158,380.7983703613281,401,144739.49348837227,361.8487337209307,time,60,0.5953409136021965,7598.804292799368,0.052499867932796256
JUBLFOOD,trend_lowbeta,2012-06-04,2012-08-30,111.96075699829758,97.71023924139584,112.70489501953125,938,105019.19006440313,262.5479751610078,time,60,0.052218314725671594,435.4534887561716,0.004146418273547238
LUPIN,trend_lowbeta,2012-08-22,2012-09-14,536.8864662426095,500.19840316602347,532.2746150183704,411,220660.33762571248,551.6508440642812,stop,16,-0.12570440730577429,-2447.1216972265524,-0.011089993442217054
WOCKPHARMA,trend_lowbeta,2012-08-30,2012-09-18,1042.2743772873707,942.020471119037,1057.0269017541518,149,155298.88221581824,388.24720553954563,stop,13,0.14715161763383577,1809.878940010838,0.011654165916633298
HINDUNILVR,trend_lowbeta,2012-07-02,2012-09-24,343.6269857601463,326.1272741024013,401.03035049140874,796,273527.08066507644,683.8177016626911,stop,56,3.2802463179933055,45009.26062442222,0.164551387434776
ASIANPAINT,trend_lowbeta,2012-07-30,2012-10-05,317.2522465677971,296.836257349638,324.56156839496197,672,213193.50969355967,532.9837742338992,stop,44,0.35801947919641114,4378.88049362089,0.02053946435759236
HCLTECH,trend_lowbeta,2012-09-28,2012-10-05,99.1446596157227,93.23141156404276,93.23141156404276,2603,258073.54897972618,645.1838724493155,stop,4,-1.0,-16037.368550972207,-0.06214262800033054
GODREJCP,trend_lowbeta,2012-08-22,2012-11-23,199.1869582121904,184.0541851830011,205.12216186523438,996,198390.21037934165,495.9755259483541,time,60,0.392208595317968,5415.48731248344,0.027297149905373328
OFSS,trend_lowbeta,2012-08-22,2012-11-23,1519.2893890188288,1379.3816634509537,1501.9278564453125,107,162563.9646250147,406.40991156253676,time,60,-0.12409273685957774,-2264.0938969287854,-0.013927403297227385
BAJAJFINSV,trend_lowbeta,2012-08-30,2012-12-03,77.19857742878098,65.69248954434191,89.09599304199219,1299,100280.9520799865,250.70238019996626,time,60,1.0340104936362753,15204.040501361394,0.15161444108781783
UBL,trend_lowbeta,2012-08-30,2012-12-03,594.6468756006169,517.5363872979428,808.893310546875,193,114766.84699091906,286.91711747729767,time,60,2.7784344213370566,41062.644827150514,0.3577918702462881
UBL,trend_lowbeta,2012-12-03,2012-12-06,809.2292575381989,714.0563323504033,827.7350664624396,166,134332.056751341,335.83014187835255,stop,3,0.19444404895326,2736.1341395456006,0.020368437778112754
WOCKPHARMA,trend_lowbeta,2012-09-21,2012-12-13,1082.5264660465639,922.1290263741736,1324.4671359472804,93,100674.96134233044,251.6874033558261,stop,53,1.5083823681654598,22248.79489741081,0.22099630931823303
DIVISLAB,trend_lowbeta,2012-09-28,2012-12-21,482.25188771590723,440.2892118025479,476.6079604884108,366,176504.19090402205,441.26047726005515,stop,54,-0.13449874453072258,-2506.9378425237446,-0.01420327658897882
GLENMARK,trend_lowbeta,2012-09-21,2012-12-24,396.9085840822039,366.0711411728787,496.85125732421875,484,192103.7546957867,480.2593867394667,time,60,3.2409520314601803,47891.99446239572,0.249302750684061
HINDUNILVR,trend_lowbeta,2012-10-08,2013-01-09,435.88921130203545,397.84792423913916,412.7480773925781,401,174791.5737321162,436.9789343302905,time,60,-0.6083162715077565,-9716.573632022677,-0.05558948537710519
ULTRACEMCO,trend_lowbeta,2012-10-08,2013-01-09,1878.5565352904948,1704.485102902134,1825.1240234375,87,163434.41857027306,408.58604642568264,time,60,-0.3069573859413336,-5057.214577636232,-0.030943387701787832
UBL,trend_lowbeta,2012-12-10,2013-01-15,891.7312631474249,751.6137599743331,751.6137599743331,113,100765.63273565902,251.91408183914754,stop,24,-1.0,-16085.191940398521,-0.15962974184457515
ZEEL,trend_lowbeta,2012-10-15,2013-01-16,168.11399659480617,149.39399999126397,196.3240203857422,816,137181.02122136182,342.9525530534046,time,60,1.5069459887400898,22676.426860350388,0.16530294539620483
GLENMARK,trend_lowbeta,2012-12-24,2013-01-17,498.04393583755905,454.2783600293445,459.9092352910823,378,188260.60774659732,470.6515193664933,stop,16,-0.8713400850382296,-14885.568325934693,-0.07906894864575693
UBL,trend_lowbeta,2013-01-16,2013-01-18,748.756687620493,649.4586320331792,649.4586320331792,166,124293.61014500185,310.7340253625046,stop,2,-1.0,-16794.211252856596,-0.13511725368073504
TATACONSUM,trend_lowbeta,2012-11-23,2013-01-23,139.45109707615094,124.64725879101796,127.16727375762046,1034,144192.43437674007,360.4810859418502,stop,40,-0.8297728657889168,-13061.954397302366,-0.09058696077753031
ABREL,trend_lowbeta,2013-01-09,2013-01-23,400.2417130996293,368.66618981286206,368.66618981286206,520,208125.69081180723,520.3142270295181,stop,10,-1.0,-16939.58633614848,-0.08139113566458119
DIVISLAB,trend_lowbeta,2012-12-24,2013-01-24,506.4119959139111,436.19438015324465,456.3170260776723,236,119513.23103568301,298.78307758920755,stop,21,-0.7134245344784306,-12121.195958941555,-0.10142137279614283
LTF,trend_lowbeta,2012-12-17,2013-01-31,71.57976108766123,63.01261507180408,64.51393337835773,1881,134641.53060589076,336.6038265147269,stop,31,-0.8247586414688359,-13627.425747714595,-0.10121264728936746
COLPAL,trend_lowbeta,2013-01-23,2013-01-31,550.2064381569262,514.0262534766396,514.0262534766396,438,240990.41991273366,602.4760497818341,stop,6,-1.0,-16449.396939747377,-0.06825747241613984
ULTRACEMCO,trend_lowbeta,2013-01-09,2013-02-01,1833.5412297396306,1714.2418739501732,1714.2418739501732,137,251195.14847432938,627.9878711858235,stop,17,-1.0,-16971.99961434149,-0.0675649976419665
UBL,trend_lowbeta,2013-01-23,2013-02-13,719.2402695760177,600.7216147493103,600.7216147493103,133,95658.95585361036,239.1473896340259,stop,15,-1.0,-16002.128481586104,-0.1672831188548056
J&KBANK,trend_lowbeta,2012-11-23,2013-02-20,115.12024250254333,100.45787190853338,114.88566589355469,1044,120185.53317265524,300.4638329316381,time,60,-0.01599854590256222,-545.3618127157853,-0.004537666042820091
ARE&M,trend_lowbeta,2013-01-30,2013-02-25,274.8204266598401,244.2452554510754,244.2452554510754,515,141532.51972981766,353.83129932454415,stop,18,-1.0,-16100.044471838371,-0.11375508966118167
ABREL,trend_lowbeta,2013-02-06,2013-02-26,349.6993182560418,320.69229398804276,320.69229398804276,526,183941.841402678,459.854603506695,stop,14,-1.0,-15717.549368474192,-0.08544847245530164
GODREJCP,trend_lowbeta,2012-12-03,2013-02-27,220.64162843886433,201.16024297275428,217.0568084716797,814,179602.28554923556,449.0057138730889,time,60,-0.18401257823376163,-3367.0491671613886,-0.018747251221579567
COLPAL,trend_lowbeta,2013-02-06,2013-02-28,525.7540938489753,489.2803726882933,489.2803726882933,419,220290.96532272067,550.7274133068017,stop,16,-1.0,-15833.216579632573,-0.07187410775760737
ZEEL,trend_lowbeta,2013-02-27,2013-03-14,195.3102142639253,178.1171404537879,178.1171404537879,859,167771.47405271183,419.42868513177956,stop,11,-1.0,-15188.279088039812,-0.09052956811518406
TECHM,trend_lowbeta,2013-03-06,2013-04-03,185.26432273107895,170.89228775922206,170.89228775922206,1016,188228.5518947762,470.5713797369405,stop,18,-1.0,-15072.558911143542,-0.08007583737651781
ULTRACEMCO,trend_lowbeta,2013-02-06,2013-04-04,1825.403099030448,1676.9425304437555,1676.9425304437555,102,186191.1161011057,465.47779025276424,stop,39,-1.0,-15608.455786095397,-0.08383029283534493
UNITDSPR,trend_lowbeta,2013-01-16,2013-04-05,349.70821302938003,315.0394621457716,341.41292522673643,475,166111.40118895553,415.2785029723888,stop,55,-0.2392727626816707,-4355.540209228098,-0.026220597611319715
ITC,trend_lowbeta,2013-02-27,2013-04-05,122.21798733275254,116.06874305935641,119.83454899891929,2401,293445.38758593885,733.6134689648471,stop,25,-0.3875985776243878,-6456.248908498491,-0.022001534805544367
WOCKPHARMA,trend_lowbeta,2013-02-27,2013-04-12,1657.1906664345906,1487.6170045777812,1573.4822146120187,87,144175.58797980938,360.4389699495235,stop,30,-0.49364064505050725,-7643.074278513286,-0.0530122636266525
TCS,trend_lowbeta,2013-04-05,2013-04-17,546.8117158513163,519.8749513478012,523.2436330587967,513,280514.41023172525,701.2860255793131,stop,8,-0.8749411158657944,-12791.712498141862,-0.045600910440126693
GLENMARK,trend_lowbeta,2013-01-23,2013-04-22,463.3144559936596,417.16263406990515,461.97869873046875,344,159380.1728618189,398.45043215454723,time,60,-0.028942676746274053,-857.9509306921922,-0.005383046807434621
WOCKPHARMA,trend_lowbeta,2013-04-12,2013-05-10,1489.3305337029751,1327.7090234788136,1399.2585996672142,86,128082.42589845585,320.20606474613965,stop,17,-0.5573016482201865,-8066.39239182158,-0.062978135643813
UBL,trend_lowbeta,2013-02-13,2013-05-15,604.7262474798388,515.8825519491761,736.4220581054688,170,102803.46207157259,257.00865517893146,time,60,1.4823315243587287,22131.279151178165,0.2152775665839949
WOCKPHARMA,trend_lowbeta,2013-05-15,2013-05-23,1614.7547991999909,1386.4794388927198,1386.4794388927198,61,98500.04275119945,246.25010687799863,stop,6,-1.0,-14171.047085621532,-0.1438684358890694
AUROPHARMA,trend_lowbeta,2013-03-28,2013-05-24,73.73149812792379,57.942365234091405,78.84200267294281,915,67464.32078705027,168.66080196762567,stop,37,0.32367227379632185,4507.450856724783,0.06681236547170553
ULTRACEMCO,trend_lowbeta,2013-04-05,2013-06-03,1646.3178808826817,1530.401579840503,1714.6179979095166,121,199204.4635868045,498.0111589670112,stop,38,0.5892192591789344,7766.303001280007,0.038986591271313535
UBL,trend_lowbeta,2013-05-15,2013-06-10,738.1499830577712,669.9424994364899,669.9424994364899,204,150582.59654378533,376.4564913594633,stop,18,-1.0,-14290.783150100851,-0.09490328549319098
AJANTPHARM,trend_lowbeta,2013-05-22,2013-06-11,155.2455301157556,135.6008336249527,135.6008336249527,711,110379.57191230223,275.9489297807556,stop,14,-1.0,-14243.328134741609,-0.12903953048538808
GODREJCP,trend_lowbeta,2013-03-20,2013-06-13,229.89511259834433,204.5632210934746,234.53348633750508,570,131040.21418105626,327.60053545264066,stop,56,0.18310412146953525,2316.27249586899,0.017676043269195453
UNITDSPR,trend_lowbeta,2013-04-05,2013-06-13,339.8357639526097,307.5330173823344,450.8105181598502,434,147488.7215554326,368.7218038885815,stop,46,3.4354587764174354,47794.32152205379,0.32405407693557525
SUNPHARMA,trend_lowbeta,2013-06-05,2013-06-13,467.51711527372896,430.30836765273835,423.5201062586427,374,174851.40111237465,437.1285027809366,stop,6,-1.1824372446834561,-16892.009874423187,-0.09660780392355518
GLENMARK,trend_lowbeta,2013-04-22,2013-06-21,459.1640683335339,421.73935655517164,516.2724038647403,369,169431.54121507402,423.57885303768506,stop,42,1.5259525809955483,20649.396957977486,0.1218745742964436
IPCALAB,trend_lowbeta,2013-06-19,2013-06-25,330.4567947948156,304.1960048522018,304.1960048522018,533,176133.4716256367,440.33367906409177,stop,4,-1.0,-14437.334718477261,-0.08196814941093722
UNITDSPR,trend_lowbeta,2013-06-19,2013-06-25,475.46729489193933,442.8216177967635,442.8216177967635,428,203500.00221375003,508.7500055343751,stop,4,-1.0,-14481.099802269624,-0.07116019481444098
UNITDSPR,trend_lowbeta,2013-06-26,2013-06-28,447.7041918859577,401.4384192233826,401.4384192233826,300,134311.2575657873,335.7781439144682,stop,2,-1.0,-14215.509942686998,-0.10584004796265174
TECHM,trend_lowbeta,2013-04-05,2013-07-03,165.67427725291182,151.29367279813312,166.21729120937854,976,161698.09459884194,404.2452364971049,stop,60,0.03776016218054577,125.73638501441667,0.0007775996700910857
HCLTECH,trend_lowbeta,2013-04-22,2013-07-17,126.73303204342339,114.9024420507359,153.0395050048828,1169,148150.91445876195,370.3772861469049,time,60,2.2235977223214984,30381.88960579916,0.20507392557645
WOCKPHARMA,trend_lowbeta,2013-05-29,2013-07-22,937.7900047154969,720.4973306809958,720.4973306809958,63,59080.770297076306,147.70192574269078,stop,38,-1.0,-13837.140389916263,-0.23420717638478408
UBL,trend_lowbeta,2013-06-12,2013-07-25,623.923927185858,539.904529742015,711.9614710333523,162,101075.676204109,252.6891905102725,stop,31,1.0478240326150507,14009.392912783795,0.1386030095360794
M&MFIN,trend_lowbeta,2013-06-26,2013-07-26,126.60785938833476,106.24523739611604,115.68142592145698,683,86473.16796223263,216.1829199055816,stop,22,-0.5365926584038715,-7678.936977783107,-0.08880138381349578
DABUR,trend_lowbeta,2013-06-12,2013-07-31,130.81835867165947,124.2894983480147,140.15649092452526,2089,273279.55126509664,683.1988781627416,stop,35,1.4302851937338947,18824.159398073894,0.06888242940582624
UNITDSPR,trend_lowbeta,2013-07-03,2013-07-31,490.43603856309466,433.46758209382665,466.81985540987296,241,118195.08529370581,295.4877132342645,stop,20,-0.4145484118208749,-5986.987853160694,-0.050653441623934564
INDUSINDBK,trend_lowbeta,2013-07-24,2013-07-31,395.64646249046774,345.25130421006827,345.25130421006827,276,109198.4236473691,272.99605911842275,stop,5,-1.0,-14182.059744508677,-0.12987421677721595
GLENMARK,trend_lowbeta,2013-06-26,2013-08-02,499.9521787150046,443.8594021472579,507.10059952959864,248,123988.14032132115,309.9703508033029,stop,27,0.12743923998770942,1462.8380112160173,0.011798209146657117
IDEA,trend_lowbeta,2013-07-31,2013-08-02,103.23483146939095,89.36389735966961,89.36389735966961,1008,104060.71012114608,260.1517753028652,stop,2,-1.0,-14242.053357901983,-0.1368629268560783
UNITDSPR,trend_lowbeta,2013-07-31,2013-08-19,459.15889270529647,415.42757771784767,415.42757771784767,319,146471.68677298957,366.17921693247393,stop,11,-1.0,-14316.468697928642,-0.09774222590961996
SUNPHARMA,trend_lowbeta,2013-08-07,2013-08-21,464.70355562062326,432.7640361754587,442.20694312611096,434,201681.3431393505,504.20335784837624,stop,8,-0.7043503748744776,-10267.733180466717,-0.05091067433725037
HCLTECH,trend_lowbeta,2013-07-17,2013-08-22,153.67768733382113,144.14280534093152,153.59320445484317,1476,226828.26650471997,567.0706662617999,stop,24,-0.00886040110836738,-691.767395633256,-0.003049740697193316
IDEA,trend_lowbeta,2013-08-07,2013-08-28,90.97606630092957,77.39833565337858,84.55843132830422,1021,92886.56369324909,232.21640923312273,stop,13,-0.4726588808699704,-6784.6217162836065,-0.07304201432932013
SUNTV,trend_lowbeta,2013-06-19,2013-09-16,249.24864466811238,213.35573932269907,278.16693115234375,390,97206.97142056383,243.01742855140958,time,60,0.8056825215439627,11035.114300298826,0.11352184045067762
TECHM,trend_lowbeta,2013-07-03,2013-09-16,176.0010991299272,154.89420927008473,217.13668912069673,652,114752.71663271255,286.8817915817814,stop,50,1.9489176408236826,26533.522882399942,0.23122348351303462
IPCALAB,trend_lowbeta,2013-06-26,2013-09-23,294.5375729961549,260.9111142241992,328.6220703125,413,121644.01764741197,304.1100441185299,time,60,1.0136213732018493,13772.787347532,0.11322206890151183
GODREJCP,trend_lowbeta,2013-07-31,2013-10-14,237.98612918411118,207.5555435849788,225.21747049162659,459,109235.63329550702,273.08908323876756,stop,49,-0.41959950625625325,-6133.903423089196,-0.05615295337278453
HCLTECH,trend_lowbeta,2013-08-23,2013-10-21,164.47488149581915,152.03048907458572,184.21240821516218,1093,179771.04547493032,449.4276136873258,stop,38,1.5860578846473523,21123.689090554613,0.11750328889031456
UBL,trend_lowbeta,2013-07-31,2013-10-30,658.4796431857832,562.2526489783324,911.10205078125,145,95479.54826193856,238.6988706548464,time,60,2.6252758872510498,36391.55023068785,0.3811449770463019
M&MFIN,trend_lowbeta,2013-07-31,2013-10-30,120.02880600407073,100.37995365072025,148.83578491210938,712,85460.50987489836,213.6512746872459,time,60,1.4660896417762814,20296.917707836266,0.23750054542791724
SUNTV,trend_lowbeta,2013-09-16,2013-11-18,280.6931680581488,243.41505193285235,266.9166439950558,373,104698.5516856895,261.74637921422374,stop,41,-0.36956062953364854,-5400.389854747915,-0.05158036828398702
CIPLA,trend_lowbeta,2013-10-15,2013-11-20,391.3586781078326,365.4828600941156,365.4828600941156,540,211333.6861782296,528.334215445574,stop,23,-1.0,-14501.275942852742,-0.06861791040081987
UNITDSPR,trend_lowbeta,2013-08-23,2013-11-22,432.9489637968426,368.1480755151473,490.9098815917969,210,90919.28239733694,227.29820599334235,time,60,0.8944463468308179,11944.49453094706,0.13137471189826416
SUNPHARMA,trend_lowbeta,2013-08-23,2013-11-22,466.5187963489407,406.81787720799525,524.2244262695312,227,105899.76677120954,264.74941692802383,time,60,0.9665785845667744,12834.428575046026,0.12119411559020789
IDEA,trend_lowbeta,2013-08-30,2013-11-29,94.1520587819585,81.68045160269438,104.35299682617188,1085,102154.98377842497,255.38745944606242,time,60,0.8179329173527793,10812.630318525447,0.10584535299793238
TECHM,trend_lowbeta,2013-09-16,2013-12-13,220.52457322741196,198.45567615063163,291.261474609375,630,138930.48113326952,347.3262028331738,time,60,3.205275784098358,44216.92166780354,0.3182665265902902
M&MFIN,trend_lowbeta,2013-10-30,2014-01-09,148.52928894295906,133.14619018210212,144.97678234381016,960,142588.11738524068,356.4702934631017,stop,47,-0.2309356947111611,-3766.8766286460445,-0.026417885990238584
IPCALAB,trend_lowbeta,2013-10-15,2014-01-14,336.54824753499827,309.0047069344841,365.29205322265625,508,170966.5097477791,427.4162743694478,time,60,1.0435770079290896,14174.437014960808,0.082907681954038
TECHM,trend_lowbeta,2013-12-13,2014-01-20,288.721516444291,274.0122425251961,301.86175623449327,1045,301713.98468428414,754.2849617107104,stop,24,0.8933302800992905,12977.26561905065,0.04301181343195
HCLTECH,trend_lowbeta,2013-10-23,2014-01-21,192.86831583599093,177.30066642190582,253.5790557861328,912,175895.90404242373,439.73976010605935,time,60,3.899801333861794,54928.45507442334,0.31227819302247845
BIOCON,trend_lowbeta,2014-01-21,2014-01-24,76.93587426407802,69.70151316375456,69.70151316375456,2233,171797.80723168622,429.4945180792156,stop,3,-1.0,-16583.82285510152,-0.096531050787724
ZEEL,trend_lowbeta,2013-11-22,2014-01-27,227.15874259419576,204.6545822692536,234.42681556758004,658,149470.4526269808,373.67613156745205,stop,44,0.3229657480412108,4408.715884919403,0.029495567902786884
TCS,trend_lowbeta,2013-10-30,2014-01-28,772.170113115809,719.822510464739,819.22216796875,282,217751.97189865814,544.3799297466454,time,60,0.8988387714060709,12724.299538782705,0.05843483036151149
TECHM,trend_lowbeta,2014-01-21,2014-01-30,314.7576284479842,294.28768444221066,294.28768444221066,789,248343.76884545953,620.8594221136489,stop,7,-1.0,-16771.64524266896,-0.06753398855400997
SUNPHARMA,trend_lowbeta,2013-11-22,2014-02-19,528.8288352850363,485.7594229039967,568.30859375,344,181917.1193380525,454.79279834513125,time,60,0.9166542165860558,13126.244113602364,0.07215507897973121
DABUR,trend_lowbeta,2013-11-22,2014-02-19,142.90050302960807,131.05486282389708,149.51951599121094,1251,178768.5292900397,446.9213232250993,time,60,0.5587720753507033,7833.463891740082,0.04381903192273189
TATAELXSI,trend_lowbeta,2014-01-21,2014-03-07,163.76504865989597,142.2785988025624,251.83179857749363,751,122987.55154358187,307.46887885895467,stop,31,4.098711071505353,65830.66030925688,0.5352627927219864
HCLTECH,trend_lowbeta,2014-01-21,2014-03-10,254.2588635847465,238.06628138305166,256.4749564118583,997,253496.08699399227,633.7402174849807,stop,32,0.13685851950653127,1575.7043311454495,0.006215892126109201
SUNPHARMA,trend_lowbeta,2014-02-19,2014-03-11,565.6188489889666,534.5479191715576,540.5556122308057,521,294687.42032325163,736.7185508081291,stop,13,-0.8066458553203026,-13794.664901810009,-0.04681117669250428
TCS,trend_lowbeta,2014-01-28,2014-03-19,829.4607837667369,766.162740076753,768.3619951259266,255,211512.4998605179,528.7812496512948,stop,33,-0.9652555605044467,-16108.972353057923,-0.07616085273296376
TECHM,trend_lowbeta,2014-02-04,2014-03-19,314.3961140243079,282.83959332399525,300.235934803984,506,159084.4336962998,397.71108424074947,stop,28,-0.44872434939203,-7562.761769724655,-0.04753929466262141
HCLTECH,trend_lowbeta,2014-03-13,2014-04-10,255.0710131242284,239.54303605400463,239.54303605400463,1077,274711.48113479395,686.7787028369848,stop,18,-1.0,-17410.41000746797,-0.06337707450576165
TECHM,trend_lowbeta,2014-03-21,2014-04-11,313.5695127135668,289.87054729396687,289.87054729396687,696,218244.38084864247,545.6109521216061,stop,14,-1.0,-17040.090884163146,-0.07807802802483535
CEATLTD,trend_lowbeta,2014-03-21,2014-04-15,393.53815401598666,332.966126164853,332.966126164853,272,107042.37789234838,267.60594473087093,stop,15,-1.0,-16743.19752023923,-0.15641653193726437
LUPIN,trend_lowbeta,2014-01-28,2014-05-02,816.5681826573601,763.259671888753,941.1392211914062,303,247420.15934518012,618.5503983629503,time,60,2.336794570659904,37126.474277453024,0.1500543624889403
BIOCON,trend_lowbeta,2014-01-28,2014-05-02,67.91635409721056,59.96842776451198,75.5067138671875,2033,138073.94787962906,345.1848696990727,time,60,0.9550113390897231,15086.01654266405,0.10926041280297011
ESCORTS,trend_lowbeta,2014-02-19,2014-05-05,107.15111719899502,95.78611592442964,106.54873123951398,1425,152690.3420085679,381.72585502141976,stop,46,-0.053003598057588114,-1240.1258472819022,-0.00812183554616909
GLAXO,trend_lowbeta,2014-03-13,2014-05-06,961.4456832901845,900.3231432723959,920.8742389602604,273,262474.67153822037,656.1866788455509,stop,32,-0.6637722240946878,-11732.190980914838,-0.04469837379797025
HCLTECH,trend_lowbeta,2014-04-15,2014-05-07,253.9940293951794,234.60273849277345,234.60273849277345,824,209291.08022162784,523.2277005540697,stop,13,-1.0,-16501.651404136577,-0.07884545957076732
TATAELXSI,trend_lowbeta,2014-03-13,2014-05-09,250.69572123053567,217.66272759802206,217.66272759802206,506,126852.03494265105,317.13008735662766,stop,35,-1.0,-17031.824865408515,-0.13426528689987896
BIOCON,trend_lowbeta,2014-05-02,2014-05-16,75.29235408430957,69.09905316014652,69.09905316014652,2666,200729.4159887693,501.82353997192325,stop,10,-1.0,-17013.163803790587,-0.08475670454171233
HCLTECH,trend_lowbeta,2014-05-09,2014-05-19,241.1565575585938,224.883915811499,228.77199446520018,986,237780.36575277348,594.4509143819337,stop,6,-0.7610665364524893,-12805.630124468033,-0.053854867637735844
VOLTAS,trend_lowbeta,2014-05-02,2014-05-26,144.22499570386003,128.04922581404404,166.50130749708353,1020,147109.49561793724,367.7737390448431,stop,16,1.3771407447659296,22354.064290043127,0.1519552779114924
TVSMOTOR,trend_lowbeta,2014-05-09,2014-05-26,105.06667512970148,93.681592333763,108.14582625213149,1409,148038.94525774938,370.09736314437345,stop,11,0.2704548730667523,3968.4265683595036,0.026806639033060586
CEATLTD,trend_lowbeta,2014-04-15,2014-06-27,331.7714656133122,287.9325464040509,568.0412400144994,364,120764.81348324564,301.9120337081141,stop,50,5.3894981596917075,85700.28584832403,0.7096461574895215
APOLLOTYRE,trend_lowbeta,2014-05-02,2014-07-09,137.94373827946367,123.47231461203519,159.44769675567738,1141,157393.80537686805,393.48451344217017,stop,48,1.485960121851293,24142.532107917676,0.15338934115043557
ESCORTS,trend_lowbeta,2014-05-09,2014-07-09,100.6288456062788,86.16252612687092,115.61473140183804,1109,111597.38977736319,278.993474443408,stop,43,1.035915584257,16340.353872831789,0.14642236619898366
TECHM,trend_lowbeta,2014-04-15,2014-07-11,304.7874199449617,284.0392423156536,352.9851989746094,770,234686.3133576205,586.7157833940513,time,60,2.322988548235934,36525.57406943466,0.15563572305035162
BIOCON,trend_lowbeta,2014-05-16,2014-07-11,68.58327831040957,61.14247918367833,76.63396487570435,2133,146288.1326361036,365.72033159025904,stop,40,1.0819653142325147,16806.394112183512,0.11488556049853992
TVSMOTOR,trend_lowbeta,2014-05-30,2014-07-25,122.12719862374809,103.87873121841263,137.18891358614877,877,107105.55319302707,267.7638829825677,stop,40,0.8253687626390457,12941.360139042834,0.12082809670680418
CEATLTD,trend_lowbeta,2014-06-27,2014-07-25,575.6862903643146,489.208592721994,489.208592721994,195,112258.82662104134,280.64706655260335,stop,20,-1.0,-17143.79810680511,-0.1527167049828378
TATAELXSI,trend_lowbeta,2014-05-09,2014-08-04,217.3266982542438,190.04318933703223,263.3656311035156,588,127788.09857349536,319.4702464337384,time,60,1.687427119032645,26751.422268938088,0.20934204802767623
BEML,trend_lowbeta,2014-07-11,2014-08-14,248.94212341308594,219.33188541359544,219.33188541359544,601,149614.21617126465,374.03554042816165,stop,23,-1.0,-18169.78857812195,-0.12144426541207046
HCLTECH,trend_lowbeta,2014-05-23,2014-08-19,237.43826064989102,215.83278741410842,274.57086181640625,728,172855.05375312065,432.13763438280165,time,60,1.718666412037524,26600.396014840284,0.15388844836918777
WIPRO,trend_lowbeta,2014-05-23,2014-08-19,79.69907659033923,72.49679942821265,89.30973815917969,2186,174222.18142648155,435.5554535662039,time,60,1.3343920752423206,20573.350735919033,0.11808686223229616
EICHERMOT,trend_lowbeta,2014-05-30,2014-08-26,610.8792196922416,544.6208430513362,900.2100219726562,241,147221.89194583023,368.05472986457556,time,60,4.366705267297375,69360.66861971536,0.47113012679687866
BHARATFORG,trend_lowbeta,2014-07-11,2014-09-16,287.9644366355327,259.60106325458366,383.2028288884484,627,180553.701770479,451.3842544261975,stop,44,3.3577949623187235,59263.08768815193,0.328229701784168
HAVELLS,trend_lowbeta,2014-08-19,2014-09-17,231.82791828644338,213.96531107829304,244.22296566097742,1025,237623.61624360445,594.0590406090112,stop,20,0.6939103138806323,12110.864518288385,0.0509665861909647
EICHERMOT,trend_lowbeta,2014-08-26,2014-09-17,902.6928745622909,832.394730452123,1021.1979961681284,270,243727.07613181853,609.3176903295463,stop,15,1.685750358076623,31387.065143246586,0.1287795580260892
AUROPHARMA,trend_lowbeta,2014-07-11,2014-09-24,327.0690824954361,286.3079568923166,368.2113093269776,436,142602.11996801014,356.5052999200254,stop,50,1.009349624741297,17581.50559863207,0.12329063272394632
ADANIPORTS,trend_lowbeta,2014-08-19,2014-09-24,270.7896292722541,244.83603231769817,246.6516342096212,705,190906.68863693913,477.26672159234784,stop,25,-0.9300443058007684,-17494.553240748548,-0.09163928915041415
BHARATFORG,trend_lowbeta,2014-09-17,2014-10-10,389.80577844612037,357.1762517776541,357.1762517776541,614,239340.7479659179,598.3518699147947,stop,14,-1.0,-20632.881244353084,-0.08620713948504584
APOLLOTYRE,trend_lowbeta,2014-07-11,2014-10-13,143.95237932053595,122.21575425970663,188.28955078125,819,117896.99866351894,294.74249665879734,time,60,2.039744962092217,36017.400929666,0.305498879004211
GRANULES,trend_lowbeta,2014-08-04,2014-10-16,61.40329438121631,52.259997351765996,74.3120431674724,1972,121087.29651975857,302.7182412993964,stop,47,1.4118264718599152,25153.3343651976,0.20772892853457317
MCX,trend_lowbeta,2014-08-19,2014-10-16,145.0151047354043,130.5567990592394,130.5567990592394,1267,183734.13769975724,459.3353442493931,stop,37,-1.0,-18778.0086359503,-0.1022020669160335
TATAELXSI,trend_lowbeta,2014-10-21,2014-10-22,263.0833360960649,232.48889968021604,232.48889968021604,662,174161.16849559496,435.4029212389874,stop,1,-1.0,-20688.919828530932,-0.11879180650452638
AUROPHARMA,trend_lowbeta,2014-09-24,2014-10-29,378.47131530636733,339.3118680846288,417.3995425645741,511,193398.8421215537,483.49710530388427,stop,19,0.9940954232008833,19408.827023639788,0.10035647995990114
CEATLTD,trend_lowbeta,2014-07-25,2014-10-30,481.00085895639353,395.267080453199,786.352294921875,207,99567.17780397346,248.91794450993368,time,60,3.561623449899666,62958.829300344725,0.6323251365454712
TVSMOTOR,trend_lowbeta,2014-07-25,2014-10-30,135.17895769360393,108.50706854526833,239.6397247314453,666,90029.18582394022,225.07296455985056,time,60,3.9165117422647953,69345.79788264251,0.7702590804081485
TVSMOTOR,trend_lowbeta,2014-10-30,2014-11-17,242.29665949748016,217.58609211409396,217.58609211409396,873,211524.98374130018,528.8124593532505,stop,10,-1.0,-22101.13778504941,-0.10448476295395724
CEATLTD,trend_lowbeta,2014-10-30,2014-12-03,789.6797275403503,704.2561059592067,764.3160068389831,252,198999.29134016827,497.4982283504207,stop,22,-0.29691694442238475,-6889.155845094966,-0.034618996875313904
EICHERMOT,trend_lowbeta,2014-09-17,2014-12-17,1042.5183184116474,934.2678486355549,1258.9855105507143,185,192865.88890615478,482.16472226538696,stop,57,1.9996882469592219,39564.265823461974,0.2051387419924384
VOLTAS,trend_lowbeta,2014-09-24,2014-12-17,208.09786891182867,181.16650828979505,226.73243106372087,744,154824.81447040054,387.06203617600136,stop,52,0.6919279873533949,13477.052204831794,0.08704710708636658
BHARATFORG,trend_lowbeta,2014-10-13,2014-12-17,355.13603512040885,315.40312964151053,406.88076333405223,508,180409.1058411677,451.02276460291927,stop,42,1.3023142302322794,25835.29916792792,0.14320396438677177
APOLLOTYRE,trend_lowbeta,2014-10-13,2014-12-17,189.73400838226988,167.99162368058379,176.18634139012198,928,176073.15977874646,440.18289944686614,stop,42,-0.6230994059771784,-13012.417868160115,-0.07390347219594127
AUROPHARMA,trend_lowbeta,2014-10-30,2014-12-17,454.25994453297506,402.58742442811297,482.8611454200613,417,189426.3968702506,473.56599217562655,stop,32,0.5535089217449456,11453.134777739333,0.060462189889956386
TATAELXSI,trend_lowbeta,2014-10-30,2014-12-17,270.3803537227808,237.11160668070377,237.11160668070377,648,175206.46921236196,438.0161730309049,stop,32,-1.0,-21996.164256296815,-0.125544247054234
TVSMOTOR,trend_lowbeta,2014-11-17,2014-12-17,220.94769418336992,197.25707488668462,210.1552722729991,901,199073.8724592163,497.6846811480408,stop,22,-0.4555567659592949,-10221.65682239215,-0.05134604906269773
CCL,trend_lowbeta,2014-09-17,2014-12-22,100.66936861765478,85.37157889771949,145.28372192382812,1310,131876.87288912776,329.6921822228194,time,60,2.91639211434801,58115.11064886426,0.44067704500184135
GRANULES,trend_lowbeta,2014-10-21,2015-01-21,74.06984607077122,62.60611926275075,78.9813003540039,1767,130881.41800705275,327.2035450176319,time,60,0.4284343447365164,8351.336173454525,0.0638084175784564
NCC,trend_lowbeta,2014-12-22,2015-01-23,74.05238642059096,61.35862540826753,61.35862540826753,1757,130110.04294097832,325.27510735244584,stop,22,-1.0,-22628.21320600472,-0.17391596140099294
CEATLTD,trend_lowbeta,2014-12-08,2015-02-06,761.7303387608436,686.829204382572,686.829204382572,284,216331.41620807958,540.828540520199,stop,41,-1.0,-21812.750703949318,-0.10083024965254515
AUROPHARMA,trend_lowbeta,2014-12-22,2015-02-06,526.9794657454681,476.9360050329646,532.2963201320879,445,234505.86225673332,586.2646556418333,stop,31,0.10624473829187672,1779.7355464039563,0.00758930087835301
APOLLOTYRE,trend_lowbeta,2014-12-22,2015-02-09,187.0999984843962,167.75618943414418,173.42010384867294,1153,215726.2982525088,539.315745631272,stop,32,-0.7071975638399424,-16312.23426062019,-0.07561541820704043
EICHERMOT,trend_lowbeta,2014-12-22,2015-02-10,1352.804710496633,1245.2708767857787,1371.1452431250902,207,280030.57507280307,700.0764376820077,stop,33,0.17055592640519662,3096.41381640862,0.011057413339966916
TVSMOTOR,trend_lowbeta,2014-12-22,2015-02-24,231.90185795676848,202.99051758766728,259.882464368828,771,178796.3324846685,446.99083121167126,stop,42,0.9678073051903048,21126.056712486203,0.11815710321853345
AUROPHARMA,trend_lowbeta,2015-02-12,2015-02-26,534.0622522560858,466.1945794396427,466.1945794396427,321,171433.98297420354,428.58495743550884,stop,9,-1.0,-22214.107931513736,-0.12957820582664986
EICHERMOT,trend_lowbeta,2015-02-12,2015-02-26,1516.864017926209,1384.825759926567,1386.6027191706312,165,250282.5629578245,625.7064073945612,stop,9,-0.9865420880963977,-22118.82070206491,-0.08837539635468807
CIEINDIA,trend_lowbeta,2015-01-29,2015-03-09,217.87374715836089,186.21794041950625,186.21794041950625,700,152511.6230108526,381.2790575271315,stop,25,-1.0,-22540.343774725377,-0.14779426859237754
JKTYRE,trend_lowbeta,2015-02-12,2015-03-13,101.6633239029125,88.24779438999312,91.99124197997473,1627,165406.22799003863,413.5155699750966,stop,19,-0.7209616223961484,-16149.992858594838,-0.0976383601442592
TITAGARH,trend_lowbeta,2015-02-27,2015-03-18,114.22744248252893,101.23560578263213,127.86435432127092,1663,189960.2368484456,474.900592121114,stop,12,1.0496523435250942,22203.283795706822,0.11688384982074476
AJANTPHARM,trend_lowbeta,2014-12-22,2015-03-20,548.865745119031,477.2049375494758,684.4852646200474,311,170697.24673201863,426.7431168300466,stop,59,1.8925201110716177,41750.92744798605,0.2445905147698823
BHARATFORG,trend_lowbeta,2014-12-22,2015-03-23,420.99028843160943,383.6114777120757,596.4358520507812,596,250910.2119052392,627.275529763098,time,60,4.69371711517526,103938.28038726331,0.41424491892150445
BEML,trend_lowbeta,2014-12-22,2015-03-23,271.7803585589345,229.45303139076427,404.909912109375,527,143228.24896055847,358.0706224013962,time,60,3.1452388434900453,69801.20409868074,0.4873424384173144
ADANIENT,trend_lowbeta,2015-03-09,2015-03-23,96.13471450744494,86.62750010305281,86.62750010305281,2249,216206.97292724368,540.5174323181092,stop,10,-1.0,-21922.242627796008,-0.10139470679871695
TVSMOTOR,trend_lowbeta,2015-02-27,2015-03-24,262.077891445681,237.4217478816479,239.11165675110394,876,229580.23290641658,573.9505822660415,stop,16,-0.9314609413646835,-20692.37217471557,-0.09013133192155252
AIAENG,trend_lowbeta,2015-01-21,2015-03-25,1022.7532205085199,910.5935315965017,1041.2760125944774,199,203527.89088119546,508.81972720298864,stop,42,0.16514660717797963,3177.215897902546,0.015610714994129084
WOCKPHARMA,trend_lowbeta,2015-03-23,2015-04-16,1690.5658388193608,1508.9518470750077,1562.8850273112607,128,216392.42736887818,540.9810684221954,stop,14,-0.7030340024012495,-16884.124941459006,-0.07802548890806195
TVSMOTOR,trend_lowbeta,2015-03-30,2015-04-17,250.02076071408703,223.0838727419467,223.0838727419467,861,215267.87497482894,538.1696874370724,stop,10,-1.0,-23730.830231449905,-0.11023860496706593
BHARATFORG,trend_lowbeta,2015-03-30,2015-04-20,581.4444076321479,526.2031376800549,546.0734430450456,420,244206.6512055021,610.5166280137553,stop,11,-0.6402996277561528,-15466.321754596729,-0.06333292593894865
EICHERMOT,trend_lowbeta,2015-02-27,2015-04-21,1513.4805038116203,1311.5017441316234,1328.3651859248976,106,160428.93340403176,401.07233351007943,stop,32,-0.9165088357805958,-20023.296029502697,-0.12481100263301688
BEML,trend_lowbeta,2015-03-23,2015-04-22,403.58788148066554,362.7382292238708,395.4043461087316,572,230852.2682069407,577.1306705173517,stop,18,-0.20033304862644777,-5258.112903263567,-0.022776960105716126
NATCOPHARM,trend_lowbeta,2015-04-17,2015-04-23,437.01558915792725,366.3958312265961,366.3958312265961,322,140719.01970885257,351.79754927213145,stop,4,-1.0,-23091.35960316076,-0.1640955121129805
SRF,trend_lowbeta,2015-02-12,2015-04-27,177.96747089462468,157.20984020028789,181.7787555284499,1052,187221.77938114517,468.0544484528629,stop,46,0.18360884678736597,3541.416986331258,0.018915625083990143
GRANULES,trend_lowbeta,2015-03-23,2015-04-27,83.71483951481673,72.3793098731464,78.90407154213153,2062,172619.9990795521,431.54999769888025,stop,21,-0.4243972822408246,-10351.353557375758,-0.05996613145968867
WOCKPHARMA,trend_lowbeta,2015-04-17,2015-04-27,1555.0659199732272,1365.3127978616528,1365.3127978616528,120,186607.91039678728,466.51977599196823,stop,6,-1.0,-23236.894429380896,-0.12452255844873848
AJANTPHARM,trend_lowbeta,2015-03-23,2015-04-29,695.0086034475966,600.7966791843719,722.8386052526519,248,172362.13365500394,430.90533413750984,stop,23,0.2953978705211381,6470.935113516205,0.03754267237413224
BHARATFORG,trend_lowbeta,2015-04-24,2015-06-09,551.8295854079355,499.5575200360244,526.2766706285591,423,233423.91462755672,583.5597865688918,stop,31,-0.4888445596624056,-11392.442738245089,-0.048805807907139606
BOSCHLTD,trend_lowbeta,2015-04-24,2015-06-11,19657.820639274607,17573.738207819224,18290.495990946914,10,196578.20639274607,491.4455159818652,stop,33,-0.6560799264417028,-14164.69199925879,-0.07205626838897378
SAMMAANCAP,trend_lowbeta,2015-03-16,2015-06-15,372.59824191528264,335.3710439683502,366.173828125,570,212380.9978917111,530.9524947292778,time,60,-0.17257312246386836,-4192.868355190384,-0.019742201029341832
TITAGARH,trend_lowbeta,2015-03-23,2015-06-22,110.90865291551944,80.99872499172992,102.69856262207031,781,86619.65792702069,216.5491448175517,time,60,-0.2744938173829249,-6628.62966400132,-0.07652569662173121
EMAMILTD,trend_lowbeta,2015-05-04,2015-07-10,384.3514768111298,341.04525070808944,470.23675187023144,506,194481.8472664317,486.20461816607923,stop,49,1.9832084849589766,42971.74456173934,0.22095504112972514
BRITANNIA,trend_lowbeta,2015-04-24,2015-07-20,916.5460147622873,829.6120447298076,1231.4189453125,254,232802.68774962096,582.0067193740524,time,60,3.621978041869846,79395.71764037997,0.34104295963184916
NATCOPHARM,trend_lowbeta,2015-04-24,2015-07-20,360.5562269347034,287.3640064960733,447.12530517578125,302,108887.98053428042,272.21995133570107,time,60,1.1827633828060176,25871.64167746982,0.23759869133880057
AJANTPHARM,trend_lowbeta,2015-05-04,2015-07-27,798.9016723013727,685.0672989933751,941.7435913085938,192,153389.12108186356,383.47280270465893,time,60,1.2548223779537893,27042.175646681775,0.17629787207822517
GRANULES,trend_lowbeta,2015-05-04,2015-07-27,78.65823631443979,66.223206261732,107.49958801269531,1762,138595.8123860429,346.4895309651073,time,60,2.31936324850097,50471.972161361125,0.3641666461088823
WOCKPHARMA,trend_lowbeta,2015-05-04,2015-07-27,1294.978899948874,1058.3220646184363,1359.682373046875,92,119138.0587952964,297.845146988241,time,60,0.2734063142848053,5654.874378027855,0.04746488599200771
GLENMARK,trend_lowbeta,2015-06-15,2015-07-28,857.9408033078448,787.9306691038726,955.4274606712028,308,264245.7674188162,660.6144185470406,stop,31,1.3924649405660863,29365.276049367207,0.11112865245188479
BRITANNIA,trend_lowbeta,2015-07-20,2015-08-21,1237.8712093730846,1166.9128981547155,1370.0712947212892,324,401070.27183687943,1002.6756795921985,stop,24,1.8630669625347804,41830.15197322607,0.10429631640771157
BHARATFORG,trend_lowbeta,2015-06-15,2015-08-24,502.624741545759,439.46628233787527,508.8387816011504,342,171897.66160864956,429.7441540216239,stop,50,0.09838808820427587,1695.4575449222423,0.009863179807426363
BOSCHLTD,trend_lowbeta,2015-06-15,2015-08-24,18153.38139288296,16377.180527658826,21125.68672753161,12,217840.5767145955,544.6014417864887,stop,50,1.673406084211983,35123.06257399734,0.1612328754528314
BAJFINANCE,trend_lowbeta,2015-06-22,2015-08-24,51.94276220902943,47.270273241994005,48.54937939548106,4614,239663.9048324618,599.1597620811544,stop,45,-0.7262473678351742,-16256.228063793336,-0.0678292714756414
TORNTPHARM,trend_lowbeta,2015-07-20,2015-08-24,580.1935913568543,544.6260101856989,663.4291608420097,647,375385.25360788475,938.4631340197119,stop,25,2.3402088852940506,52914.9503228758,0.14096171816634287
AJANTPHARM,trend_lowbeta,2015-07-27,2015-08-24,949.7455950027143,871.8547117140936,927.4252218880122,306,290622.1520708306,726.5553801770765,stop,20,-0.28655950699641036,-7556.589553275913,-0.026001423151784442
EMAMILTD,trend_lowbeta,2015-07-13,2015-08-25,479.38343694780866,427.8681157560412,496.1201533182233,426,204217.3441397665,510.5433603494163,stop,31,0.3248881300402197,6619.297813447214,0.03241300508206082
GLENMARK,trend_lowbeta,2015-08-03,2015-08-25,958.8183781572023,866.8994355743121,1061.0454768938807,262,251210.415077187,628.0260376929675,stop,16,1.1121439810351654,26155.47383131677,0.10411779234264722
ZYDUSLIFE,trend_lowbeta,2015-08-03,2015-08-25,341.24714323819967,307.51207176843593,322.58009017307586,716,244332.95455855096,610.8323863963774,stop,16,-0.5533426268817845,-13976.442381025026,-0.05720244494352794
BOSCHLTD,trend_lowbeta,2015-08-31,2015-09-07,20606.911437467104,18844.216742974862,18844.216742974862,14,288496.7601245395,721.2419003113488,stop,5,-1.0,-25398.967623202738,-0.0880390047092328
BRITANNIA,trend_lowbeta,2015-08-24,2015-09-08,1291.5843359127107,1190.6770726792868,1190.6770726792868,250,322896.0839781777,807.2402099454442,stop,11,-1.0,-26034.056018301424,-0.08062673197381014
TORNTPHARM,trend_lowbeta,2015-08-24,2015-09-10,652.7178414369781,576.4161139365266,626.1038210232014,330,215396.8876742028,538.492219185507,stop,13,-0.3487997098574113,-9321.118955731838,-0.04327415802697408
EMAMILTD,trend_lowbeta,2015-08-31,2015-09-21,501.7818481411236,448.07487355917135,451.53310667424614,473,237342.81417075146,593.3570354268786,stop,14,-0.935609236193377,-24361.01174925991,-0.10264061220633322
ZYDUSLIFE,trend_lowbeta,2015-08-31,2015-10-30,346.9102183783747,311.78270135756594,355.7546503087955,723,250816.0878875649,627.0402197189122,stop,40,0.25178073147559954,5767.484065975324,0.022994872914853668
EMAMILTD,trend_lowbeta,2015-09-22,2015-10-30,454.77954483247913,404.116434137609,434.0307648577834,485,220568.07924375238,551.420198109381,stop,25,-0.40954413754141283,-10614.578485836799,-0.048123819739602954
WELSPUNLIV,trend_lowbeta,2015-08-24,2015-11-05,68.20808132215883,53.631010292360415,64.9199439503202,1731,118068.18876865694,295.17047192164233,stop,49,-0.22556913972066311,-5986.936262574311,-0.05070744562961939
PAGEIND,trend_lowbeta,2015-08-24,2015-11-13,12121.579121151448,10491.055963757013,11113.970344772542,15,181823.68681727172,454.55921704317933,stop,53,-0.6179665537465029,-15568.690862726762,-0.08562520722821394
BRITANNIA,trend_lowbeta,2015-09-14,2015-11-13,1289.0064267592008,1173.7883837836687,1263.5840351486986,215,277136.3817532282,692.8409543830705,stop,38,-0.22064592449206044,-6158.655150641053,-0.02222247079824017
AJANTPHARM,trend_lowbeta,2015-08-24,2015-11-16,857.8878522199761,762.7074067552904,807.2322029535004,265,227340.28083829366,568.3507020957342,stop,54,-0.5322064739155926,-13992.097757711805,-0.061546936187979524
INDUSTOWER,trend_lowbeta,2015-08-24,2015-11-24,256.3678234457492,219.5426617283868,256.23193359375,685,175611.9590603382,439.02989765084556,time,60,-0.0036901359196238304,-532.1144462702944,-0.003030058141356228
BAJAJFINSV,trend_lowbeta,2015-08-24,2015-11-24,170.8143985240262,150.91844418096525,196.148193359375,1268,216592.6573284652,541.481643321163,time,60,1.273313880727939,31581.77020790113,0.14581182297425263
EMAMILTD,trend_lowbeta,2015-10-30,2015-11-24,453.50923864289564,404.8258602896314,404.8258602896314,503,228115.1470373765,570.2878675934413,stop,15,-1.0,-25058.02717928535,-0.10984815127239056
CUMMINSIND,trend_lowbeta,2015-09-07,2015-12-09,871.9790714953057,763.370026744187,818.8607788085938,231,201427.1655154156,503.56791378853904,time,60,-0.48907798432841687,-12773.893524418992,-0.06341693530628262
BAJAJFINSV,trend_lowbeta,2015-11-24,2015-12-09,197.65949630371975,183.94499396466637,185.73027914818917,1762,348276.0324871542,870.6900812178854,stop,10,-0.8698250115544457,-21889.97070926277,-0.06285236039051914
ZYDUSLIFE,trend_lowbeta,2015-10-30,2015-12-10,382.7156491897263,344.6648655189488,344.6648655189488,644,246468.87807818374,616.1721951954594,stop,26,-1.0,-25120.8768791762,-0.10192311936116928
AJANTPHARM,trend_lowbeta,2015-11-17,2015-12-10,810.9849539862844,735.5675686552938,735.5675686552938,319,258704.20032162472,646.7605008040618,stop,16,-1.0,-24704.90642139005,-0.09549480213570773
TORNTPHARM,trend_lowbeta,2015-09-14,2015-12-16,631.5216513253175,553.808841256736,606.7642211914062,319,201455.4067727763,503.6385169319408,time,60,-0.31857592219433106,-8401.258729649637,-0.041702820809001694
GODFRYPHLP,trend_lowbeta,2015-11-24,2015-12-17,390.80513823781945,330.70779423061526,381.70059209864263,402,157103.66557160343,392.7591639290086,stop,16,-0.15149664747389516,-4052.7867118780896,-0.025796894662721562
JUBLPHARMA,trend_lowbeta,2015-11-17,2016-01-13,280.36167372098913,242.6440934747253,255.1637120657873,639,179151.10950771204,447.8777737692801,stop,38,-0.6680694119474393,-16549.375271443245,-0.09237662728921493
TITAGARH,trend_lowbeta,2015-12-09,2016-01-13,129.468439329027,113.39034112576623,137.25915762978366,1482,191872.227085618,479.680567714045,stop,23,0.48455471550588153,11066.163954007312,0.05767465214790738
TORNTPHARM,trend_lowbeta,2015-12-16,2016-01-15,611.4050421232903,560.9062596294692,570.4287366257881,460,281246.31937671354,703.1157984417839,stop,20,-0.8114315528798329,-19552.216327292776,-0.06951990116927961
AJANTPHARM,trend_lowbeta,2015-12-16,2016-01-15,770.8253945530802,695.0463748435116,707.5318925543537,306,235872.57073324252,589.6814268331063,stop,20,-0.835237803831532,-19957.49303844341,-0.08461133474063041
WELSPUNLIV,trend_lowbeta,2015-11-06,2016-01-18,65.36183914750997,57.55740161121531,72.23353608382644,3135,204909.36572744374,512.2734143186094,stop,46,0.8804858651708769,21030.49648103352,0.10263316372276916
INDUSTOWER,trend_lowbeta,2015-11-24,2016-01-18,258.95054889029547,232.1735865828347,258.60621701674984,902,233573.39509904652,583.9334877476164,stop,36,-0.012859258253117362,-894.5208376857722,-0.003829720578006976
PAGEIND,trend_lowbeta,2015-12-09,2016-01-18,11334.589809149435,10437.374621905274,10946.291627754168,26,294699.3350378853,736.7483375947132,stop,26,-0.43278155220259124,-10832.501053871643,-0.03675780623149035
GODFRYPHLP,trend_lowbeta,2015-12-23,2016-01-18,357.30359098046034,284.75264273132024,298.19409899377024,319,113979.84552276685,284.9496138069171,stop,16,-0.8147307983309603,-19140.877557561056,-0.1679321240502802
JUBLPHARMA,trend_lowbeta,2016-01-15,2016-01-18,231.8848094024822,202.35603639394208,202.35603639394208,770,178551.3032399113,446.37825809977824,stop,1,-1.0,-23183.533474675678,-0.12984242094007578
TITAGARH,trend_lowbeta,2016-01-15,2016-01-19,121.68670028651088,106.91944563118741,106.91944563118741,1540,187397.51844122677,468.4937961030669,stop,2,-1.0,-23210.065965301208,-0.12385471354350164
BRITANNIA,trend_lowbeta,2015-11-17,2016-01-20,1237.4462944415982,1148.4197148699654,1166.2427521851391,270,334110.4994992315,835.2762487480788,stop,43,-0.7998009425844237,-20060.232657992026,-0.06004071314148619
DIVISLAB,trend_lowbeta,2016-01-22,2016-02-09,1013.115269060164,926.1279169243875,955.3829777371111,252,255305.04780316132,638.2626195079033,stop,11,-0.6636860406204791,-15186.800032917232,-0.059484918780870186
FORTIS,trend_lowbeta,2015-12-16,2016-02-11,170.59315921105247,150.9639474879499,158.72721813352047,1184,201982.30050588612,504.9557512647153,stop,38,-0.6045042075513607,-14554.229987062603,-0.07205695722154856
TATAELXSI,trend_lowbeta,2016-01-15,2016-02-11,784.2283524016939,682.0620691970698,867.5960277352729,222,174098.69423317604,435.2467355829401,stop,18,0.8159998848798852,18072.377188471593,0.103805357461594
GODFRYPHLP,trend_lowbeta,2016-01-22,2016-02-11,347.4768333088741,271.635686894742,271.635686894742,289,100420.80482626462,251.05201206566156,stop,13,-1.0,-22169.14332574985,-0.22076245419566293
BAJFINANCE,trend_lowbeta,2016-01-22,2016-02-12,56.03675906840119,51.431592145206345,58.04953768859161,4775,267575.5245516157,668.9388113790393,stop,14,0.43706963368747015,8942.079100030236,0.03341889776733035
BRITANNIA,trend_lowbeta,2016-01-22,2016-02-12,1131.1889484673252,1038.1201682386172,1109.7362531121892,236,266960.59183828876,667.4014795957219,stop,14,-0.23050366946271353,-5730.237583407825,-0.02146473209378751
JUBLPHARMA,trend_lowbeta,2016-01-22,2016-02-12,232.29384763289352,187.67949303254755,190.63586666158218,492,114288.57303538361,285.72143258845904,stop,14,-0.9337349233107206,-20781.448070473634,-0.18183312223208634
TITAGARH,trend_lowbeta,2016-01-22,2016-02-12,131.99747696084816,107.21307042097375,108.68007043994919,887,117081.76206427232,292.7044051606808,stop,14,-0.9408095563387706,-20975.243989198065,-0.17915039558153945
HINDPETRO,trend_lowbeta,2016-02-15,2016-02-23,65.27697764127548,58.01106723211501,58.01106723211501,2927,191065.71355601333,477.66428389003335,stop,6,-1.0,-21744.984051502724,-0.11380892807399433
TATAELXSI,trend_lowbeta,2016-02-15,2016-02-29,859.8218096168267,712.6470070895654,712.6470070895654,144,123814.34058482305,309.5358514620576,stop,10,-1.0,-21502.707415387693,-0.17366895719689726
WELSPUNLIV,trend_lowbeta,2016-01-22,2016-03-29,75.98463038003403,66.09880504507647,86.99943240978675,2224,168989.8179651957,422.47454491298924,stop,43,1.1142015619882488,24074.44516925705,0.14246092136873775
AJANTPHARM,trend_lowbeta,2016-01-15,2016-04-18,689.9065978390428,631.3212774792844,908.2993774414062,388,267683.7599615486,669.2093999038715,time,60,3.7277730711595645,84067.18908581315,0.31405412527786136
GODFRYPHLP,trend_lowbeta,2016-02-15,2016-04-28,294.5199164132254,226.23612377709577,254.35175859066842,311,91595.6940045131,228.98923501128277,stop,47,-0.588253175048505,-12721.286317826507,-0.1388852004025397
BRITANNIA,trend_lowbeta,2016-02-15,2016-05-17,1140.8138711149602,1037.7213544372933,1291.4339599609375,206,235007.6574496818,587.5191436242045,time,60,1.4610186432533403,30440.21915864712,0.12952862680725527
BAJFINANCE,trend_lowbeta,2016-02-15,2016-05-17,59.56833063306931,52.86373632461098,74.84549713134766,3172,188950.74476809584,472.3768619202396,time,60,2.2786116199462074,47986.795270618684,0.253964573304615
BALRAMCHIN,trend_lowbeta,2016-02-15,2016-05-17,71.32828486384794,57.89405736780046,101.35436248779297,1583,112912.6749394713,282.28168734867825,time,60,2.2350431115431886,47248.9991913563,0.4184561141314286
DIVISLAB,trend_lowbeta,2016-02-15,2016-05-17,908.5151671183173,824.4783159631745,1014.6231079101562,253,229854.33728093427,574.6358432023356,time,60,1.262635847646767,26270.67317713291,0.11429270157745239
JUBLPHARMA,trend_lowbeta,2016-02-15,2016-05-17,216.6803640857475,169.46053611662524,265.9754638671875,450,97506.16383858638,243.76540959646596,time,60,1.0439491607990352,21939.029492051537,0.22500146276259866
BALRAMCHIN,trend_lowbeta,2016-05-17,2016-05-24,100.52395483943336,90.78747210343236,90.78747210343236,2416,242865.874892071,607.1646872301775,stop,5,-1.0,-24130.50697740858,-0.09935733864682354
BAJFINANCE,trend_lowbeta,2016-05-17,2016-05-24,74.61253354686797,70.20370805105303,70.20370805105303,5337,398207.09153963433,995.5177288490859,stop,5,-1.0,-24525.41940001341,-0.06158960983137676
JUBLPHARMA,trend_lowbeta,2016-05-17,2016-05-24,266.1800690876011,240.4802774069546,240.4802774069546,915,243554.76321515502,608.8869080378876,stop,5,-1.0,-24124.196295829446,-0.09905039826512552
INTELLECT,trend_lowbeta,2016-02-29,2016-05-31,148.48921565771533,117.01634787093482,193.01318359375,662,98299.86076540755,245.74965191351887,time,60,1.4146778182932533,29229.117121741427,0.29734647530678265
HINDPETRO,trend_lowbeta,2016-02-29,2016-05-31,61.5660295252329,53.94434824429463,81.83563232421875,2733,168259.9586924615,420.6498967311538,time,60,2.659466074720269,54976.17455289717,0.3267335555060982
IGL,trend_lowbeta,2016-05-17,2016-05-31,51.078842851989855,48.16403108261009,48.16403108261009,8072,412308.4195012621,1030.7710487531551,stop,10,-1.0,-24559.131651186635,-0.05956495305357561
CEATLTD,trend_lowbeta,2016-05-24,2016-06-17,829.2730222318303,746.2405813076246,746.2405813076246,274,227220.8080915215,568.0520202288037,stop,18,-1.0,-23318.940833461173,-0.1026267841810888
WELSPUNLIV,trend_lowbeta,2016-03-31,2016-06-24,92.11383922205582,79.58755245974865,91.99273793339421,1682,154935.47757149788,387.3386939287447,stop,58,-0.00966777233824886,-591.0310614575661,-0.0038146915782076045
ESCORTS,trend_lowbeta,2016-05-31,2016-06-24,165.97413275364192,150.68057696995015,176.1265046573443,1529,253774.4489803185,634.4361224507962,stop,18,0.6638333195559609,14888.540518310134,0.058668398564682984
MPHASIS,trend_lowbeta,2016-04-18,2016-07-13,379.3450706037672,339.23251277899266,413.7832946777344,546,207122.40854965692,517.8060213741423,time,60,0.858539717771306,18285.46432301192,0.08828337045254107
GODFRYPHLP,trend_lowbeta,2016-05-03,2016-07-27,246.3772182801733,210.80914962159568,333.17559814453125,612,150782.85758746607,376.9571439686652,time,60,2.440345600362688,52743.651333018395,0.34979872498054276
BAJFINANCE,trend_lowbeta,2016-05-24,2016-08-03,73.31743647760027,68.32702124535643,101.0568257151787,4569,334987.3672661556,837.468418165389,stop,50,5.5585332976602855,125903.80100833048,0.37584641485389764
BALRAMCHIN,trend_lowbeta,2016-05-24,2016-08-11,92.39460902873087,78.91990839608012,100.46170293126997,1692,156331.67847661264,390.8291961915316,stop,56,0.598684462272327,13258.693686904626,0.08481130514368615
HINDPETRO,trend_lowbeta,2016-05-31,2016-08-11,83.05894844375766,75.08271759779979,110.85407062813064,2933,243611.89578554122,609.029739463853,stop,51,3.4847439500147828,80914.06362730212,0.33214331905422706
MANAPPURAM,trend_lowbeta,2016-06-21,2016-08-11,53.30292808349434,47.212290416491506,67.84648484236546,3803,202711.035501529,506.7775887538225,stop,36,2.3878545324841003,54802.36876523302,0.27034723901264696
PETRONET,trend_lowbeta,2016-05-24,2016-08-19,87.30805002563363,80.79943493253228,117.10352325439453,3503,305840.0992397946,764.6002480994865,time,60,4.577851478779544,103608.94247224994,0.33876833917391297
SHRIRAMFIN,trend_lowbeta,2016-05-31,2016-08-26,199.5629436923779,180.02314442445154,213.68104553222656,1197,238876.84359977636,597.192108999441,time,60,0.722530546310312,16302.17579329941,0.06824510717586639
JUBLPHARMA,trend_lowbeta,2016-07-13,2016-09-12,209.24858043235238,188.43164237329694,378.72830139781104,1128,236032.39872769348,590.0809968192337,stop,40,8.1414336961883,190583.04425221813,0.8074444240686234
GODFRYPHLP,trend_lowbeta,2016-07-27,2016-09-14,336.4323416289764,291.7390351978539,370.21790733363616,537,180664.16745476035,451.6604186369009,stop,31,0.7559424084393302,17691.18836476538,0.09792306141280277
SHRIRAMFIN,trend_lowbeta,2016-08-26,2016-09-14,213.1630109836414,198.36055882318664,198.36055882318664,1889,402664.9277480986,1006.6623193702466,stop,11,-1.0,-28968.49445046932,-0.07194193597260994
ESCORTS,trend_lowbeta,2016-06-28,2016-09-27,207.844882800444,184.16299451240974,362.75506591796875,984,204519.3646756369,511.29841168909223,time,60,6.541293550303426,151920.32177595526,0.7428163197010584
CEATLTD,trend_lowbeta,2016-06-28,2016-09-27,745.394119127328,673.3575048688929,1082.495849609375,323,240762.30047812697,601.9057511953174,time,60,4.679588761246837,108281.95319450586,0.44974629740399563
MANAPPURAM,trend_lowbeta,2016-08-19,2016-09-29,72.77912166694482,64.24721202174058,70.9422104168626,3258,237114.3783909062,592.7859459772656,stop,27,-0.21529895726389306,-6577.442798745151,-0.027739535845024102
JSWSTEEL,trend_lowbeta,2016-09-20,2016-09-29,158.13488370553475,148.52902193164863,148.52902193164863,3098,489901.86971974664,1224.7546742993666,stop,7,-1.0,-30983.71444979856,-0.06324473606831325
GODFRYPHLP,trend_lowbeta,2016-09-20,2016-09-29,374.90089672679227,330.09497992218894,330.09497992218894,664,248934.19542659007,622.3354885664752,stop,7,-1.0,-30373.464246823085,-0.12201402942963746
ESCORTS,trend_lowbeta,2016-09-27,2016-09-29,363.4175723173885,329.6862048435136,329.6862048435136,959,348517.4518523755,871.2936296309389,stop,2,-1.0,-33219.67503707692,-0.09531710639026496
BIOCON,trend_lowbeta,2016-10-04,2016-10-26,156.75763873833932,143.88628367103337,149.04243288163423,2435,381704.85032785626,954.2621258196407,stop,14,-0.5994089834645461,-19740.788386896555,-0.0517174156156011
JSWSTEEL,trend_lowbeta,2016-10-04,2016-10-26,161.99406301076547,149.95937643769517,149.95937643769517,2604,421832.5400800333,1054.5813502000833,stop,14,-1.0,-32392.905186475153,-0.07679091134204422
PETRONET,trend_lowbeta,2016-08-19,2016-11-02,117.20572060032895,109.92229351307863,127.98561552036087,3817,447374.2355314556,1118.435588828639,stop,48,1.48005805383872,40028.42332093321,0.08947413628632789
BAJFINANCE,trend_lowbeta,2016-08-03,2016-11-04,97.75597025747494,86.05555834998582,97.50062867484343,2160,211152.89575614588,527.8822393903647,stop,60,-0.021823298585588985,-1079.4200578744392,-0.005112030569171208
INDIACEM,trend_lowbeta,2016-09-27,2016-11-04,142.23916578259008,129.70273715217652,138.03568748179714,2581,367119.28688486497,917.7982172121624,stop,25,-0.33530109927760765,-11766.975711558734,-0.03205218612022709
ESCORTS,trend_lowbeta,2016-10-04,2016-11-04,388.7810582197714,344.62496529841656,344.62496529841656,709,275645.7702778179,689.1144256945448,stop,20,-1.0,-31995.784306935137,-0.11607573109025841
MUTHOOTFIN,trend_lowbeta,2016-08-19,2016-11-09,296.0986131604241,251.05729774661745,263.6595137202644,617,182692.8443199817,456.7321107999542,stop,53,-0.7202076391893312,-20471.656465378514,-0.11205505361514295
BALRAMCHIN,trend_lowbeta,2016-08-19,2016-11-09,103.36484125431085,91.11281527711331,90.14986174152942,2269,234534.8248060313,586.3370620150782,stop,53,-1.0785954533051156,-30571.125576516133,-0.13034791571699234
CHOLAFIN,trend_lowbeta,2016-09-12,2016-11-09,204.33843432413454,184.79100816464168,202.9467297413826,1528,312229.12764727755,780.5728191181939,stop,38,-0.0711963084754299,-2907.097421563161,-0.009310782256187458
MANAPPURAM,trend_lowbeta,2016-10-04,2016-11-09,77.75833272290507,69.31642492200092,72.19824509121081,3713,288716.68940014654,721.7917235003664,stop,23,-0.6586292770336536,-21366.39709998115,-0.07400471771955108
BIOCON,trend_lowbeta,2016-10-27,2016-11-09,151.02461928186423,138.00878523424853,134.03025227320487,2368,357626.2984594545,894.0657461486362,stop,8,-1.3056686914176256,-41136.72682265401,-0.11502713027497849
BAJFINANCE,trend_lowbeta,2016-11-04,2016-11-09,97.49528544664362,86.65969731376273,86.65969731376273,2840,276886.6106684679,692.2165266711697,stop,3,-1.0,-31465.286824052888,-0.11363961134880614
PETRONET,trend_lowbeta,2016-11-04,2016-11-09,125.22201139940034,112.60070827463737,112.60070827463737,2438,305291.263791738,763.2281594793451,stop,3,-1.0,-31533.965177651477,-0.10329141026178577
BAJAJFINSV,trend_lowbeta,2016-11-04,2016-11-09,323.27709881579193,289.16130747569184,289.16130747569184,902,291595.94313184434,728.9898578296109,stop,3,-1.0,-31501.433646599893,-0.10803111081815224
ESCORTS,trend_lowbeta,2016-11-04,2016-11-09,340.7512842558556,292.2853566043801,282.9735887661561,635,216377.0655024683,540.9426637561708,stop,3,-1.1921301889687552,-37229.77929971532,-0.17205972921973392
RAMCOCEM,trend_lowbeta,2016-11-11,2016-11-15,570.5444079161082,513.8134133377534,513.8134133377534,498,284131.11514222185,710.3277878555547,stop,1,-1.0,-28962.363087876216,-0.10193309195784173
CUB,trend_lowbeta,2016-11-11,2016-11-16,85.60141473891166,80.62789028553841,80.62789028553841,5689,486986.4484496684,1217.466121124171,stop,2,-1.0,-29511.846736364554,-0.06060096093087629
MUTHOOTFIN,trend_lowbeta,2016-11-11,2016-11-21,282.5631687679696,245.05519008936872,245.05519008936872,754,213052.62925104907,532.6315731276227,stop,5,-1.0,-28813.647496792695,-0.13524192401700114
JSWSTEEL,trend_lowbeta,2016-10-27,2016-12-20,148.98065582670333,136.27996356036573,142.69836559543887,2427,361576.05169140897,903.9401292285224,stop,36,-0.4946415596506718,-16151.058520507353,-0.04466849628163884
RAMCOCEM,trend_lowbeta,2016-11-21,2016-12-26,509.8532554730796,431.0199212211993,485.0924771120228,347,176919.07964915864,442.2976991228966,stop,25,-0.3140902081084596,-9034.287790409624,-0.05106451948724337
CHOLAFIN,trend_lowbeta,2016-11-11,2017-02-07,181.30771443347794,151.05599780869346,204.17245483398438,935,169522.71299530187,423.80678248825467,time,60,0.7558162957858041,20954.72549198526,0.12361013531305387
BIOCON,trend_lowbeta,2016-11-11,2017-02-07,144.6363877809993,130.46675374359938,179.7553253173828,1997,288838.86639865563,722.0971659966391,time,60,2.4784646832578097,69410.4210941612,0.24030845280482743
BAJFINANCE,trend_lowbeta,2016-11-11,2017-02-07,83.86254430186914,71.06574048968129,102.43377685546875,2211,185420.08545143265,463.5502136285816,time,60,1.451239921011536,40597.44496238017,0.21894847509933824
BALRAMCHIN,trend_lowbeta,2016-11-11,2017-02-07,104.48370567564965,91.44160440339125,142.57200622558594,2169,226625.15761048408,566.5628940262102,time,60,2.9204113474377933,82046.96099878561,0.36203818615674277
IGL,trend_lowbeta,2016-11-11,2017-02-07,75.18351257906194,68.88044942090347,89.38077545166016,4489,337498.78796740907,843.7469699185227,time,60,2.2524386185503746,62887.76606517487,0.18633479084152352
PETRONET,trend_lowbeta,2016-11-11,2017-02-07,123.54048077117564,109.62656345978975,130.215087890625,2033,251157.79740780007,627.8944935195002,time,60,0.4797072578537943,12941.581780321054,0.05152769260556963
JSWSTEEL,trend_lowbeta,2016-12-26,2017-02-13,138.0942925620192,128.44127928768336,165.0740410027567,2815,388735.43356208404,971.8385839052102,stop,34,2.7949561110070857,74976.15327677084,0.19287192986176951
MUTHOOTFIN,trend_lowbeta,2016-11-21,2017-02-14,243.3859881823576,195.61526167026315,281.6383972167969,574,139703.55721667327,349.25889304168317,time,60,0.8007499953921494,21607.623892726457,0.15466767148394156
MANAPPURAM,trend_lowbeta,2016-11-21,2017-02-14,59.34426488719144,43.25494078994394,82.62228393554688,1704,101122.62736777421,252.80656841943554,time,60,1.446799064252658,39412.93788997822,0.38975389500746244
BIOCON,trend_lowbeta,2017-02-07,2017-03-02,179.68980495497988,167.47196170772537,168.3407970499952,2460,442036.9201892505,1105.0923004731262,stop,16,-0.9288879940029467,-29023.65174673546,-0.06565888599149022
HINDZINC,trend_lowbeta,2017-02-07,2017-03-10,140.57978017095965,128.98365169085554,128.98365169085554,2592,364382.7902031274,910.9569755078186,stop,22,-1.0,-30968.12199593768,-0.08498788315077753
SWANCORP,trend_lowbeta,2016-12-26,2017-03-23,150.70373876067626,105.50698362087698,152.394775390625,601,90572.94699516644,226.43236748791608,time,60,0.03741500080521601,789.8806471112771,0.008720933494119721
TATACOMM,trend_lowbeta,2017-02-07,2017-04-24,410.8858620648507,376.41812876201584,379.9104413019784,872,358292.4717205498,895.7311793013745,stop,50,-0.8986787872216909,-27906.298084526035,-0.07788692279945963
BIOCON,trend_lowbeta,2017-03-08,2017-05-03,176.1598760311231,163.07229031804414,171.86842751459773,2378,418908.18520201073,1047.2704630050268,stop,36,-0.3279022281578455,-11252.335035302376,-0.0268611009113516
IGL,trend_lowbeta,2017-02-07,2017-05-09,89.1618040763859,84.20759038040609,88.5749740600586,6068,541033.8271355097,1352.5845678387743,time,60,-0.11845068709965122,-4913.469106912903,-0.009081630131940445
CHENNPETRO,trend_lowbeta,2017-02-07,2017-05-09,263.8490554160763,242.03917617321258,296.97979736328125,1378,363583.99836335314,908.9599959083829,time,60,1.519070398248331,44745.20240734006,0.12306702882623363
JSWSTEEL,trend_lowbeta,2017-02-14,2017-05-16,164.1480059307989,147.71422261940614,180.9755859375,1912,313850.9873396875,784.6274683492187,time,60,1.0239626316014139,31389.705504463305,0.10001467820934261
ESCORTS,trend_lowbeta,2017-02-14,2017-05-16,364.12735112067867,333.9827455896857,620.7437744140625,1042,379420.6998677472,948.5517496693681,time,60,8.512847283058502,266445.76132203656,0.7022436082557179
ITI,trend_lowbeta,2017-04-24,2017-05-17,104.80000305175781,89.21331334269645,94.09864020565394,1960,205408.0059814453,513.5200149536133,stop,16,-0.6865705961851933,-21488.191193317212,-0.10461223792444711
CESC,trend_lowbeta,2017-03-16,2017-05-18,52.032291688338724,48.26531125583193,56.05899679332096,8182,425728.21059398743,1064.3205264849687,stop,42,1.0689477094795008,31882.180642479674,0.07488857879067211
MANAPPURAM,trend_lowbeta,2017-05-09,2017-05-22,80.43806090216512,74.05296749013196,74.05296749013196,4829,388435.39609655534,971.0884902413884,stop,9,-1.0,-31804.704576949505,-0.08187900715681341
ESCORTS,trend_lowbeta,2017-05-16,2017-05-23,618.2357719983743,579.114507659298,579.114507659298,864,534155.7070065953,1335.3892675164884,stop,5,-1.0,-35136.16165647834,-0.06577887532716094
IOC,trend_lowbeta,2017-05-16,2017-05-26,82.34309373050876,77.06884911516644,77.06884911516644,6411,527901.5739062916,1319.7539347657291,stop,8,-1.0,-35132.93616372529,-0.06655205799776943
PVRINOX,trend_lowbeta,2017-05-23,2017-06-06,1453.7110782585603,1351.456336329087,1351.456336329087,325,472456.1004340321,1181.1402510850803,stop,10,-1.0,-34413.93137816391,-0.07284048474884502
NATCOPHARM,trend_lowbeta,2017-05-09,2017-06-14,834.5504605679778,763.4295533163037,906.4069288420438,433,361360.3494259344,903.4008735648359,stop,26,1.0103424021264105,30210.44988910577,0.08360200541398305
RECLTD,trend_lowbeta,2017-05-30,2017-06-22,78.00436048026536,68.86457724363207,68.86457724363207,3599,280737.693368475,701.8442334211876,stop,17,-1.0,-33595.924102064404,-0.11967015792912761
ESCORTS,trend_lowbeta,2017-05-23,2017-06-23,557.0509074306909,517.5720307685048,647.4599617282505,842,469036.86405664176,1172.5921601416044,stop,23,2.2900614693567403,74951.83155840356,0.15979944712693678
IOC,trend_lowbeta,2017-05-30,2017-06-23,77.85900331897669,71.28388275172117,71.28388275172117,5003,389528.5936048404,973.821484012101,stop,18,-1.0,-33869.14968199149,-0.08694907187314277
IGL,trend_lowbeta,2017-05-09,2017-06-28,88.5749701671622,83.23457634011778,90.33429524286412,5774,511431.8777451946,1278.5796943629864,stop,35,0.3294373285341742,8879.763292739837,0.017362553409633004
ITI,trend_lowbeta,2017-05-23,2017-06-28,77.0,60.896840447558155,84.73557082824158,2064,158928.0,397.32,stop,25,0.48037596616053985,15568.898189490617,0.09796195880833218
VEDL,trend_lowbeta,2017-04-24,2017-07-19,83.41201035534107,76.11083187767936,97.87796783447266,4184,348995.85132674704,872.4896283168677,time,60,1.981318156156688,59653.0764643697,0.17092775240047067
NATCOPHARM,trend_lowbeta,2017-06-20,2017-08-09,898.3471302108313,818.1932792289584,830.0755713892918,409,367423.97625623003,918.5599406405751,stop,35,-0.8517564407102464,-28841.627498650247,-0.0784968574792653
BALKRISIND,trend_lowbeta,2017-06-06,2017-08-10,725.7660591281638,661.0627962072327,697.4499630299697,503,365060.32774146635,912.6508193536658,stop,46,-0.43763011044430683,-15155.64715674528,-0.041515459240694115
ITI,trend_lowbeta,2017-06-28,2017-08-10,88.5,73.61334227853219,83.53867491748413,2228,197178.0,492.945,stop,31,-0.33327326894613973,-11546.777283845358,-0.05856017042390813
ESCORTS,trend_lowbeta,2017-06-28,2017-08-10,624.8131837743587,564.3906987572186,586.3681208382311,549,343022.4378921229,857.5560947303072,stop,31,-0.636270800931505,-21963.895646664332,-0.06403049252880581
RECLTD,trend_lowbeta,2017-06-28,2017-08-10,64.76897860035261,58.37229400532356,61.80993078469908,5186,335891.92302142864,839.7298075535716,stop,31,-0.4625908580756115,-16185.351779532799,-0.04818618927761545
LTF,trend_lowbeta,2017-07-26,2017-08-11,140.84745013611408,126.18598584706187,135.15677300815224,2303,324371.67766347073,810.9291941586769,stop,12,-0.3881383888927857,-13916.55861985478,-0.04290312495868686
BAJAJFINSV,trend_lowbeta,2017-05-23,2017-08-17,399.8066672887546,355.0022386177491,528.1806640625,742,296656.54712825594,741.6413678206399,time,60,2.865207761410882,94511.86423829843,0.31859018502442604
INDIGO,trend_lowbeta,2017-08-17,2017-08-28,1266.5727518869696,1163.959293010058,1163.959293010058,327,414169.2898670391,1035.4232246675977,stop,6,-1.0,-34590.0242774177,-0.08351663226532839
IOC,trend_lowbeta,2017-06-28,2017-09-13,71.60708945585165,65.7741644121175,76.20248404659341,5687,407229.51773542835,1018.0737943385709,stop,53,0.7878370725298847,25115.935243209828,0.06167513441284313
IGL,trend_lowbeta,2017-06-28,2017-09-22,91.43902741190719,84.91490399177148,126.24589538574219,5085,464967.45438954805,1162.41863597387,time,60,5.335102623351503,175830.50501097707,0.3781565856944192
GRAPHITE,trend_lowbeta,2017-07-19,2017-09-22,137.9400144084498,120.3913232559544,273.7536997263049,1924,265396.5877218574,663.4914693046436,stop,45,7.739248707362578,260642.03908224855,0.9820851176707978
MGL,trend_lowbeta,2017-08-17,2017-09-25,814.1101813327801,755.1983432467713,843.9650584751673,571,464856.91354101745,1162.1422838525436,stop,26,0.5067721210599522,15884.992564450538,0.034171789429671244
ITI,trend_lowbeta,2017-09-15,2017-10-03,92.55000305175781,79.5684723301611,133.4258600415224,2584,239149.2078857422,597.8730197143555,stop,11,3.1487701925445135,105025.34144183737,0.4391624056393074
KEC,trend_lowbeta,2017-08-17,2017-10-25,275.2543727966935,251.88264740407774,266.08729938328696,1439,396091.0424544419,990.2276061361048,stop,46,-0.39222921112631415,-14181.646248028077,-0.03580400647323207
MGL,trend_lowbeta,2017-09-29,2017-11-09,882.702093260134,807.9400854560726,928.9587465916266,509,449295.3654694082,1123.2384136735207,stop,27,0.6187187140923688,22421.398132056183,0.049903470757217995
BALKRISIND,trend_lowbeta,2017-08-17,2017-11-14,699.3023199754023,643.5430016407859,956.5939331054688,603,421679.29894516757,1054.198247362919,time,60,4.614324938228937,154092.64447006717,0.3654261540832821
CHAMBLFERT,trend_lowbeta,2017-08-17,2017-11-14,114.18062887526196,99.09952824305596,114.72151947021484,2230,254622.80239183418,636.5570059795855,time,60,0.0358654589040936,569.6290207653467,0.002237148501290766
NATCOPHARM,trend_lowbeta,2017-08-17,2017-11-14,715.1684196786942,619.0234122934285,863.0880126953125,349,249593.7784678643,623.9844461696607,time,60,1.5385051916828592,50999.95351663011,0.20433183002274416
IGL,trend_lowbeta,2017-09-22,2017-11-16,126.55355707458874,117.01848025442328,128.9281153981848,3976,503176.94292856485,1257.9423573214121,stop,37,0.24903400028976835,8183.301537296476,0.01626326812526115
GRAPHITE,trend_lowbeta,2017-09-22,2017-11-21,274.9232691471368,236.27136776042187,446.42558136849686,980,269424.8037641941,673.5620094104852,stop,40,4.4370989800855485,167398.70396752236,0.6213188304445534
GRAVITA,trend_lowbeta,2017-09-01,2017-11-28,118.6625103849087,102.31478140684061,147.37948608398438,2036,241596.8711436741,603.9921778591853,time,60,1.7566339482139697,57863.770345458885,0.2395054624322852
ITI,trend_lowbeta,2017-10-09,2017-12-05,153.3000030517578,127.59180835107489,127.59180835107489,1521,233169.30464172363,582.9232616043091,stop,40,-1.0,-39685.08740134304,-0.17019859223031594
UNOMINDA,trend_lowbeta,2017-11-21,2017-12-06,186.14795801997116,167.17364796767907,178.545478370571,2267,421997.4208312746,1054.9935520781864,stop,11,-0.40067225782904176,-18289.814917268333,-0.04334105853358064
KEI,trend_lowbeta,2017-09-15,2017-12-12,318.4639557282567,275.18370565246806,385.220458984375,775,246809.56568939894,617.0239142234974,time,60,1.5424241574209976,51119.266109268196,0.2071202790154413
TVSMOTOR,trend_lowbeta,2017-11-14,2018-01-16,669.0084216183818,629.4713867058888,692.8003588687131,1043,697775.7837479722,1744.4394593699305,stop,43,0.6017633164193981,23070.551092725647,0.03306298617703024
BALKRISIND,trend_lowbeta,2017-11-14,2018-01-16,958.4138844557099,875.740588327292,1044.2354930918025,499,478248.52834339923,1195.6213208584982,stop,43,1.0380813715565957,41629.36138855171,0.0870454563294764
BBTC,trend_lowbeta,2017-11-21,2018-01-17,1479.4147006611909,1293.7775549036576,1481.628737997933,231,341744.7958527351,854.3619896318378,stop,39,0.011926693484255681,-342.9193648443909,-0.0010034369769661743
GRAPHITE,trend_lowbeta,2017-11-21,2018-01-19,427.8840374068401,364.05528532145973,582.5660102898873,673,287965.95717480336,719.9148929370084,stop,41,2.4233902094174944,103381.05285735379,0.3590044249383222
HDFCBANK,trend_lowbeta,2017-10-31,2018-01-25,416.60580984014786,398.16129445630565,453.2950134277344,1871,779469.4702109166,1948.6736755272916,time,60,1.989166037928384,66696.82623684709,0.08556695135064059
KEC,trend_lowbeta,2017-11-14,2018-01-29,278.738587394768,253.16090856429238,323.92200050563434,1613,449605.3414677608,1124.013353669402,stop,51,1.7665173376495238,71756.83199415803,0.15959959852768651
MOTILALOFS,trend_lowbeta,2018-01-25,2018-01-30,1303.8187493612133,1162.6136315512974,1162.6136315512974,324,422437.27479303314,1056.093186982583,stop,2,-1.0,-46806.551357395336,-0.11080118670950027
BBTC,trend_lowbeta,2018-01-18,2018-02-01,1548.1871785986154,1332.481758973038,1332.481758973038,204,315830.1844341176,789.5754610852939,stop,9,-1.0,-44793.48106470309,-0.14182773931174728
ADANIENSOL,trend_lowbeta,2017-12-05,2018-02-02,189.8000030517578,164.78685704201138,198.33159863811284,1726,327594.805267334,818.987013168335,stop,40,0.34108446746485493,13906.546968880437,0.042450450206412735
PCBL,trend_lowbeta,2018-01-18,2018-02-02,96.89630793835606,80.84009033531689,80.84009033531689,2750,266464.84683047916,666.1621170761979,stop,10,-1.0,-44820.76052543393,-0.16820515373252296
GRAPHITE,trend_lowbeta,2018-01-25,2018-02-02,628.5522569509297,541.3042704334673,535.6358935205303,525,329989.9348992381,824.9748372480954,stop,5,-1.064968569925708,-49606.065638207794,-0.1503259960136509
UNOMINDA,trend_lowbeta,2017-12-12,2018-02-05,183.89582871667957,162.06963125253418,186.8924391978838,1994,366688.28246105905,916.7207061526476,stop,36,0.13729420739122536,5058.520593368557,0.01379515200054355
ACE,trend_lowbeta,2017-12-19,2018-02-05,140.35052901270765,117.75760264762744,143.19904803449532,1926,270315.1188784749,675.7877971961873,stop,31,0.126080126839627,4810.459838766858,0.017795748379614267
BALKRISIND,trend_lowbeta,2018-01-18,2018-02-05,1037.9505951844756,955.751610012658,955.751610012658,537,557379.4696140634,1393.4486740351585,stop,11,-1.0,-45534.30371130117,-0.0816935430772678
PRESTIGE,trend_lowbeta,2017-12-12,2018-02-06,290.6416019233558,249.73345700817862,280.6964076825438,1063,308952.0228445272,772.380057111318,stop,37,-0.2431103698648105,-11344.12153509446,-0.03671806849053428
GRAPHITE,trend_lowbeta,2018-02-02,2018-02-23,507.9171447753906,453.6956296786816,471.7267868235918,827,420047.47872924805,1050.1186968231202,stop,14,-0.667453830591971,-30979.544722960753,-0.07375248344944688
BALKRISIND,trend_lowbeta,2018-02-09,2018-03-06,1056.403041391458,941.3546739416564,941.3546739416564,385,406715.1709357113,1016.7879273392783,stop,15,-1.0,-45310.409395512856,-0.11140575182201647
BBTC,trend_lowbeta,2018-02-02,2018-03-14,1171.3269512393158,1061.482946984541,1256.723952926795,408,477901.39610564086,1194.753490264102,stop,26,0.7774388986166904,33647.22319822738,0.07040620402537935
MOTILALOFS,trend_lowbeta,2018-02-02,2018-03-21,1162.6644576807591,1033.0909745302863,1033.0909745302863,346,402281.90235754265,1005.7047558938567,stop,31,-1.0,-45838.12992595746,-0.113945294723244
COFORGE,trend_lowbeta,2018-02-09,2018-04-02,152.7289231626261,131.82568671509063,148.92406804789812,2123,324243.5038742552,810.6087596856381,stop,32,-0.18202229708675488,-8888.31616825315,-0.027412472607932725
GRAPHITE,trend_lowbeta,2018-02-26,2018-04-19,484.91788993557833,404.39237475487084,518.7344992173661,547,265250.08579476137,663.1252144869035,stop,35,0.4199489963634485,17834.560062650995,0.06723677396451656
HSCL,trend_lowbeta,2018-02-02,2018-05-04,147.55973582518382,129.39105840858707,132.9249689546391,2469,364324.98775237886,910.8124693809472,stop,60,-0.8054943425422995,-37044.05187275587,-0.1016785922406553
APLAPOLLO,trend_lowbeta,2018-02-02,2018-05-04,197.43501542086335,174.49568838665272,210.33091735839844,1955,385985.45514778787,964.9636378694697,time,60,0.5621743793225819,24246.524650011623,0.06281719771209514
JUBLFOOD,trend_lowbeta,2018-02-02,2018-05-04,191.6818412191892,176.08298099051825,250.8782958984375,2876,551276.9753463882,1378.1924383659705,time,60,3.794921796301774,168870.8112191521,0.3063266176009694
COFORGE,trend_lowbeta,2018-04-05,2018-05-04,160.16608651137943,141.80657829121728,185.87249574051668,2365,378792.79459941236,946.9819864985309,stop,20,1.400168725701859,59848.675840411066,0.1579984537554451
UNOMINDA,trend_lowbeta,2018-02-09,2018-05-11,180.72827558609725,153.5050479479695,177.11561584472656,1630,294587.0892053385,736.4677230133462,time,60,-0.13270504840179004,-6625.103101447574,-0.02248945505154037
DEEPAKNTR,trend_lowbeta,2018-02-09,2018-05-11,263.4935979336229,217.4616844192223,244.45399475097656,964,254007.82840801246,635.0195710200312,time,60,-0.4136174607794653,-18989.197039091083,-0.0747583141752181
BALKRISIND,trend_lowbeta,2018-03-06,2018-05-14,944.2015289613867,845.372564755573,1090.2011805015522,441,416392.8742719715,1040.9821856799288,stop,46,1.4772961824846995,63344.864143533094,0.1521276372807444
JUBLFOOD,trend_lowbeta,2018-05-04,2018-05-15,252.60930103894228,236.55234117808774,236.55234117808774,2849,719683.8986599465,1799.2097466498662,stop,7,-1.0,-47545.48839022443,-0.06606440477375451
KEC,trend_lowbeta,2018-05-04,2018-05-15,394.87966614633723,361.4341794231177,361.4341794231177,1368,540195.3832881893,1350.4884582204734,stop,7,-1.0,-47103.91429558478,-0.08719792088718253
DMART,trend_lowbeta,2018-03-27,2018-05-21,1345.0,1243.1024134381848,1349.863496000959,427,574315.0,1435.7875000000001,stop,36,0.04772925606053104,640.9252924094942,0.0011159821568468423
BALKRISIND,trend_lowbeta,2018-05-18,2018-05-21,1084.4920855756152,992.5816489814706,992.5816489814706,491,532485.6140176271,1331.2140350440677,stop,1,-1.0,-46459.23840276906,-0.08724975319470527
TITAN,trend_lowbeta,2018-05-04,2018-05-22,932.2171208729145,875.5015327663407,881.0726292713146,806,751366.9994235691,1878.4174985589227,stop,12,-0.9017713349898574,-43100.87772944848,-0.057363282873102564
JUBLFOOD,trend_lowbeta,2018-05-18,2018-06-01,245.7635115151356,226.40595310984372,241.99823242507026,2334,573612.0358763265,1434.0300896908163,stop,10,-0.1945120872803883,-10222.191485903339,-0.01782074093038608
KEC,trend_lowbeta,2018-05-18,2018-06-04,349.3523098140142,317.66277499945625,317.66277499945625,1426,498176.3937947842,1245.4409844869606,stop,11,-1.0,-46434.717630046565,-0.09320938970298662
GRAPHITE,trend_lowbeta,2018-04-19,2018-06-05,525.8714659040916,454.8708434347916,598.8173217773438,614,322885.0800651122,807.2127001627805,stop,32,1.0273974133789223,43981.54280601406,0.13621423076329464
TITAN,trend_lowbeta,2018-05-25,2018-06-05,899.2696854964729,838.2863353291344,838.2863353291344,726,652869.7916704393,1632.1744791760982,stop,7,-1.0,-45906.08670066383,-0.07031430659888252
PHOENIXLTD,trend_lowbeta,2018-03-20,2018-06-15,300.84139306514277,253.78040263843792,316.30316162109375,934,280985.86112284334,702.4646528071083,time,60,0.32854745333147883,13738.827178451109,0.04889508363000754
ASHOKLEY,trend_lowbeta,2018-05-25,2018-06-27,61.50037260860874,55.129177728885786,55.184573490850255,6953,427612.0907476566,1069.0302268691414,stop,23,-0.9913052789923642,-44982.78149264391,-0.10519529841636131
TITAN,trend_lowbeta,2018-06-08,2018-06-28,869.2294282768822,808.2370776095378,808.2370776095378,716,622368.2706462477,1555.9206766156192,stop,14,-1.0,-45226.44375443425,-0.07266829928118368
FSL,trend_lowbeta,2018-06-22,2018-07-04,57.47375952371802,50.80480833001372,50.80480833001372,6575,377889.968868446,944.724922171115,stop,8,-1.0,-44793.0790207769,-0.11853471304069099
TITAN,trend_lowbeta,2018-06-29,2018-07-06,855.7597374164251,792.7730111721007,792.7730111721007,681,582772.3811805855,1456.9309529514637,stop,5,-1.0,-44350.89152533635,-0.07610328313001025
BIOCON,trend_lowbeta,2018-06-08,2018-07-26,300.47667977234823,268.02147484662004,270.3736316797993,1346,404441.61097358074,1011.1040274339518,stop,34,-0.9275260520288799,-41529.806760004816,-0.10268430753213882
COFORGE,trend_lowbeta,2018-05-04,2018-07-27,188.18919794205365,159.80870060508943,227.03659057617188,1612,303360.98708259047,758.4024677064762,time,60,1.3688059153044287,61863.5944584921,0.203927324516681
LTM,trend_lowbeta,2018-05-11,2018-08-03,1438.8353654377015,1285.9736480641368,1496.646484375,297,427334.1035349973,1068.3352588374933,time,60,0.37819226377013154,16101.567065540157,0.037679106189617485
FSL,trend_lowbeta,2018-07-06,2018-08-10,54.79964382074786,47.197954991531745,48.39119491050772,5532,303151.6296163772,757.879074040943,stop,25,-0.8430296285754408,-36209.4184454894,-0.1194432584489503
BALKRISIND,trend_lowbeta,2018-05-25,2018-08-20,1018.8047988583284,900.3524501659058,1258.909423828125,374,381032.9947730148,952.582486932537,time,60,2.027014471391028,88846.54725177141,0.23317284453200227
DMART,trend_lowbeta,2018-05-25,2018-08-20,1507.0,1357.2289516369688,1614.1500244140625,295,444565.0,1111.4125000000001,time,60,0.7154254816614537,30497.84470214844,0.06860154241145489
JUBLFOOD,trend_lowbeta,2018-06-01,2018-08-28,246.82948811999745,223.97771838699197,305.95751953125,1934,477368.2300240751,1193.4205750601877,time,60,2.5874596191931776,113160.19217430225,0.23705011154302258
MPHASIS,trend_lowbeta,2018-06-08,2018-09-04,899.6333136222016,779.4750185649694,1031.70751953125,363,326566.89284485916,816.4172321121479,time,60,1.099168441480803,47126.51951287241,0.1443089319383659
BALKRISIND,trend_lowbeta,2018-08-20,2018-09-04,1266.3671749729851,1140.1651048146543,1153.854877209266,342,433097.5738407609,1082.7439346019023,stop,10,-0.8915249775424698,-39561.94976979382,-0.0913465051742353
JUBLFOOD,trend_lowbeta,2018-08-28,2018-09-04,305.12620279381184,288.66141674168097,288.66141674168097,2695,822315.1165293229,2055.7877913233074,stop,5,-1.0,-46428.38620181602,-0.056460577300065276
TITAN,trend_lowbeta,2018-07-06,2018-09-11,809.052011144302,738.9763763541474,825.4107989661189,600,485431.2066865812,1213.578016716453,stop,45,0.23344473254939785,8601.6946763737,0.01771969860587761
TECHM,trend_lowbeta,2018-06-29,2018-09-21,485.32981031276023,440.8053337182134,524.9195326351862,964,467857.9371415009,1169.6448428537522,stop,56,0.8891676073576741,36994.847475964896,0.07907282219469117
COFORGE,trend_lowbeta,2018-07-27,2018-09-21,226.81866128061114,204.9807483334548,224.59929888753987,1935,438894.10957798257,1097.2352739449564,stop,36,-0.10162886895106266,-5391.701504537853,-0.012284743374027574
LTM,trend_lowbeta,2018-08-03,2018-09-21,1501.1346551903466,1337.1566616979098,1536.9151759864485,258,387292.7410391094,968.2318525977736,stop,31,0.21820318711091072,8263.142512796512,0.02133565036779785
IPCALAB,trend_lowbeta,2018-09-04,2018-09-21,380.9130748050586,351.37418154131035,351.37418154131035,1489,567179.5683847322,1417.9489209618307,stop,11,-1.0,-45401.360990682995,-0.08004759607258297
ABBOTINDIA,trend_lowbeta,2018-09-11,2018-09-21,7441.183675389382,6844.278947895614,6844.278947895614,73,543206.408303425,1358.0160207585625,stop,6,-1.0,-44932.06112780366,-0.08271636792382142
MPHASIS,trend_lowbeta,2018-09-04,2018-09-25,1033.782341584133,960.7142442832068,960.7142442832068,602,622336.969633648,1555.8424240841202,stop,13,-1.0,-45542.83699924175,-0.07318034958786317
GRAPHITE,trend_lowbeta,2018-09-04,2018-09-25,800.3914101207548,711.7001204802937,711.7001204802937,496,396994.1394198944,992.4853485497359,stop,13,-1.0,-44983.36501021847,-0.11330989690666511
BSOFT,trend_lowbeta,2018-09-27,2018-09-28,131.34931618941266,114.48827518112748,114.48827518112748,2530,332313.769959214,830.7844248980351,stop,1,-1.0,-43489.21817585955,-0.13086793899993107
BIOCON,trend_lowbeta,2018-07-27,2018-10-04,291.39411486150533,262.4506533642159,312.02874185833974,1460,425435.40769779775,1063.5885192444944,stop,44,0.7129287904546888,29062.96689613375,0.06831346514716573
LTTS,trend_lowbeta,2018-09-27,2018-10-05,1554.4310171436287,1379.7573382451815,1379.7573382451815,244,379281.1681830454,948.2029204576136,stop,5,-1.0,-43568.58057167872,-0.11487145744776875
JUBLFOOD,trend_lowbeta,2018-09-27,2018-10-05,244.70761096056378,213.0254477232297,213.0254477232297,1346,329376.4443529188,823.441110882297,stop,5,-1.0,-43467.63282833399,-0.13196946403902363
DIVISLAB,trend_lowbeta,2018-08-20,2018-10-09,1184.4577995957013,1075.6609717073172,1182.5506045308694,397,470229.74643949344,1175.5743660987337,stop,32,-0.01752987749595586,-1932.7308068370246,-0.004110184056775145
MPHASIS,trend_lowbeta,2018-09-27,2018-10-09,948.565655776389,882.824155229708,882.824155229708,649,615619.1105988765,1539.0477764971913,stop,7,-1.0,-44205.28163129315,-0.07180622055135698
TECHM,trend_lowbeta,2018-09-27,2018-10-11,556.723104250503,512.6907976719393,512.6907976719393,969,539464.6880187374,1348.6617200468434,stop,9,-1.0,-44015.966794675005,-0.08159193321129146
TCS,trend_lowbeta,2018-10-05,2018-10-11,1711.9388910023602,1596.5511392791368,1596.5511392791368,361,618009.939651852,1545.02484912963,stop,4,-1.0,-43200.00322121326,-0.06990179356265601
LTM,trend_lowbeta,2018-09-27,2018-10-23,1666.0596658291763,1503.203558885812,1503.203558885812,262,436507.6324472442,1091.2690811181105,stop,16,-1.0,-43759.56910027954,-0.1002492644972669
MPHASIS,trend_lowbeta,2018-10-12,2018-10-24,826.0088005084668,748.3269926462223,797.250857051956,519,428698.56746389426,1071.7464186597356,stop,7,-0.3702017788709053,-15997.119072588848,-0.037315541237343076
NAUKRI,trend_lowbeta,2018-10-05,2018-11-16,279.2944934526139,237.9159564989563,255.5499477411169,1006,280970.2604133296,702.425651033324,stop,28,-0.5738372465437813,-24589.43863679929,-0.08751616132122407
INFY,trend_lowbeta,2018-10-12,2018-11-21,554.8663900373487,504.8312609420287,509.36984442040267,805,446667.44398006564,1116.6686099501642,stop,26,-0.9092920601897976,-37741.38783159168,-0.08449549735546888
GRAPHITE,trend_lowbeta,2018-09-27,2018-12-06,648.5251642821363,555.6811000615069,702.8041626447034,459,297673.0504055006,744.1826260137515,stop,46,0.58462540193826,24169.87762240455,0.08119605583871131
LTM,trend_lowbeta,2018-10-29,2018-12-07,1520.593008197818,1333.3971249250972,1334.9277766529485,212,322365.71773793746,805.9142943448437,stop,27,-0.9918232618095485,-40166.9433818572,-0.12460054271189697
NAUKRI,trend_lowbeta,2018-11-20,2018-12-11,270.8068059807531,240.9317722551042,269.6783354507901,1321,357735.7907005748,894.339476751437,stop,14,-0.03777302949098175,-2385.049046832574,-0.006667068570806945
GRAPHITE,trend_lowbeta,2018-12-12,2018-12-21,719.4135388996967,651.0776009387239,651.0776009387239,569,409346.3036339274,1023.3657590848186,stop,7,-1.0,-39906.514458878366,-0.09748839577788443
NESTLEIND,trend_lowbeta,2018-09-27,2018-12-27,438.4988490053459,389.3770869786103,495.997314453125,868,380617.00093664025,951.5425023416007,time,60,1.1705293758901458,48957.12550633065,0.1286256929823278
LTTS,trend_lowbeta,2018-10-05,2019-01-04,1382.1452684762783,1219.8926521541555,1481.061279296875,256,353829.18872992723,884.5729718248181,time,60,0.6096420080167901,24437.925798247947,0.06906701475355406
TCS,trend_lowbeta,2018-10-12,2019-01-11,1579.512344912157,1433.1572609654065,1503.3304443359375,275,434365.8948508432,1085.9147371271079,time,60,-0.5205278731823034,-22035.93739558747,-0.050731278990387554
TECHM,trend_lowbeta,2018-10-12,2019-01-11,523.1537243221521,474.1648181167954,527.45361328125,823,430555.5151171312,1076.388787792828,time,60,0.08777270798970596,2462.419825544719,0.005719169164224562
CYIENT,trend_lowbeta,2018-10-12,2019-01-11,542.7832102855532,470.1116729201317,493.3834228515625,554,300701.89849819645,751.7547462454911,time,60,-0.6797680250740925,-28119.236984676336,-0.09351200349952227
MPHASIS,trend_lowbeta,2018-10-29,2019-01-14,796.4373187269872,699.8288936727786,699.8288936727786,411,327335.7379967917,818.3393449919794,stop,51,-1.0,-40524.40204227173,-0.12380072609935709
GRAPHITE,trend_lowbeta,2018-12-27,2019-01-21,626.8479642613736,558.1293534294052,558.1293534294052,567,355422.79573619884,888.5569893404971,stop,16,-1.0,-39852.00933106656,-0.11212564249999721
ICICIGI,trend_lowbeta,2019-01-11,2019-01-28,838.2732309783844,771.5395702494781,771.5395702494781,581,487036.74719844136,1217.5918679961035,stop,11,-1.0,-39989.84875149068,-0.08210848356211808
IPCALAB,trend_lowbeta,2018-12-12,2019-02-05,382.8564961982156,353.13935887683266,353.13935887683266,1309,501159.1535234642,1252.8978838086605,stop,37,-1.0,-40152.63063749894,-0.08011951962804766
JUBLFOOD,trend_lowbeta,2019-01-25,2019-02-05,234.63555811312418,216.4250654957677,248.03193251438728,2085,489215.1386658639,1223.0378466646598,stop,7,0.7356404180134581,26708.402779968907,0.05459439144259774
LTTS,trend_lowbeta,2019-01-04,2019-02-11,1486.5331447307278,1360.4550574333498,1389.5034622426274,311,462311.80801125633,1155.779520028141,stop,26,-0.7695998929555327,-31332.010773827376,-0.06777246488383984
NESTLEIND,trend_lowbeta,2018-12-27,2019-02-12,498.31579818398546,464.74125832510185,487.2691703465489,1161,578544.6416916071,1446.3616042290178,stop,32,-0.32901799648979274,-14271.49652349288,-0.02466792619799302
BERGEPAINT,trend_lowbeta,2019-02-08,2019-02-15,249.44332135287377,229.788922230249,229.788922230249,1904,474940.08385587164,1187.3502096396792,stop,4,-1.0,-38609.326139117235,-0.08129304611575777
TCS,trend_lowbeta,2019-01-11,2019-02-19,1509.408761622346,1415.779667619905,1580.5030092772422,414,624895.2273116512,1562.2380682791281,stop,26,0.7593179066011546,27870.780460847905,0.044600725438006965
INFY,trend_lowbeta,2018-11-28,2019-02-25,546.5725131000994,500.6732817938474,618.294677734375,851,465133.2086481846,1162.8330216204615,time,60,1.5626005619947334,59872.72908214807,0.12872168223841945
TORNTPHARM,trend_lowbeta,2019-02-18,2019-04-24,802.0026302558128,753.5295660421681,810.668284548879,755,605511.9858431387,1513.7799646078468,stop,42,0.17877257057388266,5028.7890266571,0.008305019791895312
ABFRL,trend_lowbeta,2019-02-18,2019-05-03,211.87777709960938,193.3600567103955,202.6508597900615,1976,418670.4875488281,1046.6762188720704,stop,47,-0.4982750098614907,-19279.064822538665,-0.046048301458770036
TORNTPHARM,trend_lowbeta,2019-04-30,2019-05-09,818.8365881065237,765.2474290722649,765.2474290722649,700,573185.6116745665,1432.9640291864164,stop,6,-1.0,-38945.37535316753,-0.06794548669738637
TCS,trend_lowbeta,2019-02-25,2019-05-14,1622.208787841229,1530.1232667238705,1717.9285304446687,406,658616.7678635389,1646.5419196588473,stop,49,1.0394657210165499,37215.67357733768,0.056505809437649365
LINDEINDIA,trend_lowbeta,2019-02-08,2019-05-15,416.5967002987955,315.47449681016803,524.7195434570312,370,154140.77911055434,385.3519477763859,time,60,1.0692295008226913,39620.10002077084,0.2570384050826299
ICICIGI,trend_lowbeta,2019-02-08,2019-05-15,826.8291666651843,771.6171192353783,1038.876708984375,678,560590.1749989949,1401.4754374974873,time,60,3.840602770414878,142366.75825491382,0.25395871102301976
NESTLEIND,trend_lowbeta,2019-02-18,2019-05-22,469.1280152809215,435.028763246105,487.1911926269531,1073,503374.36039642873,1258.4359009910718,time,60,0.5297235648332845,18123.353391300872,0.036003727677007547
AARTIIND,trend_lowbeta,2019-02-18,2019-05-22,325.20539694106765,286.102613203174,401.7060546875,935,304067.04613989824,760.1676153497456,time,60,1.9563992747732994,70767.94737756452,0.23273797103618024
TORNTPHARM,trend_lowbeta,2019-05-15,2019-05-24,748.1936010586664,692.5899404988409,692.5899404988409,703,525980.1015442425,1314.9502538606062,stop,7,-1.0,-40404.32362741799,-0.0768172094510678
IPCALAB,trend_lowbeta,2019-02-25,2019-05-29,386.2574805913002,357.65906157168484,451.168212890625,1310,505997.2995746032,1264.993248936508,time,60,2.2697314930172636,83768.06606317901,0.16555042118525856
DRREDDY,trend_lowbeta,2019-05-22,2019-06-04,508.9355168796695,467.15939387399453,467.15939387399453,958,487560.22517072334,1218.9005629268083,stop,9,-1.0,-41240.4264023634,-0.08458529689931683
ICICIGI,trend_lowbeta,2019-05-15,2019-06-12,1045.3619492400524,945.880659959088,1056.0237930833482,393,410827.2460513406,1027.0681151283516,stop,19,0.10717436334368044,3163.03651528692,0.0076991887604544096
BALRAMCHIN,trend_lowbeta,2019-05-15,2019-06-19,132.41312661346018,117.15796975571139,132.16332074393344,2565,339639.66976352537,849.0991744088134,stop,24,-0.016375175414853314,-1489.8512297448988,-0.004386564239631401
BAJFINANCE,trend_lowbeta,2019-05-15,2019-07-08,292.25138656367295,271.94992204339104,335.0255634681693,1927,563168.4219081978,1407.9210547704945,stop,37,2.1069503070462416,81017.91784019399,0.14386090321910971
TCS,trend_lowbeta,2019-05-15,2019-07-10,1713.7852233995259,1610.6156532841676,1714.4653196277045,379,649524.5996684203,1623.8114991710506,stop,39,0.006592023475702985,-1366.055028691351,-0.0021031613419856873
INDIGO,trend_lowbeta,2019-05-22,2019-07-10,1504.734822945866,1351.899273326211,1402.926321849912,261,392735.788788871,981.8394719721775,stop,34,-0.6661310235041097,-27553.858258016156,-0.07015876587918679
ICICIGI,trend_lowbeta,2019-06-13,2019-07-11,1106.7303894884706,971.5149173711156,971.5149173711156,296,327592.1952885873,818.9804882214682,stop,20,-1.0,-40842.76023495852,-0.12467562055005224
PIIND,trend_lowbeta,2019-05-29,2019-07-19,1025.2013344290788,925.8359974745514,1042.445689433122,407,417256.94311263505,1043.1423577815876,stop,36,0.17354497586955042,5975.310128863995,0.01432045704090539
BATAINDIA,trend_lowbeta,2019-07-11,2019-07-23,1202.9329190053866,1125.1174428863483,1125.1174428863483,516,620713.3862067795,1551.7834655169488,stop,8,-1.0,-41704.56914294071,-0.0671881259042923
DRREDDY,trend_lowbeta,2019-06-06,2019-08-14,503.23848587313,460.5070315208449,460.5070315208449,937,471534.4612631228,1178.836153157807,stop,48,-1.0,-41218.20888124893,-0.0874129300557072
WIPRO,trend_lowbeta,2019-07-11,2019-08-14,121.63888732408641,115.64345631183252,115.64345631183252,6605,803424.8507755907,2008.562126938977,stop,23,-1.0,-41608.38396287591,-0.05178876894672727
TORNTPHARM,trend_lowbeta,2019-05-29,2019-08-26,696.1639298080864,634.2384789590307,767.472412109375,653,454595.04616468045,1136.4876154117012,time,60,1.151521407169147,45427.951327329734,0.09993059033659843
NAUKRI,trend_lowbeta,2019-06-20,2019-08-26,406.79482486530543,346.0237774742991,369.0452208370656,659,268077.7895862363,670.1944739655908,stop,45,-0.6211774463151101,-25547.18352857565,-0.09529765061106464
ICICIGI,trend_lowbeta,2019-07-11,2019-09-04,1015.7411784035976,921.3230497159636,1077.4820669656303,425,431690.00082152896,1079.2250020538224,stop,36,0.6539092589548328,25160.652636810097,0.05828407558416466
CGCL,trend_lowbeta,2019-06-13,2019-09-11,156.78712304902498,135.72700837820838,158.62054443359375,1903,298365.89516229456,745.9147379057364,time,60,0.0870565717816044,2743.086156928625,0.009193698748432818
NAUKRI,trend_lowbeta,2019-08-26,2019-09-12,377.94898804036853,331.2346663086753,367.14200329112975,838,316721.25197782886,791.8031299445721,stop,11,-0.231342002808248,-9848.05634980667,-0.031093765537703967
WIPRO,trend_lowbeta,2019-08-19,2019-09-23,114.9669189453125,107.48008032941199,107.48008032941199,5207,598632.7469482422,1496.5818673706056,stop,23,-1.0,-40480.550540364566,-0.06762167747542971
DRREDDY,trend_lowbeta,2019-08-19,2019-10-07,483.1292625940115,445.5552971213208,494.6226308135991,1037,501005.04530998995,1252.512613274975,stop,32,0.305886484830597,10666.110230437345,0.02128942678379184
LTTS,trend_lowbeta,2019-07-25,2019-10-22,1344.226200248573,1236.9828537594005,1353.3423526850356,371,498707.92029222054,1246.7698007305514,stop,56,0.08500436376612971,2135.3227531971097,0.00428171012793602
INDIGO,trend_lowbeta,2019-10-11,2019-10-25,1747.047667221991,1610.1997095773934,1608.2822236755853,285,497908.58515826747,1244.7714628956687,stop,9,-1.0140117977265535,-40792.92287362131,-0.0819285388715575
BATAINDIA,trend_lowbeta,2019-07-25,2019-10-29,1163.6736740412832,1093.2094567623367,1595.6741943359375,565,657475.625833325,1643.6890645833125,time,60,6.130778670037515,242436.60490189635,0.3687385438731927
TRENT,trend_lowbeta,2019-09-11,2019-11-15,458.12389515736595,414.6365696782625,492.0964831940987,907,415518.3729077309,1038.7959322693273,stop,42,0.781206654179211,29774.341417047286,0.07165589624519181
BATAINDIA,trend_lowbeta,2019-10-29,2019-11-21,1602.2568297868577,1501.3370128686881,1501.3370128686881,407,652118.5297232511,1630.2963243081279,stop,16,-1.0,-42704.66181000313,-0.06548604258818763
INDHOTEL,trend_lowbeta,2019-08-26,2019-11-27,128.72842426513063,114.74812134363694,141.64857482910156,2803,360825.77321516117,902.064433037903,time,60,0.924168141171473,35313.11759777263,0.09786750343001509
NAUKRI,trend_lowbeta,2019-09-18,2019-12-04,388.9912784273082,342.3340807854577,469.64464181057826,843,327919.6477142208,819.799119285552,stop,50,1.7286371119495973,67170.98621281111,0.20483977303900394
RITES,trend_lowbeta,2019-10-29,2019-12-10,102.03758239051432,91.00417363036374,100.34386951073188,3725,380089.99440466583,950.2249860116646,stop,29,-0.15350767080248404,-7259.305463201248,-0.019098912284106512
ICICIGI,trend_lowbeta,2019-09-11,2019-12-11,1086.1004703759859,969.419484260477,1284.6363525390625,338,367101.9589870832,917.7548974677081,time,60,1.701527290543595,66187.37327365219,0.18029697650287135
INDIGO,trend_lowbeta,2019-10-29,2019-12-16,1447.5537781852395,1244.8992796756966,1299.9574290459755,202,292405.86319341836,731.0146579835459,stop,33,-0.7283151877939377,-30545.47718411488,-0.10446260157208234
LALPATHLAB,trend_lowbeta,2019-11-05,2019-12-16,691.8745982045359,617.6443560981146,690.3750965842355,553,382606.65280710836,956.5166320177709,stop,28,-0.02020068341082094,-1785.741028043896,-0.004667302606847716
NESTLEIND,trend_lowbeta,2019-09-25,2019-12-26,627.455154865993,581.5515132880189,678.915771484375,848,532081.9713263621,1330.2049283159054,time,60,1.1210573899887346,42308.397964072035,0.07951481208545105
ASTRAL,trend_lowbeta,2019-10-29,2020-01-23,630.4283264133315,564.7548597263303,610.9276733398438,625,394017.7040083322,985.0442600208306,time,60,-0.2969335114655607,-13172.952430950703,-0.033432387166725225
MCX,trend_lowbeta,2019-11-27,2020-01-30,217.5609264545504,196.96244860628954,232.88468390818036,2006,436427.2184678281,1091.0680461695704,stop,45,0.743926690433766,29648.389405812115,0.06793432707955105
SBILIFE,trend_lowbeta,2019-11-27,2020-02-03,942.3559293200776,864.7179564042123,884.2150667785382,532,501333.3543982813,1253.3333859957033,stop,47,-0.7488714653143431,-32184.27225809465,-0.06419734888121177
ICICIGI,trend_lowbeta,2019-12-11,2020-02-03,1289.9589993629922,1195.9072418425171,1232.414487197235,452,583061.4677120725,1457.6536692801815,stop,37,-0.6118387756149022,-27467.773168202424,-0.04710956681117292
PRESTIGE,trend_lowbeta,2020-01-23,2020-02-03,394.98257154387466,343.23430760129827,335.2286296871537,822,324675.67380906496,811.6891845226625,stop,7,-1.1547042799933969,-49929.42939074727,-0.15378247715629514
LALPATHLAB,trend_lowbeta,2019-12-18,2020-02-10,710.1929591871956,642.6042998891198,750.4111077353929,625,443870.5994919972,1109.676498729993,stop,37,0.5950428513580872,24026.666343893314,0.05412988914199645
GODREJPROP,trend_lowbeta,2019-11-20,2020-02-13,862.1824415954152,773.9119287470046,1124.2159423828125,469,404363.5651082497,1010.9089127706243,time,60,2.968528133935222,121882.80295651872,0.3014188553904213
ICICIGI,trend_lowbeta,2020-02-06,2020-02-24,1324.4859191973485,1231.3247335162607,1231.3247335162607,448,593369.6918004121,1483.4242295010304,stop,11,-1.0,-43219.635414628356,-0.0728376187929158
IPCALAB,trend_lowbeta,2020-02-06,2020-02-27,609.237928644989,558.2244527245348,652.052771412005,818,498356.62563160097,1245.8915640790024,stop,14,0.83928495352439,33776.64981934008,0.06777606252657452
BALRAMCHIN,trend_lowbeta,2020-02-06,2020-02-27,161.00081281274223,143.4331656612174,143.28122822792164,2377,382698.9320558883,956.7473301397207,stop,14,-1.0086487070229304,-43076.19988825824,-0.11255897594709648
AAVAS,trend_lowbeta,2019-12-04,2020-02-28,1848.800048828125,1662.3440549674713,1878.8499755859375,225,415980.0109863281,1039.9500274658203,time,60,0.1611636404688071,5721.283493041992,0.013753746194381517
PIIND,trend_lowbeta,2020-01-30,2020-02-28,1505.5813300288896,1394.7066240989582,1427.0703772541665,386,581154.3933911514,1452.8859834778787,stop,20,-0.7081051725570217,-31758.113754521008,-0.05464660358017101
PRESTIGE,trend_lowbeta,2020-02-13,2020-02-28,357.6424585493262,308.2467496410999,298.52479333761397,875,312937.15123066044,782.3428780766511,stop,10,-1.1968178313130116,-52510.29993832484,-0.16779822955447188
TRENT,trend_lowbeta,2020-02-13,2020-02-28,732.0839086631086,657.5023991764672,689.7170917572103,579,423876.58311593987,1059.6914577898497,stop,10,-0.5680605983643547,-25590.078446304968,-0.06037153139763208
BHARTIARTL,trend_lowbeta,2019-12-26,2020-03-04,423.87151963073563,386.46203836781046,482.92271431063773,1141,483637.40389866935,1209.0935097466734,stop,48,1.578508781366745,66168.31962002162,0.13681390042752992
HDFCAMC,trend_lowbeta,2019-12-11,2020-03-06,1358.0284459083596,1165.4209152801814,1309.3260498046875,221,300124.2865457475,750.3107163643688,time,60,-0.2528582135123796,-11513.540255275897,-0.03836257434474869
AUBANK,trend_lowbeta,2020-02-28,2020-03-06,578.815471280828,515.9961748769563,515.9961748769563,663,383754.65745918895,959.3866436479724,stop,5,-1.0,-42608.58015941491,-0.11103078316110389
NAM-INDIA,trend_lowbeta,2020-02-28,2020-03-06,339.2427382547838,284.5182702700762,284.5182702700762,761,258163.72381189046,645.4093095297262,stop,5,-1.0,-42290.729445892204,-0.16381360177740195
AAVAS,trend_lowbeta,2020-02-28,2020-03-12,1877.0,1719.7784889110212,1719.7784889110212,264,495528.0,1238.82,stop,8,-1.0,-42745.2989274904,-0.08626212631272179
RITES,trend_lowbeta,2020-02-28,2020-03-12,113.27909409908389,99.69856490954118,99.69856490954118,3067,347426.9816018903,868.5674540047257,stop,8,-1.0,-42520.05047833224,-0.12238557374641422
PIIND,trend_lowbeta,2020-02-28,2020-03-12,1513.5359550599649,1392.6811939693991,1393.223202807159,344,520656.36854062794,1301.64092135157,stop,8,-0.9955152049214376,-42689.22769631681,-0.08199117551557554
NAVINFLUOR,trend_lowbeta,2020-02-28,2020-03-13,1431.7044110337322,1201.6081252735707,1196.086993260328,181,259138.49839710552,647.8462459927638,stop,9,-1.0239948767317246,-43294.59886297892,-0.16707127320246332
AMBER,trend_lowbeta,2020-02-28,2020-03-13,1380.063101441747,1177.1001317549315,1058.5144647277227,205,282912.93579555815,707.2823394888954,stop,9,-1.5842724276758158,-66624.75286586388,-0.2354956046054007
DIXON,trend_lowbeta,2020-02-28,2020-03-13,780.3257416940012,665.6972940774101,728.5033610327295,363,283258.2442349224,708.145610587306,stop,9,-0.45209005040883987,-19519.669790628945,-0.06891121507637446
