date,model,symbol,regime,score,entry,stop,target,exit,exit_reason,hold_days,ret,r_multiple,exit_date,cost_pct
2024-09-02,momentum,KALYANKJIL,bull,0.7663894874732476,634.5960956101417,596.3049504396384,711.1783859511481,711.1783859511481,target,9,0.11817879218099397,2.0,2024-09-13,0.0025
2024-09-02,momentum,GLENMARK,bull,0.7540256604718992,1686.2584344618056,1611.0330930087257,1836.7091173679653,1611.0330930087257,stop,14,-0.04711080218530633,-1.0,2024-09-20,0.0025
2024-09-02,momentum,GRANULES,bull,0.7364197851590739,684.3279874999021,649.6612892773175,753.6613839450713,649.6612892773175,stop,8,-0.053158016120653795,-1.0,2024-09-12,0.0025
2024-09-02,momentum,PPLPHARMA,bull,0.7307615435278936,196.32279734171556,185.06653428294675,218.83532345925317,218.83532345925317,target,3,0.11217097261431513,2.0,2024-09-05,0.0025
2024-09-02,momentum,INDUSTOWER,bull,0.7276964136386747,423.800506004821,404.3594328342481,462.6826523459668,404.3594328342481,stop,4,-0.048373171209360855,-1.0,2024-09-06,0.0025
2024-09-02,momentum,EMAMILTD,bull,0.7150803873860979,779.0364891309398,739.3416245203271,858.4262183521653,739.3416245203271,stop,10,-0.053453793775301406,-1.0,2024-09-16,0.0025
2024-09-02,momentum,PERSISTENT,bull,0.7123374378577261,5139.302309025774,4926.14216124777,5565.622604581782,5379.74462890625,time,20,0.044285011937944485,1.1279890842020108,2024-09-30,0.0025
2024-09-02,momentum,COHANCE,bull,0.7112280530276319,1076.5999755859375,1013.1710474379634,1203.4578318818858,1203.4578318818858,target,4,0.11533193309744044,2.0,2024-09-06,0.0025
2024-09-02,momentum,NAUKRI,bull,0.700959263280205,1499.2768837471438,1441.364697566486,1615.1012561084592,1441.364697566486,stop,2,-0.04112674520527376,-1.0,2024-09-04,0.0025
2024-09-02,momentum,VOLTAS,bull,0.6999732293298117,1761.6015633520637,1677.218226601854,1930.3682368524833,1829.1114501953125,time,20,0.03582301710426944,0.8000381288913766,2024-09-30,0.0025
2024-09-02,momentum,WOCKPHARMA,bull,0.6963213912946342,1065.0,969.906253667066,1255.187492665868,969.906253667066,stop,12,-0.0917899026600319,-1.0,2024-09-18,0.0025
2024-09-02,momentum,PFIZER,bull,0.6945994915190487,6063.8506112468185,5782.803498130148,6625.94483748016,5782.803498130148,stop,10,-0.048847961243537796,-1.0,2024-09-16,0.0025
2024-09-02,momentum,TORNTPHARM,bull,0.6922085507022396,3372.61375032137,3247.876215033626,3622.0888208968577,3334.328125,time,20,-0.013851915207521657,-0.3069294678065657,2024-09-30,0.0025
2024-09-02,momentum,LUPIN,bull,0.6874503551480907,2205.195985991379,2132.1051000164866,2351.377757941164,2132.1051000164866,stop,13,-0.03564484809477525,-1.0,2024-09-19,0.0025
2024-09-02,momentum,BIKAJI,bull,0.6870163055430468,843.1362544269996,788.7910246254814,951.8267140300359,951.8267140300359,target,14,0.12641209342777343,2.0,2024-09-20,0.0025
2024-09-02,momentum,GABRIEL,bull,0.6819575915261336,534.2893324363681,499.79645509219023,603.2750871247239,499.79645509219023,stop,6,-0.06705842415361313,-1.0,2024-09-10,0.0025
2024-09-02,momentum,COLPAL,bull,0.6757317670371348,3483.2689686825615,3379.893821214637,3690.019263618411,3690.019263618411,target,20,0.05685524841598627,2.0,2024-09-30,0.0025
2024-09-02,momentum,OFSS,bull,0.6681877261022503,10184.739799300538,9678.187290342474,11197.844817216666,11197.844817216666,target,9,0.09697284249576071,2.0,2024-09-13,0.0025
2024-09-02,momentum,ZENSARTECH,bull,0.6646990171061006,758.5089175806069,716.0238969997393,843.4789587423419,716.0238969997393,stop,12,-0.05851123414129483,-1.0,2024-09-18,0.0025
2024-09-02,momentum,BBTC,bull,0.6586109394799401,2429.6504057456646,2255.644358055737,2777.6625011255196,2777.6625011255196,target,10,0.1407354607711761,2.0,2024-09-16,0.0025
2024-09-02,control_naive_low,CREDITACC,bull,-1.047484822202949,1214.25,1155.463756585766,1331.8224868284678,1197.5999755859375,time,20,-0.016212188111231204,-0.2832299437257633,2024-09-30,0.0025
2024-09-09,momentum,DEEPAKFERT,bull,0.7173211559249099,1060.1253918710208,973.2028889517313,1233.9703977095999,973.2028889517313,stop,5,-0.0844926619867859,-1.0,2024-09-16,0.0025
2024-09-09,momentum,NATCOPHARM,bull,0.7023979132306324,1540.717188098715,1456.461025254068,1709.229513788009,1456.461025254068,stop,9,-0.05718632627420822,-1.0,2024-09-20,0.0025
2024-09-09,momentum,AUROPHARMA,bull,0.690347682510325,1522.2857543449159,1460.967432916031,1644.9223972026857,1460.967432916031,stop,15,-0.04278042780658614,-1.0,2024-09-30,0.0025
2024-09-09,momentum,VIJAYA,bull,0.6815287309829473,919.2706988447355,868.2611608709711,1021.2897747922643,944.5845336914062,time,20,0.025036866864660282,0.49625689336159673,2024-10-08,0.0025
2024-09-09,momentum,CHOLAHLDNG,bull,0.6679543211568256,1824.2516262792317,1695.5138382408468,2081.7272023560017,2081.7272023560017,target,10,0.13864038456521527,2.0000000000000018,2024-09-23,0.0025
2024-09-09,momentum,360ONE,bull,0.6664464967187236,1089.2486534032785,1025.9715267171869,1215.8029067754617,1025.9715267171869,stop,8,-0.06059245344337755,-1.0,2024-09-19,0.0025
2024-09-09,momentum,DIVISLAB,bull,0.6653276106820809,5156.113441441954,4957.294086693956,5553.752150937949,5499.2294921875,time,20,0.06404548132858595,1.7257678518293327,2024-10-08,0.0025
2024-09-09,momentum,IEX,bull,0.6573319916666421,204.9116879550925,195.45547043587732,223.82412299352288,223.82412299352288,target,10,0.08979554071398382,2.0,2024-09-23,0.0025
2024-09-09,momentum,CROMPTON,bull,0.6527188047084879,455.419965848024,431.43283811955666,503.39422130495865,431.43283811955666,stop,11,-0.055170347211944526,-1.0,2024-09-24,0.0025
2024-09-09,momentum,SHRIRAMFIN,bull,0.6526165422245533,647.3481325346795,620.7435680058,700.5572615924386,700.5572615924386,target,8,0.0796955395923053,2.0,2024-09-19,0.0025
2024-09-09,momentum,DMART,bull,0.641290798221427,5361.39990234375,5149.524821864923,5785.150063301404,5149.524821864923,stop,14,-0.04201861161973858,-1.0,2024-09-27,0.0025
2024-09-09,momentum,BLUESTARCO,bull,0.6399712754994735,1793.8928160864302,1682.759723334033,2016.1590015912248,2016.1590015912248,target,10,0.12140159741521911,2.0,2024-09-23,0.0025
2024-09-09,momentum,HSCL,bull,0.6373845223015104,531.3059523269054,498.83059575849876,596.2566654637187,596.2566654637187,target,5,0.11974729057213723,2.0,2024-09-16,0.0025
2024-09-09,momentum,NAVA,bull,0.6370403168227088,485.3534456058284,455.0916216004124,545.8770936166604,545.8770936166604,target,5,0.12220015111417432,1.9999999999999982,2024-09-16,0.0025
2024-09-09,control_naive_low,RBLBANK,bull,-1.0232886257557612,209.99075991822755,199.5633860529407,230.84550764880126,199.5633860529407,stop,17,-0.052156346161837674,-1.0,2024-10-03,0.0025
2024-09-09,control_naive_low,IDFCFIRSTB,bull,-1.031094823045889,72.40958573734072,69.87151373900552,77.48572973401112,72.67791748046875,time,20,0.0012057489059719728,0.10572266795584893,2024-10-08,0.0025
2024-09-16,momentum,OFSS,bull,0.7483605907202879,11362.755255769282,10815.066536777502,12458.132693752841,10815.066536777502,stop,2,-0.05070034460512546,-1.0,2024-09-18,0.0025
2024-09-16,momentum,DIXON,bull,0.7386034084696558,13992.77250514242,13295.846496800292,15386.624521826678,15386.624521826678,target,20,0.09711228313917125,2.0,2024-10-15,0.0025
2024-09-16,momentum,NEWGEN,bull,0.7200106671657475,1163.6089034397621,1074.1532713058352,1342.5201677076159,1342.5201677076159,target,8,0.15125549614563066,2.0,2024-09-26,0.0025
2024-09-16,momentum,NAUKRI,bull,0.7097783019178783,1563.3226181347352,1508.8492926985402,1672.269269007125,1508.8492926985402,stop,2,-0.037344583455965974,-1.0,2024-09-18,0.0025
2024-09-16,momentum,ETERNAL,bull,0.6961347877455846,277.6499938964844,261.2579111630588,310.43415936333554,279.54998779296875,time,20,0.004343126015672718,0.11590924273521638,2024-10-15,0.0025
2024-09-16,momentum,TRENT,bull,0.6947306000104129,7399.786850461534,7047.8233597843,8103.713831816003,8103.713831816003,target,16,0.09262800781695008,2.0,2024-10-09,0.0025
2024-09-16,momentum,COHANCE,bull,0.6872285719331538,1179.699951171875,1101.8963583828545,1335.307136749916,1209.699951171875,time,20,0.022930195169711568,0.3855863068091316,2024-10-15,0.0025
2024-09-16,momentum,ANANTRAJ,bull,0.6694950770414306,645.9099792249324,609.7885875833233,718.1527625081505,718.1527625081505,target,4,0.10934651980436455,2.0,2024-09-20,0.0025
2024-09-16,momentum,FORTIS,bull,0.6679996093629044,599.2049616424566,568.8180635356749,659.97875785602,618.3120727539062,time,20,0.029387438079744702,0.6287943917245482,2024-10-15,0.0025
2024-09-16,momentum,JUBLFOOD,bull,0.6661636105764185,662.95549164136,636.6024044761255,715.6616659718292,636.6024044761255,stop,12,-0.04225091465037717,-1.0,2024-10-03,0.0025
2024-09-16,momentum,BHARTIARTL,bull,0.6621962234853548,1615.9829651769596,1554.7638914836682,1738.4211125635425,1738.4211125635425,target,8,0.07326697899979101,2.0,2024-09-26,0.0025
2024-09-16,momentum,CDSL,bull,0.6603613589872207,1426.0585180866258,1344.76137123754,1588.6528117847972,1344.76137123754,stop,13,-0.05950828249191614,-1.0,2024-10-04,0.0025
2024-09-16,momentum,LALPATHLAB,bull,0.6512329815247151,1643.6762591931524,1591.7564688322852,1747.5158399148868,1591.7564688322852,stop,2,-0.03408760131168015,-1.0,2024-09-18,0.0025
2024-09-16,momentum,AJANTPHARM,bull,0.6497772612688735,3095.664553204049,2877.9586791948495,3531.0763012224475,3204.57470703125,time,20,0.032681510126631064,0.5002628170822763,2024-10-15,0.0025
2024-09-16,momentum,POLICYBZR,bull,0.6468073006652919,1801.0,1698.3156169626504,2006.3687660746991,1698.3156169626504,stop,7,-0.05951520435166552,-1.0,2024-09-25,0.0025
2024-09-23,momentum,NEULANDLAB,bull,0.7189033989953467,12366.884854192225,11686.93293802327,13726.788686530135,11686.93293802327,stop,3,-0.05748166467834942,-1.0,2024-09-26,0.0025
2024-09-23,momentum,GLENMARK,bull,0.6808983233670894,1714.085842576399,1630.1049957816879,1882.0475361658214,1628.6306615459343,stop,8,-0.05235466824813112,-1.0175556009736064,2024-10-04,0.0025
2024-09-23,momentum,ICICIPRULI,bull,0.6739841039154627,786.5244276745339,762.0869310336376,835.3994209563264,762.0869310336376,stop,2,-0.03357023225349659,-1.0,2024-09-25,0.0025
2024-09-23,momentum,BALRAMCHIN,bull,0.667297222134952,590.9878689765491,558.8862559419057,655.1910950458358,655.1910950458358,target,4,0.1061371302011182,2.0,2024-09-27,0.0025
2024-09-23,momentum,KFINTECH,bull,0.6601934370567408,1062.9935145196685,990.9026062787772,1207.175331001451,990.9026062787772,stop,8,-0.07031876583082147,-1.0,2024-10-04,0.0025
2024-09-23,momentum,AMBER,bull,0.6526999900784783,4970.0,4711.907069884302,5486.185860231397,4711.907069884302,stop,1,-0.05443016702529141,-1.0,2024-09-24,0.0025
2024-09-23,momentum,DEEPAKFERT,bull,0.6497735050343204,1022.6513210848385,946.3822509537209,1175.1894613470736,946.3822509537209,stop,20,-0.07707974048301297,-1.0,2024-10-22,0.0025
2024-09-23,momentum,BBTC,bull,0.6402119615871985,2556.4474624142654,2385.1187455193767,2899.1048962040427,2899.1048962040427,target,6,0.1315365639535488,2.0,2024-10-01,0.0025
2024-09-23,momentum,CAPLIPOINT,bull,0.6382418684641977,1906.0040075615416,1771.1400434422894,2175.731935800046,1864.30078125,time,20,-0.024379925827068324,-0.3092243846151957,2024-10-22,0.0025
2024-09-23,momentum,MARICO,bull,0.6377513721516457,685.3108674436855,666.8607074470883,722.21118743688,666.8607074470883,stop,9,-0.029422322223517535,-1.0,2024-10-07,0.0025
2024-09-23,momentum,CESC,bull,0.6373918578172472,177.83472876630145,166.5215816584078,200.46102298208876,166.5215816584078,stop,9,-0.06611607311674556,-1.0,2024-10-07,0.0025
2024-09-23,momentum,PPLPHARMA,bull,0.630554537404541,221.306603893076,207.8414206180603,248.23697044310734,214.97071838378906,time,20,-0.031129446197403595,-0.47053837886061367,2024-10-22,0.0025
2024-09-23,momentum,WOCKPHARMA,bull,0.6254942686824893,1015.0,934.6136187868497,1175.7727624263007,934.6136187868497,stop,9,-0.08169840513610876,-1.0,2024-10-07,0.0025
2024-09-23,control_naive_low,ZEEL,bull,-1.0147409764884316,120.94116876002124,114.19904730177221,134.4254116765193,134.4254116765193,target,6,0.10899423355792365,2.0,2024-10-01,0.0025
2024-09-30,momentum,BALRAMCHIN,bull,0.7626507013603971,636.4257079132075,609.7071322056929,689.8628593282366,609.7071322056929,stop,15,-0.04448223826489156,-1.0,2024-10-22,0.0025
2024-09-30,momentum,WHIRLPOOL,bull,0.7301079523539163,2261.9492194254854,2151.6715339470675,2482.504590382321,2151.6715339470675,stop,18,-0.051253386915744936,-1.0,2024-10-25,0.0025
2024-09-30,momentum,COLPAL,bull,0.7191674602733539,3649.824605634091,3534.3731331104177,3880.727550681437,3534.3731331104177,stop,4,-0.0341320604407826,-1.0,2024-10-07,0.0025
2024-09-30,momentum,SUNPHARMA,bull,0.7022659898107165,1889.7807205201098,1847.7644532833417,1973.8132549936458,1847.7644532833417,stop,12,-0.02473340876564994,-1.0,2024-10-17,0.0025
2024-09-30,momentum,BLUESTARCO,bull,0.6974296727826834,2054.0609328691276,1926.1133866760933,2309.956025255196,1926.1133866760933,stop,4,-0.06479004414894168,-1.0,2024-10-07,0.0025
2024-09-30,momentum,VOLTAS,bull,0.6880634076322045,1829.0123205081675,1763.2680901737033,1960.5007811770959,1763.2680901737033,stop,4,-0.03844520911493804,-1.0,2024-10-07,0.0025
2024-09-30,momentum,BPCL,bull,0.6813570008232742,340.55580527622203,326.150801003522,369.36581382162206,325.59898630203855,stop,2,-0.046418848959430103,-1.0383071529197148,2024-10-03,0.0025
2024-09-30,momentum,BIKAJI,bull,0.6772946915283724,920.0885874716629,857.0214143313563,1046.2229337522763,857.0214143313563,stop,4,-0.07104467493571537,-1.0,2024-10-07,0.0025
2024-09-30,momentum,KALYANKJIL,bull,0.6758578344526104,726.0045354641198,678.4223794142088,821.168847563942,678.4223794142088,stop,4,-0.06803975040871163,-1.0,2024-10-07,0.0025
2024-09-30,momentum,UNITDSPR,bull,0.6695948612335976,1556.9188413467357,1500.7190935396463,1669.3183369609144,1500.7190935396463,stop,3,-0.03859677416356305,-1.0,2024-10-04,0.0025
2024-09-30,momentum,ABREL,bull,0.6679211462063389,2842.5404772816228,2666.2781311846024,3195.0651694756634,2666.2781311846024,stop,4,-0.0645087374325039,-1.0,2024-10-07,0.0025
2024-09-30,momentum,JUBLINGREA,bull,0.6670812368601328,760.9930924990223,715.1133958289603,852.7524858391463,715.1133958289603,stop,4,-0.06278924194225971,-1.0,2024-10-07,0.0025
2024-09-30,momentum,LUPIN,bull,0.664311043671951,2162.7690639191424,2087.306494149453,2313.694203458521,2087.306494149453,stop,7,-0.037391644710759786,-1.0,2024-10-10,0.0025
2024-09-30,control_naive_low,CREDITACC,bull,-1.0386816787388877,1200.0999755859375,1150.8824171942535,1298.5350923693054,1150.8824171942535,stop,3,-0.04351121522617646,-1.0,2024-10-04,0.0025
2024-10-08,momentum,LALPATHLAB,bull,0.7411840499322216,1755.8282669750201,1686.169617154092,1895.1455666168763,1686.169617154092,stop,4,-0.04217281489375807,-1.0,2024-10-14,0.0025
2024-10-08,momentum,GLENMARK,bull,0.7379015496374638,1735.0137638777537,1657.8327108248002,1889.3758699836608,1657.8327108248002,stop,12,-0.04698440390493158,-1.0,2024-10-24,0.0025
2024-10-08,momentum,JUBLPHARMA,bull,0.7284101337476603,1139.20865520616,1045.0779451644196,1327.470075289641,1045.0779451644196,stop,13,-0.0851281556162386,-1.0,2024-10-25,0.0025
2024-10-08,momentum,KALYANKJIL,bull,0.7134035576695923,708.9244111030123,655.1706473509114,816.4319386072141,655.1706473509114,stop,11,-0.07832439384258988,-1.0,2024-10-23,0.0025
2024-10-08,momentum,ANANTRAJ,bull,0.7031983704046956,733.7097564270279,669.49446936751,862.1403305460636,669.49446936751,stop,13,-0.09002137544446637,-1.0,2024-10-25,0.0025
2024-10-08,momentum,LTFOODS,bull,0.7027353758927111,393.1730737318044,366.1835955310654,447.1520301332823,366.1835955310654,stop,12,-0.07114528627194178,-1.0,2024-10-24,0.0025
2024-10-08,momentum,IPCALAB,bull,0.7012733902072992,1535.5574340004825,1468.1179336388036,1670.4364347238404,1670.4364347238404,target,4,0.08533715785346224,2.0,2024-10-14,0.0025
2024-10-08,momentum,VOLTAS,bull,0.6815609723963728,1794.2660353921422,1716.1176001460167,1950.562905884393,1716.1176001460167,stop,14,-0.04605454191554487,-1.0,2024-10-28,0.0025
2024-10-08,momentum,BIKAJI,bull,0.6807783736756983,851.2601281218307,797.3563039842285,959.0677763970351,877.7747802734375,time,20,0.028647532082945296,0.49188814663542074,2024-11-05,0.0025
2024-10-08,momentum,ASTERDM,bull,0.6693384397317778,413.99290112066274,394.1917650828622,453.5951731962638,394.1917650828622,stop,11,-0.05032965114667326,-1.0,2024-10-23,0.0025
2024-10-08,control_naive_low,ZEEL,bull,-1.0124570591453823,120.77985182047428,112.64982374784236,137.0399079657381,112.64982374784236,stop,15,-0.06981278396264551,-1.0,2024-10-29,0.0025
2024-10-08,control_naive_low,CREDITACC,bull,-1.0154222005208333,1151.0,1097.0048901099024,1258.9902197801953,1097.0048901099024,stop,3,-0.0494114768810579,-1.0,2024-10-11,0.0025
2024-10-08,control_naive_low,INDUSINDBK,bull,-1.0228333349460068,1366.7861768240118,1313.0468241105548,1474.264882250926,1313.0468241105548,stop,9,-0.04181803937198919,-1.0,2024-10-21,0.0025
2024-10-08,control_naive_low,RBLBANK,bull,-1.0336989745501224,195.76943169815922,185.3116390921918,216.68501691009408,185.3116390921918,stop,9,-0.0559189250857684,-1.0,2024-10-21,0.0025
2024-10-08,control_naive_low,IDFCFIRSTB,bull,-1.0386308210201662,72.92636739225877,70.18189679760187,78.41530858157257,70.18189679760187,stop,9,-0.040133447171375625,-1.0,2024-10-21,0.0025
2024-10-15,momentum,VIJAYA,bull,0.7508046714152576,1089.7902264189213,1004.612394283636,1260.1458906894918,1004.612394283636,stop,2,-0.08065984220668027,-1.0,2024-10-17,0.0025
2024-10-15,momentum,COHANCE,bull,0.745411250185372,1207.699951171875,1140.0011960301433,1343.0974614553384,1343.0974614553384,target,15,0.10961187857719307,2.0,2024-11-05,0.0025
2024-10-15,momentum,AJANTPHARM,bull,0.7173760991207034,3204.6717534993145,3021.139908255269,3571.7354439874057,3021.139908255269,stop,5,-0.05977009171645725,-1.0,2024-10-22,0.0025
2024-10-15,momentum,DIXON,bull,0.710094639171494,15388.152318214756,14741.450172136623,16681.556610371023,14741.450172136623,stop,8,-0.04452597769406269,-1.0,2024-10-25,0.0025
2024-10-15,momentum,WOCKPHARMA,bull,0.7062547925460536,1080.0,1012.6370016974495,1214.725996605101,1012.6370016974495,stop,3,-0.06487314657643567,-1.0,2024-10-18,0.0025
2024-10-15,momentum,PERSISTENT,bull,0.6974921877889014,5557.016512085595,5322.637506208967,6025.774523838852,5322.637506208967,stop,4,-0.04467712964625753,-1.0,2024-10-21,0.0025
2024-10-15,momentum,HCLTECH,bull,0.6907906564646439,1724.9766535987135,1670.4071689399748,1834.115622916191,1666.139706207197,stop,6,-0.036608836933397726,-1.0782023645534733,2024-10-23,0.0025
2024-10-15,momentum,HSCL,bull,0.6873562914374384,650.2937798506863,607.7528713143256,735.3755969234077,607.7528713143256,stop,3,-0.06791798469320814,-1.0,2024-10-18,0.0025
2024-10-15,momentum,ZENTEC,bull,0.681827650388127,1975.7792608145007,1853.0184110807843,2221.300960281934,1853.0184110807843,stop,2,-0.06463287697083592,-1.0,2024-10-17,0.0025
2024-10-15,momentum,ABREL,bull,0.6768104068781173,2902.3326036812027,2674.425941173459,3358.1459286966906,2674.425941173459,stop,8,-0.08102534276005319,-1.0,2024-10-25,0.0025
2024-10-15,momentum,APARINDS,bull,0.6741795365128594,10853.98280216163,10237.400917652758,12087.146571179375,10237.400917652758,stop,2,-0.05930697083710851,-1.0,2024-10-17,0.0025
2024-10-15,momentum,KAYNES,bull,0.6720273554911728,5709.5,5327.502530689637,6473.494938620726,5327.502530689637,stop,6,-0.06940559056140877,-1.0,2024-10-23,0.0025
2024-10-15,momentum,TECHM,bull,0.6678947841700023,1567.8474577716725,1511.8981727539751,1679.746027807067,1511.8981727539751,stop,12,-0.03818541361620481,-1.0,2024-10-31,0.0025
2024-10-15,control_naive_low,CREDITACC,bull,-1.0044759306255167,1058.550048828125,1006.1182377395894,1163.4136710051962,1006.1182377395894,stop,4,-0.05203172610646095,-1.0,2024-10-21,0.0025
2024-10-15,control_naive_low,J&KBANK,bull,-1.0429487398217183,94.83567911230003,90.59819323976444,103.3106508573712,90.59819323976444,stop,5,-0.047182401309297906,-1.0,2024-10-22,0.0025
2024-10-15,control_naive_low,SHREECEM,bull,-1.0450331961059942,24505.301127542843,23680.9721821318,26153.959018364927,23285.53750122006,stop,20,-0.05227550041006529,-1.4797049565141287,2024-11-12,0.0025
2024-10-22,momentum,MCX,bull,0.7716487717046588,1275.193205854869,1216.9132228837389,1391.753171797129,1216.9132228837389,stop,15,-0.04820286502746857,-1.0,2024-11-12,0.0025
2024-10-22,momentum,CARTRADE,bull,0.7373230904581697,975.0,915.0117903523751,1094.9764192952498,1094.9764192952498,target,8,0.12055273773871783,2.0,2024-11-01,0.0025
2024-10-22,momentum,POLYMED,bull,0.7081269137571106,2522.3958032684877,2362.9032739762297,2841.380861853004,2841.380861853004,target,7,0.12396114387408169,2.0,2024-10-31,0.0025
2024-10-22,momentum,WOCKPHARMA,bull,0.7076399327214842,1054.949951171875,944.8776997556041,1275.0944540044168,1275.0944540044168,target,9,0.20617767479205779,2.0,2024-11-04,0.0025
2024-10-22,momentum,CHOLAHLDNG,bull,0.7053348046475459,1942.127386608901,1828.5091529694066,2169.3638538878895,1828.5091529694066,stop,3,-0.0610019471034185,-1.0,2024-10-25,0.0025
2024-10-22,momentum,PPLPHARMA,bull,0.7011916400590185,215.31049774983634,200.7287393587113,244.47401453208644,244.47401453208644,target,2,0.13294865246716586,2.0,2024-10-24,0.0025
2024-10-22,momentum,FORTIS,bull,0.690061714993715,591.6718860784003,562.6652112332711,649.6852357686589,649.6852357686589,target,15,0.09554986691994255,2.0,2024-11-12,0.0025
2024-10-22,momentum,BALRAMCHIN,bull,0.685730049795136,590.0504911301637,561.4280054246591,647.2954625411728,647.2954625411728,target,6,0.09451707272773219,2.0,2024-10-30,0.0025
2024-10-22,momentum,BBTC,bull,0.6805211042784729,2602.0335532029744,2375.7220471859414,3054.6565652370405,2447.85546875,time,20,-0.061752919418809504,-0.6812648953048389,2024-11-21,0.0025
2024-10-22,momentum,DIVISLAB,bull,0.6802378578550065,5754.360867318581,5536.724108827861,6189.634384300021,5925.572265625,time,20,0.02725333008376313,0.7866841956926104,2024-11-21,0.0025
2024-10-22,momentum,CHOICEIN,bull,0.6724104616340532,481.04998779296875,452.77776457465575,537.5944342295948,452.77776457465575,stop,3,-0.06127190299499735,-1.0,2024-10-25,0.0025
2024-10-22,momentum,SARDAEN,bull,0.664372071026864,457.0946825729082,425.7581622528214,519.7677232130818,425.7581622528214,stop,6,-0.07105586274532633,-1.0,2024-10-30,0.0025
2024-10-22,control_naive_low,INDUSINDBK,bull,-1.0024385255346608,1272.2892259041303,1227.409026444215,1362.0496248239608,1161.1193631107867,stop,3,-0.08987782300588348,-2.477035845008551,2024-10-25,0.0025
2024-10-22,control_naive_low,IDFCFIRSTB,bull,-1.0039676213219424,67.87777178226014,65.56468883496339,72.50393767685364,65.56468883496339,stop,1,-0.03657717853079662,-1.0,2024-10-23,0.0025
2024-10-22,control_naive_low,RBLBANK,bull,-1.0059562613223358,166.46214270191973,153.6261192914724,192.13418952281438,153.6261192914724,stop,16,-0.07961076646077131,-1.0,2024-11-13,0.0025
2024-10-22,control_naive_low,CREDITACC,bull,-1.014197343420155,1000.2000122070312,949.769674559579,1101.0606875019357,940.0,stop,4,-0.06268797387753927,-1.1937261381804884,2024-10-28,0.0025
2024-10-22,control_naive_low,J&KBANK,bull,-1.0155936906317016,89.32972545840222,85.16032916931569,97.66851803657529,97.66851803657529,target,3,0.09084846307186017,2.0,2024-10-25,0.0025
2024-10-22,control_naive_low,SAMMAANCAP,bull,-1.0243454740668505,133.99000549316406,124.39381076450618,153.18239495047982,153.18239495047982,target,19,0.14073747048652002,2.0,2024-11-19,0.0025
2024-10-22,control_naive_low,ASTRAL,bull,-1.0300658055971572,1780.9744831586554,1717.728354226233,1907.4667410235002,1717.728354226233,stop,14,-0.038012091571492934,-1.0,2024-11-11,0.0025
2024-10-22,control_naive_low,SYRMA,bull,-1.0301989417257682,389.97849508253296,376.4979089950817,416.93966725743553,376.4979089950817,stop,3,-0.03706751143315817,-1.0,2024-10-25,0.0025
2024-10-22,control_naive_low,BANDHANBNK,bull,-1.035372003471304,171.63082518942522,160.23660284408794,194.4192698800998,160.23660284408794,stop,20,-0.06888797158238752,-1.0,2024-11-21,0.0025
2024-10-22,control_naive_low,NESTLEIND,bull,-1.0371675348815377,1150.8837732722566,1112.3961809016193,1227.858958013531,1112.3961809016193,stop,2,-0.03594177167535101,-1.0,2024-10-24,0.0025
2024-10-22,control_naive_low,SRF,bull,-1.0491632919982747,2153.740283076598,2067.539714381104,2326.141420467586,2326.141420467586,target,11,0.07754731988608893,2.0,2024-11-06,0.0025
2024-10-29,momentum,DEEPAKFERT,bull,0.7444321921204176,1306.6662675536054,1106.7435564509783,1706.5116897588596,1333.9337158203125,time,20,0.01836795147605547,0.13638994847718827,2024-11-28,0.0025
2024-10-29,momentum,JUBLPHARMA,bull,0.7292549112695935,1082.644475385634,1012.7845423843312,1222.3643413882396,1223.4110903965197,target,3,0.12752109022054098,2.014983538679612,2024-11-01,0.0025
2024-10-29,momentum,LUPIN,bull,0.7225552448740461,2166.2227492909656,2085.801717818584,2327.0648122357284,2085.801717818584,stop,5,-0.03962500549572029,-1.0,2024-11-05,0.0025
2024-10-29,momentum,CHOICEIN,bull,0.7001384685379701,483.79998779296875,458.42687552754967,534.5462123238069,534.5462123238069,target,6,0.10239091734444988,2.0,2024-11-06,0.0025
2024-10-29,momentum,PPLPHARMA,bull,0.6922924222801695,250.83748208532148,232.75377240209338,287.0049014517777,287.0049014517777,target,6,0.14168666247875178,2.0,2024-11-06,0.0025
2024-10-29,momentum,FSL,bull,0.6890714385690482,333.39511783023977,303.142766694047,393.8998201026253,349.268798828125,time,20,0.0451122179028664,0.5247090028283639,2024-11-28,0.0025
2024-10-29,momentum,DIXON,bull,0.6813997191066802,14931.404983557328,13960.936192907817,16872.34256485635,13960.936192907817,stop,2,-0.06749514223331327,-1.0,2024-10-31,0.0025
2024-10-29,momentum,HOMEFIRST,bull,0.6739925832062099,1175.7989378304815,1083.2549250159486,1360.8869634595471,1083.2549250159486,stop,8,-0.08120734513954392,-1.0,2024-11-08,0.0025
2024-10-29,momentum,ACUTAAS,bull,0.6735416877569377,913.8195699970285,842.5046512384665,1056.4494075141524,1056.4494075141524,target,6,0.15358096193167298,2.0000000000000018,2024-11-06,0.0025
2024-10-29,momentum,HCLTECH,bull,0.6703314285182354,1728.8463852570296,1686.8624397126378,1812.8142763458134,1686.8624397126378,stop,2,-0.026784370145558064,-1.0,2024-10-31,0.0025
2024-10-29,momentum,SUNPHARMA,bull,0.6652914064563573,1834.4574303094903,1780.7060697642046,1941.9601514000617,1780.7060697642046,stop,4,-0.03180095823276602,-1.0,2024-11-04,0.0025
2024-10-29,control_naive_low,DELHIVERY,bull,-1.0109953053566347,354.04998779296875,336.18984809905334,389.7702671807996,336.18984809905334,stop,11,-0.05294524872109069,-1.0,2024-11-13,0.0025
2024-10-29,control_naive_low,ZEEL,bull,-1.0190630506372516,112.92271523040709,105.95627789891617,126.85558989338894,117.76561737060547,time,20,0.04038687294063842,0.6951763017097179,2024-11-28,0.0025
2024-10-29,control_naive_low,INDUSINDBK,bull,-1.0196935952351691,1035.9720921536493,968.4825900923303,1170.9510962762874,968.4825900923303,stop,15,-0.06764606191853811,-1.0,2024-11-21,0.0025
2024-10-29,control_naive_low,NESTLEIND,bull,-1.0231948277642093,1115.966043279376,1070.7065667877584,1206.484996262611,1070.7065667877584,stop,12,-0.043056320476040744,-1.0,2024-11-14,0.0025
2024-10-29,control_naive_low,CREDITACC,bull,-1.0297860937071448,944.8499755859375,883.5410573397911,1067.4678120782303,883.5410573397911,stop,12,-0.06738746343897234,-1.0,2024-11-14,0.0025
2024-11-05,momentum,COHANCE,bull,0.8236641167980683,1351.0,1266.0914860801158,1520.8170278397683,1266.0914860801158,stop,4,-0.06534864094736065,-1.0,2024-11-11,0.0025
2024-11-05,momentum,JUBLPHARMA,bull,0.7708439498239339,1229.5528431348398,1132.226309915617,1424.2059095732852,1132.226309915617,stop,6,-0.08165603933791182,-1.0,2024-11-13,0.0025
2024-11-05,momentum,GLENMARK,bull,0.728717387338077,1719.1185977828134,1641.2373197613588,1874.8811538257225,1641.2373197613588,stop,2,-0.0478030280295379,-1.0,2024-11-07,0.0025
2024-11-05,momentum,ABSLAMC,bull,0.7111985692219907,784.7316054486968,735.3010442080554,883.5927279299796,809.0853271484375,time,20,0.02853446010157285,0.49268551860417287,2024-12-05,0.0025
2024-11-05,momentum,LLOYDSME,bull,0.7016933721125743,969.8451790440049,921.4383651116907,1066.6588069086333,921.4383651116907,stop,7,-0.052411898288786396,-1.0,2024-11-14,0.0025
2024-11-05,momentum,CAPLIPOINT,bull,0.70030855253979,2011.3069887687943,1896.6730875188211,2240.5747912687407,2240.5747912687407,target,17,0.11148946246405228,2.0,2024-12-02,0.0025
2024-11-05,momentum,PGEL,bull,0.6944070603975946,629.7224402701621,584.5431248784008,720.0810710536847,720.0810710536847,target,16,0.14098961543240723,2.0,2024-11-29,0.0025
2024-11-05,momentum,KAYNES,bull,0.6898426292611554,5439.39990234375,4942.413754065423,6433.372198900404,6433.372198900404,target,18,0.1802356536386242,2.0,2024-12-03,0.0025
2024-11-05,momentum,VIJAYA,bull,0.685924816925493,976.9244202624154,913.9211287581627,1102.9310032709209,1102.9310032709209,target,3,0.1264829391046018,2.0,2024-11-08,0.0025
2024-11-05,momentum,NATIONALUM,bull,0.6814374792062418,217.67993679196934,203.86343754254278,245.31293529082245,203.86343754254278,stop,6,-0.06597162468459644,-1.0,2024-11-13,0.0025
2024-11-05,momentum,SHYAMMETL,bull,0.6811861653984712,862.5109952345098,811.1121199403408,965.3087458228478,811.1121199403408,stop,3,-0.06209213920536055,-1.0,2024-11-08,0.0025
2024-11-05,momentum,NETWEB,bull,0.6747899159663865,2674.889653499354,2474.497452930471,3075.6740546371207,2870.730224609375,time,20,0.0707144486236348,0.9772863941513641,2024-12-05,0.0025
2024-11-05,momentum,ANANTRAJ,bull,0.6746573725275552,755.2983543095305,690.4031205985418,885.0888217315079,690.4031205985418,stop,6,-0.08841999881995483,-1.0,2024-11-13,0.0025
2024-11-05,momentum,BAJAJHLDNG,bull,0.6745087306953432,10397.336072697664,9945.778692414902,11300.450833263189,9945.778692414902,stop,16,-0.04593010335777309,-1.0,2024-11-29,0.0025
2024-11-05,momentum,CDSL,bull,0.668895042052581,1528.4815486657546,1425.1204478379636,1735.2037503213367,1425.1204478379636,stop,6,-0.07012338800754064,-1.0,2024-11-13,0.0025
2024-11-12,momentum,COFORGE,bull,0.766514258435315,1597.5770473190207,1532.3512965832633,1728.0285487905355,1728.0285487905355,target,12,0.0791558435728858,2.0,2024-12-02,0.0025
2024-11-12,momentum,PAYTM,bull,0.7257323077666877,791.0,728.7077127344351,915.5845745311299,915.5845745311299,target,7,0.155002622668938,2.0,2024-11-25,0.0025
2024-11-12,momentum,ASTERDM,bull,0.7210307442787043,431.9797341019861,411.41756455161976,473.1040732027187,473.1040732027187,target,9,0.09269969538900552,2.0,2024-11-27,0.0025
2024-11-12,momentum,BSE,bull,0.7065357166054719,1570.0819629462883,1433.6479027188498,1842.9500834011653,1433.6479027188498,stop,9,-0.08939613883049607,-1.0,2024-11-27,0.0025
2024-11-12,momentum,VIJAYA,bull,0.6972506123199365,1055.1082102305354,990.0940654624376,1185.136499766731,1185.136499766731,target,6,0.12073692326096602,2.0,2024-11-22,0.0025
2024-11-12,momentum,INDHOTEL,bull,0.6922881436493936,716.7905449089666,691.8134859738933,766.7446627791131,766.7446627791131,target,5,0.06719137389569058,2.0,2024-11-21,0.0025
2024-11-12,momentum,OFSS,bull,0.6888070831116532,10982.497542206766,10393.487926564674,12160.516773490948,10393.487926564674,stop,3,-0.05613166377943385,-1.0,2024-11-18,0.0025
2024-11-12,momentum,PAGEIND,bull,0.6827073756584634,45615.56883616873,43763.74087315649,49319.22476219321,43763.74087315649,stop,3,-0.0430964018483076,-1.0,2024-11-18,0.0025
2024-11-12,momentum,WOCKPHARMA,bull,0.6819563981471548,1198.0,1089.7983902493017,1414.4032195013965,1414.4032195013965,target,11,0.1781370780479103,2.0,2024-11-29,0.0025
2024-11-12,momentum,CAMS,bull,0.681949252077104,906.9928487526365,858.5368358055448,1003.90487464682,858.5368358055448,stop,6,-0.05592491179917464,-1.0,2024-11-22,0.0025
2024-11-12,momentum,IPCALAB,bull,0.6733826953443628,1549.968727132349,1484.720371115862,1680.4654391653228,1484.720371115862,stop,1,-0.0445965629011143,-1.0,2024-11-13,0.0025
2024-11-12,momentum,SYNGENE,bull,0.669764472829243,885.0736521520336,849.2470080964957,956.7269402631092,849.2470080964957,stop,1,-0.04297871492776478,-1.0,2024-11-13,0.0025
2024-11-12,momentum,FORTIS,bull,0.6670824463083829,638.4668233803794,612.727305796902,689.9458585473343,689.9458585473343,target,6,0.07812914670240473,2.0,2024-11-22,0.0025
2024-11-12,momentum,PERSISTENT,bull,0.6623924105938451,5616.239010404219,5333.816564913661,6181.083901385335,6181.083901385335,target,17,0.0980735136867798,2.0,2024-12-09,0.0025
2024-11-12,momentum,HCLTECH,bull,0.662364312854582,1733.4913129273361,1684.2478266546025,1831.9782854728035,1798.706298828125,time,20,0.035120601507751814,1.3243373050315224,2024-12-12,0.0025
2024-11-12,control_naive_low,ASIANPAINT,bull,-1.0019636022899798,2418.442321542641,2310.3725459828574,2634.581872662208,2343.681884765625,time,20,-0.033412639971222846,-0.6917793285844195,2024-12-12,0.0025
2024-11-12,control_naive_low,ASTRAL,bull,-1.0190936430645758,1733.718145962573,1665.6430626794552,1869.868312528809,1825.585693359375,time,20,0.05048874422624,1.3495032685414918,2024-12-12,0.0025
2024-11-12,control_naive_low,SHREECEM,bull,-1.0371404587765958,24078.433966495293,23366.06859059448,25503.164718296917,25503.164718296917,target,7,0.05667040758481673,2.0,2024-11-25,0.0025
2024-11-12,control_naive_low,STARHEALTH,bull,-1.0379287609124837,470.0,444.82198889481094,520.3560222103781,463.5,time,20,-0.0163297872340426,-0.2581617734953014,2024-12-12,0.0025
2024-11-12,control_naive_low,AIAENG,bull,-1.0416336690601316,3483.8649620723118,3341.405986250951,3768.782913715033,3341.405986250951,stop,3,-0.043391072809154385,-1.0,2024-11-18,0.0025
2024-11-12,control_naive_low,AARTIIND,bull,-1.0427400315716546,443.93168576142267,413.461439606813,504.87217807064206,435.670166015625,time,20,-0.021109889788848254,-0.2711340008176411,2024-12-12,0.0025
2024-11-12,control_naive_low,DMART,bull,-1.0430100103555402,3774.0,3602.826128994678,4116.347742010644,3602.826128994678,stop,6,-0.04785608664687918,-1.0,2024-11-22,0.0025
2024-11-12,control_naive_low,INDIAMART,bull,-1.0432379091402784,2197.353693883402,2064.416425445084,2463.2282307600376,2219.440185546875,time,20,0.0075514048898698855,0.16614221070535404,2024-12-12,0.0025
2024-11-12,control_naive_low,LTF,bull,-1.0442315867929348,134.05851234345124,127.1165482598703,147.94244051061312,147.94244051061312,target,18,0.10106618109853377,2.0,2024-12-10,0.0025
2024-11-12,control_naive_low,TATAELXSI,bull,-1.0450750225154783,6440.342761684686,6107.180748804831,7106.666787444396,6107.180748804831,stop,3,-0.05423047851768453,-1.0,2024-11-18,0.0025
2024-11-12,control_naive_low,AUBANK,bull,-1.0477983173775514,575.3810129916666,550.6668524486159,624.8093340777679,589.749267578125,time,20,0.022471721801787307,0.581377407556682,2024-12-12,0.0025
2024-11-12,control_naive_low,SBICARD,bull,-1.0483061568480387,674.8623122931159,649.349154595526,725.8886276882957,725.8886276882957,target,18,0.07310996438191592,2.0,2024-12-10,0.0025
2024-11-21,momentum,COHANCE,neutral,0.74241908768616,1279.0,1205.9828700993537,1425.0342598012926,1216.5,time,20,-0.05136630179827989,-0.8559635264361,2024-12-19,0.0025
2024-11-21,momentum,360ONE,neutral,0.7045889364685849,1079.466124533686,1010.2007754610557,1217.9968226789467,1217.9968226789467,target,17,0.12583260349425401,2.0,2024-12-16,0.0025
2024-11-21,momentum,FEDERALBNK,neutral,0.7039519156222334,209.49179026314357,200.10744641060438,228.26047796822195,200.10744641060438,stop,19,-0.04729575949373227,-1.0,2024-12-18,0.0025
2024-11-21,momentum,DIVISLAB,neutral,0.7027792981815971,5928.447256126176,5697.309126260926,6390.723515856677,5770.56982421875,time,20,-0.029130486042409028,-0.6830436501301893,2024-12-19,0.0025
2024-11-21,momentum,NATIONALUM,neutral,0.6948768702405725,229.3380947469578,212.88729355448726,262.2396971318989,212.88729355448726,stop,16,-0.07423165544355675,-1.0,2024-12-13,0.0025
2024-11-21,momentum,MCX,neutral,0.6867138170721673,1231.2690698915612,1152.719271243969,1388.3686671867458,1388.3686671867458,target,11,0.1250916053905426,2.0,2024-12-06,0.0025
2024-11-21,momentum,KFINTECH,neutral,0.6838572466023447,1019.0860475903762,948.6955695122161,1159.8670037466964,1159.8670037466964,target,6,0.13564432695766565,2.0,2024-11-29,0.0025
2024-11-21,momentum,KIMS,neutral,0.683394328357141,585.6500244140625,552.7854283586356,651.3792165249163,595.25,time,20,0.013892000658656424,0.29210690950672036,2024-12-19,0.0025
2024-11-21,momentum,CDSL,neutral,0.6637376534266325,1523.2718267271878,1423.72177590267,1722.3719283762232,1722.3719283762232,target,10,0.12820556295707924,2.0,2024-12-05,0.0025
2024-11-21,momentum,CHOICEIN,neutral,0.6635303418941012,524.0,497.50277578270186,576.9944484345963,547.5999755859375,time,20,0.04253812134720886,0.8906584098167825,2024-12-19,0.0025
2024-11-21,control_naive_low,ADANIENSOL,neutral,-1.0,658.1500244140625,617.4872302455503,739.4756127510868,617.4872302455503,stop,3,-0.06428347285592434,-1.0,2024-11-26,0.0025
2024-11-21,control_naive_low,HONASA,neutral,-1.0,238.51500039105952,200.89147078850723,313.7620595961641,256.1054992675781,time,20,0.07125007378017284,0.46753983643590197,2024-12-19,0.0025
2024-11-21,control_naive_low,CREDITACC,neutral,-1.0016860607058502,870.0,814.4411250387748,981.1177499224505,981.1177499224505,target,3,0.12522155163500054,2.0,2024-11-26,0.0025
2024-11-21,control_naive_low,MAPMYINDIA,neutral,-1.0029682651884602,1582.2573457087694,1455.531202011383,1835.7096331035425,1835.7096331035425,target,12,0.15768398529301159,2.0,2024-12-09,0.0025
2024-11-21,control_naive_low,KPITTECH,neutral,-1.0054158980493864,1262.939843503778,1181.6941874843121,1425.43115554271,1425.43115554271,target,9,0.12616116535537575,2.0,2024-12-04,0.0025
2024-11-21,control_naive_low,INDUSINDBK,neutral,-1.0155732485645308,984.4055922437047,930.2842632773809,1092.6482501763526,962.8405151367188,time,20,-0.024406699105430526,-0.3984580112658454,2024-12-19,0.0025
2024-11-21,control_naive_low,BSOFT,neutral,-1.0169681858399195,529.8054991863944,502.2999508258164,584.8165959075504,584.8165959075504,target,4,0.10133262688974515,2.0,2024-11-27,0.0025
2024-11-21,control_naive_low,IGL,neutral,-1.0173145628464197,153.96338622645155,138.34432907856808,185.20150052221848,185.20150052221848,target,10,0.20039313622799554,2.0,2024-12-05,0.0025
2024-11-21,control_naive_low,BANDHANBNK,neutral,-1.0187960534473757,163.28999340958526,154.12677350039522,181.61643322796536,160.3033905029297,time,20,-0.020790177152277763,-0.3259337805109566,2024-12-19,0.0025
2024-11-21,control_naive_low,NESTLEIND,neutral,-1.019597073529041,1084.3543074515235,1047.9628193839199,1157.1372835867307,1058.0068359375,time,20,-0.02679784373333288,-0.7240009384908468,2024-12-19,0.0025
2024-11-21,control_naive_low,ADANIENT,neutral,-1.0198429974483008,2099.0203023530426,1990.8664891408744,2315.327928777379,2315.327928777379,target,2,0.1005517075903703,2.0,2024-11-25,0.0025
2024-11-21,control_naive_low,AIAENG,neutral,-1.02105184297273,3360.2287931448027,3214.3079877975088,3652.0704038393906,3401.159912109375,time,20,0.00968105119748869,0.28050228250286563,2024-12-19,0.0025
2024-11-21,control_naive_low,TATACONSUM,neutral,-1.0239660878913488,901.8778716372306,859.5191595203027,986.5952958710864,892.8713989257812,time,20,-0.01248635513154278,-0.21262385614056545,2024-12-19,0.0025
2024-11-28,momentum,NEULANDLAB,bull,0.7961152696469379,16615.50666603391,15066.450456249488,19713.619085602757,15066.450456249488,stop,12,-0.09572955001733813,-1.0,2024-12-16,0.0025
2024-11-28,momentum,JUBLPHARMA,bull,0.7094645932796161,1177.3473979663288,1089.4951595945183,1353.0518747099497,1089.4951595945183,stop,11,-0.07711879010694772,-1.0,2024-12-13,0.0025
2024-11-28,momentum,DEEPAKFERT,bull,0.6953350545298924,1338.1741111608271,1233.4324903444199,1547.6573527936416,1233.4324903444199,stop,14,-0.08077204243665043,-1.0,2024-12-18,0.0025
2024-11-28,momentum,ACUTAAS,bull,0.6851675418810854,1052.927930806903,974.0227265853214,1210.7383392500665,1127.5518798828125,time,20,0.0683727985007691,0.9457417899375857,2024-12-27,0.0025
2024-11-28,momentum,CCL,bull,0.6713426393170333,780.9305780218984,736.1787114295784,870.4343112065386,736.1787114295784,stop,16,-0.0598058193030126,-1.0,2024-12-20,0.0025
2024-11-28,momentum,RADICO,bull,0.6679147387978984,2400.8335793553133,2264.177324140047,2674.146089785846,2542.21435546875,time,20,0.05638820338450995,1.0345722988730233,2024-12-27,0.0025
2024-11-28,momentum,TARIL,bull,0.6568859555271808,498.268321056888,452.12079313016034,590.5633769103433,590.5633769103433,target,13,0.18273163515128993,2.0,2024-12-17,0.0025
2024-11-28,momentum,BSE,bull,0.6556158130256695,1528.8044270343983,1400.6017762614035,1785.2097285803877,1785.2097285803877,target,6,0.16521622125883612,2.0,2024-12-06,0.0025
2024-11-28,momentum,FORTIS,bull,0.6544480419635206,652.9343953273897,608.9393316558791,740.9245226704109,680.572265625,time,20,0.03982870943144662,0.6282038935997152,2024-12-27,0.0025
2024-11-28,momentum,ETERNAL,bull,0.6527977336799113,285.0,270.5491680369915,313.901663926017,270.5491680369915,stop,18,-0.05320467355441588,-1.0,2024-12-24,0.0025
2024-11-28,momentum,WIPRO,bull,0.6515715137888115,266.4595113553808,255.04818402017392,289.2821660257946,289.2821660257946,target,10,0.08315149186952792,2.0,2024-12-12,0.0025
2024-11-28,momentum,LLOYDSME,bull,0.6505820146652495,975.6872498703553,910.3829170678417,1106.2959154753826,1113.501876344178,target,8,0.1387487725878706,2.1103442996743724,2024-12-10,0.0025
2024-11-28,momentum,SYNGENE,bull,0.6495669237937886,913.0899115798436,877.2549253553758,984.7598840287792,877.2549253553758,stop,7,-0.041745846186675595,-1.0,2024-12-09,0.0025
2024-11-28,reversal,SYRMA,bull,0.7979050629137099,581.2284556753795,486.853520796999,817.1657928713305,594.5401611328125,time,20,0.02040270775192016,0.1410512809845924,2024-12-27,0.0025
2024-11-28,control_naive_low,ZFCVINDIA,bull,-1.0235640864109594,2081.7595360964788,1923.5800999432483,2398.1184084029396,1923.5800999432483,stop,11,-0.07848352903421002,-1.0,2024-12-13,0.0025
2024-11-28,control_naive_low,CLEAN,bull,-1.0347936505519042,1276.8405791910254,1203.5055332429206,1423.510671087235,1423.510671087235,target,9,0.11236954149682193,2.0,2024-12-11,0.0025
2024-11-28,control_naive_low,RBLBANK,bull,-1.0398125601082813,157.219763922568,147.68907465566866,176.2811424563667,147.68907465566866,stop,2,-0.0631201728657555,-1.0,2024-12-02,0.0025
2024-11-28,control_naive_low,DMART,bull,-1.0428030440034022,3714.699951171875,3547.080285872603,4049.9392817704193,3547.080285872603,stop,13,-0.04762333903210497,-1.0,2024-12-17,0.0025
2024-12-05,momentum,COFORGE,bull,0.7547034904240454,1729.8823640975372,1687.1596288048127,1815.3278346829863,1815.3278346829863,target,5,0.04689380408680294,2.0,2024-12-12,0.0025
2024-12-05,momentum,TECHM,bull,0.7338205471411868,1702.2327132680182,1636.1163749812133,1834.465389841628,1636.1163749812133,stop,11,-0.041340951517064906,-1.0,2024-12-20,0.0025
2024-12-05,momentum,OFSS,bull,0.7214680473127482,11539.829522995953,10987.496853451634,12644.494862084592,11611.390625,time,20,0.0037012269645270734,0.12956159566495612,2025-01-03,0.0025
2024-12-05,momentum,DIXON,bull,0.7139013410311539,17371.26870688277,16473.276038266424,19167.25404411546,18389.466796875,time,20,0.05611391629897494,1.1338601366992247,2025-01-03,0.0025
2024-12-05,momentum,CAMS,bull,0.7115638709891254,1020.8719051883435,967.1317141898505,1128.3522871853293,965.7336947853715,stop,10,-0.056510900018645616,-1.0260144107883464,2024-12-19,0.0025
2024-12-05,momentum,AFFLE,bull,0.7036312463250971,1773.8499755859375,1672.6428072587955,1976.2643122402214,1781.25,time,20,0.0016717307077324683,0.07311759173167129,2025-01-03,0.0025
2024-12-05,momentum,PPLPHARMA,bull,0.6996660580467748,273.97248410521325,253.4496311840859,315.018189947468,253.4496311840859,stop,3,-0.07740844559866827,-1.0,2024-12-10,0.0025
2024-12-05,momentum,SARDAEN,bull,0.6868005908337398,472.1489732366883,442.43107697955935,531.5847657509462,478.111083984375,time,20,0.010127605026471089,0.20062358035375707,2025-01-03,0.0025
2024-12-05,momentum,INDHOTEL,bull,0.6759292590501437,815.5589215115355,784.7129767355332,877.25081106354,877.25081106354,target,8,0.07314369406647708,2.0,2024-12-17,0.0025
2024-12-05,momentum,ECLERX,bull,0.6758059521047494,1860.777712503603,1752.8719732487548,2076.5891910132996,1752.8719732487548,stop,14,-0.0604895914110371,-1.0,2024-12-26,0.0025
2024-12-05,momentum,ANANTRAJ,bull,0.6636162721058944,727.9761200046783,684.3784369065567,815.1714862009214,815.1714862009214,target,8,0.11727778363895064,2.0,2024-12-17,0.0025
2024-12-05,control_naive_low,DELHIVERY,bull,-1.023963096138153,331.6000061035156,316.94834066832897,360.90333697388894,360.90333697388894,target,2,0.08586951245780633,2.0,2024-12-09,0.0025
2024-12-12,momentum,KAYNES,bull,0.7981832067845923,6584.75,6246.166560210046,7261.916879579909,7261.916879579909,target,3,0.10033866199626534,2.0,2024-12-17,0.0025
2024-12-12,momentum,ZENTEC,bull,0.757449265908447,2108.971684096036,1981.269392604443,2364.3762670792216,2364.3762670792216,target,3,0.11860384644289773,2.0,2024-12-17,0.0025
2024-12-12,momentum,LLOYDSME,bull,0.7356355705265256,1101.8674788916564,1039.1626409369392,1227.277154801091,1227.277154801091,target,12,0.11131557066697478,2.0,2024-12-31,0.0025
2024-12-12,momentum,MPHASIS,bull,0.7232167680444812,3018.1594571297637,2936.9109246796843,3180.6565220299226,2936.9109246796843,stop,5,-0.029419893930105964,-1.0,2024-12-19,0.0025
2024-12-12,momentum,JUBLINGREA,bull,0.7031447267500893,826.4846055312788,782.5733218522238,914.3071728893889,782.5733218522238,stop,5,-0.055630189461699786,-1.0,2024-12-19,0.0025
2024-12-12,momentum,ZENSARTECH,bull,0.7000040811376351,756.7368984862413,728.2612386557505,813.688218147223,728.2612386557505,stop,6,-0.04012953793775992,-1.0,2024-12-20,0.0025
2024-12-12,momentum,INFY,bull,0.6924632807485913,1872.6099443049989,1832.0694394627028,1953.690953989591,1832.0694394627028,stop,5,-0.024149198737616614,-1.0,2024-12-19,0.0025
2024-12-12,momentum,WIPRO,bull,0.6919510749913435,286.4787110833993,277.12861901539804,305.17889521940174,277.12861901539804,stop,12,-0.03513799963578884,-1.0,2024-12-31,0.0025
2024-12-12,momentum,WOCKPHARMA,bull,0.6791018297098881,1388.0,1296.6049822890907,1570.7900354218186,1570.7900354218186,target,15,0.12919310909352938,2.0,2025-01-03,0.0025
2024-12-12,momentum,PAYTM,bull,0.6731413518214419,949.9500122070312,899.2966911210876,1051.2566543789185,1051.2566543789185,target,3,0.10414418218861882,2.0,2024-12-17,0.0025
2024-12-12,momentum,NAM-INDIA,bull,0.6627433289323763,750.4709208977399,711.1600366511669,829.0926893908859,711.1600366511669,stop,5,-0.054881622194698665,-1.0,2024-12-19,0.0025
2024-12-12,momentum,EIDPARRY,bull,0.6525964898166926,945.0,894.0998619997496,1046.8002760005008,894.0998619997496,stop,9,-0.056362579894444875,-1.0,2024-12-26,0.0025
2024-12-12,momentum,VIJAYA,bull,0.6460421530493028,1083.960101364058,1012.8394034096395,1226.2014972728946,1226.2014972728946,target,18,0.12872382985299907,2.0,2025-01-08,0.0025
2024-12-12,control_naive_low,ASIANPAINT,bull,-1.0037174351399862,2343.681662574433,2272.2349325363252,2486.575122650649,2272.2349325363252,stop,5,-0.032984827004887196,-1.0,2024-12-19,0.0025
2024-12-12,control_naive_low,TATATECH,bull,-1.0117615445299428,913.3464520348817,887.4081932629578,965.2229695787297,887.4081932629578,stop,4,-0.03089914548760225,-1.0,2024-12-18,0.0025
2024-12-12,control_naive_low,STARHEALTH,bull,-1.0238568312386738,463.0,441.9086116353256,505.1827767293488,462.6000061035156,time,20,-0.0033639177029899914,-0.018964796890958483,2025-01-10,0.0025
2024-12-12,control_naive_low,AARTIIND,bull,-1.0357311977014179,435.47108194304553,417.7058451847595,471.00155545961763,413.07543886554225,stop,5,-0.05392854257411367,-1.2606442223212995,2024-12-19,0.0025
2024-12-12,control_naive_low,CREDITACC,bull,-1.0407545417995947,893.0,840.7231495315464,997.5537009369073,840.7231495315464,stop,5,-0.06104070601170625,-1.0,2024-12-19,0.0025
2024-12-12,control_naive_low,DABUR,bull,-1.0454850257783925,492.59435162257074,477.9883459642025,521.8063629393073,503.53228759765625,time,20,0.019704753138270307,0.7488656536853261,2025-01-10,0.0025
2024-12-19,momentum,OBEROIRLTY,bull,0.7340217193884784,2285.764478826306,2163.94972504812,2529.393986382678,2163.94972504812,stop,15,-0.05579278449577424,-1.0,2025-01-10,0.0025
2024-12-19,momentum,INDHOTEL,bull,0.7310956351021877,872.5865687769256,846.6767824239562,924.4061414828643,846.6767824239562,stop,1,-0.032193084079080225,-1.0,2024-12-20,0.0025
2024-12-19,momentum,MANKIND,bull,0.7108004562829889,2906.654147594281,2743.693110098595,3232.576222585653,2743.693110098595,stop,15,-0.05856481859238821,-1.0,2025-01-10,0.0025
2024-12-19,momentum,MAZDOCK,bull,0.7035780857399677,2521.854996358123,2353.106736961133,2859.3515151521037,2353.106736961133,stop,1,-0.06941433870729447,-1.0,2024-12-20,0.0025
2024-12-19,momentum,ASTERDM,bull,0.7022093489045697,487.3200572762095,464.8073110740223,532.3455496805839,490.42462158203125,time,20,0.003870688543324343,0.13790251433297393,2025-01-17,0.0025
2024-12-19,momentum,GVT&D,bull,0.6972782292829836,2148.7347244922735,1970.6038433939432,2504.996486688934,1970.6038433939432,stop,10,-0.08540035948500851,-1.0,2025-01-03,0.0025
2024-12-19,momentum,MAXHEALTH,bull,0.6955979806503552,1177.2469054130104,1121.1188695340284,1289.5029771709744,1121.1188695340284,stop,5,-0.05017736965024405,-1.0,2024-12-27,0.0025
2024-12-19,momentum,PAYTM,bull,0.6839796011631605,999.9000244140625,936.7377193706426,1126.2246345009023,936.7377193706426,stop,13,-0.06566862036325355,-1.0,2025-01-08,0.0025
2024-12-19,momentum,LAURUSLABS,bull,0.6838451846602095,570.9788556318384,548.9431559538098,615.0502549878958,615.0502549878958,target,8,0.07468569421855115,2.0,2025-01-01,0.0025
2024-12-19,momentum,CAPLIPOINT,bull,0.6693173375513991,2381.758507426144,2247.8355668560685,2649.6043885662957,2247.8355668560685,stop,16,-0.0587285975477842,-1.0,2025-01-13,0.0025
2024-12-19,momentum,PAGEIND,bull,0.6613613875793027,47870.38487990862,46389.34041314141,50832.47381344303,46389.34041314141,stop,4,-0.033438637123613446,-1.0,2024-12-26,0.0025
2024-12-19,momentum,NAUKRI,bull,0.6588728314793703,1738.3889328922587,1661.9949449961416,1891.176908684493,1661.9949449961416,stop,12,-0.04644527970735296,-1.0,2025-01-07,0.0025
2024-12-19,momentum,TRITURBINE,bull,0.6558554764668221,775.6100968238601,716.5703570919596,893.689576287661,716.5703570919596,stop,4,-0.07862038571141533,-1.0,2024-12-26,0.0025
2024-12-19,momentum,WELCORP,bull,0.6546301146615446,771.1160426550642,732.9149012673607,847.5183254304712,732.9149012673607,stop,16,-0.05204006825765345,-1.0,2025-01-13,0.0025
2024-12-19,control_naive_low,AARTIIND,bull,-1.0054446460980035,415.76295027715713,396.5304801212367,454.22789058899804,396.5304801212367,stop,13,-0.048758258806128996,-1.0,2025-01-08,0.0025
2024-12-19,control_naive_low,NESTLEIND,bull,-1.0060538328169855,1057.8109788464872,1027.5135238631428,1118.4058888131758,1085.8233642578125,time,20,0.02398146594382306,0.9245788277175369,2025-01-17,0.0025
2024-12-19,control_naive_low,TATACONSUM,bull,-1.0078888879027883,892.7729934825612,861.8061472384144,954.7066859708549,954.7066859708549,target,12,0.0668722737363509,2.0,2025-01-07,0.0025
2024-12-19,control_naive_low,TATATECH,bull,-1.0086851101766139,885.2285896792849,859.5467466158088,936.5922758062371,859.5467466158088,stop,2,-0.0315115382206313,-1.0,2024-12-23,0.0025
2024-12-19,control_naive_low,ASIANPAINT,bull,-1.0116979711115812,2252.9082428785946,2174.9581476176904,2408.808433400403,2174.9581476176904,stop,19,-0.03709976477395521,-1.0,2025-01-16,0.0025
2024-12-19,control_naive_low,DMART,bull,-1.0122840384789424,3519.949951171875,3352.4825203305345,3854.884812854556,3854.884812854556,target,10,0.09265330227100915,2.0,2025-01-03,0.0025
2024-12-19,control_naive_low,CREDITACC,bull,-1.013493990610881,840.1500244140625,793.150021621145,934.1500299998975,934.1500299998975,target,9,0.10938478587665629,2.0,2025-01-02,0.0025
2024-12-19,control_naive_low,AUBANK,bull,-1.014608033639762,547.5423564816591,526.9966740724932,588.633721299991,588.633721299991,target,6,0.0725469152420874,2.0,2024-12-30,0.0025
2024-12-19,control_naive_low,BANDHANBNK,bull,-1.0163188730450716,160.33286911459436,153.92294670865624,173.1527139264706,153.92294670865624,stop,11,-0.04247884177670874,-1.0,2025-01-06,0.0025
2024-12-19,control_naive_low,INDUSINDBK,bull,-1.0172996038123023,958.4476076445211,928.3886820501265,1018.5654588333103,928.3886820501265,stop,1,-0.033862095700011585,-1.0,2024-12-20,0.0025
2024-12-19,control_naive_low,BERGEPAINT,bull,-1.0202709759746693,441.678663341019,422.46919493967437,480.09760014370823,462.1851501464844,time,20,0.04392852034179512,1.0675197447957474,2025-01-17,0.0025
2024-12-19,control_naive_low,ZFCVINDIA,bull,-1.024381050601552,1937.5324634681147,1837.5871944466248,2137.4230015110943,1837.5871944466248,stop,17,-0.05408379067496566,-1.0,2025-01-14,0.0025
2024-12-19,control_naive_low,RELIANCE,bull,-1.0261614888358415,1213.5201900622435,1184.849368896689,1270.8618323933526,1310.9288585996749,target,20,0.07776950794484522,3.3974844311211836,2025-01-17,0.0025
2024-12-19,control_naive_low,AIAENG,bull,-1.0284086760034792,3399.4257826345715,3278.383304997613,3641.510737908489,3278.383304997613,stop,2,-0.03810674224902483,-1.0,2024-12-23,0.0025
2024-12-19,control_naive_low,CONCOR,bull,-1.0416638500540902,769.7808532332758,741.1377591646426,827.0670413705423,613.4471865686922,stop,8,-0.2055885361826581,-5.457988103170149,2025-01-01,0.0025
2024-12-19,control_naive_low,BRITANNIA,bull,-1.044611405363552,4650.585974903211,4495.182426413686,4961.39307188226,4713.11181640625,time,20,0.010944723275832126,0.4023450050579379,2025-01-17,0.0025
2024-12-19,control_naive_low,KAJARIACER,bull,-1.045642379672286,1145.6330699851426,1091.268410690998,1254.3623885734316,1091.268410690998,stop,11,-0.049953814592528845,-1.0,2025-01-06,0.0025
2024-12-27,momentum,FORTIS,neutral,0.7300557729639786,684.4136558288933,648.0186071852711,757.2037531161377,648.0186071852711,stop,13,-0.05567697613666717,-1.0,2025-01-15,0.0025
2024-12-27,momentum,ACUTAAS,neutral,0.7183259893795129,1133.2211796604436,1053.973469858539,1291.7165992642529,1053.973469858539,stop,1,-0.07243137017228213,-1.0,2024-12-30,0.0025
2024-12-27,momentum,TARIL,neutral,0.7040153795060892,545.5986906870365,504.86006308149456,627.0759458981205,627.0759458981205,target,5,0.14683550355204295,2.0,2025-01-03,0.0025
2024-12-27,momentum,PERSISTENT,neutral,0.6993601002475375,6326.9549859635445,6077.568322510617,6825.7283128694,6077.568322510617,stop,8,-0.041916538288354566,-1.0,2025-01-08,0.0025
2024-12-27,momentum,COFORGE,neutral,0.6911845164117681,1852.1971010971572,1803.078292236142,1950.4347188191875,1950.4347188191875,target,1,0.050538425372677,2.0,2024-12-30,0.0025
2024-12-27,momentum,APOLLOHOSP,neutral,0.6852456715181271,7202.574250393069,7008.8341513668,7590.054448445606,7008.8341513668,stop,9,-0.02939872985560626,-1.0,2025-01-09,0.0025
2024-12-27,momentum,BSE,neutral,0.6820910239423166,1739.9141430753743,1642.9432809734146,1933.8558672792938,1933.8558672792938,target,14,0.10896626112316027,2.0,2025-01-16,0.0025
2024-12-27,momentum,PARADEEP,neutral,0.6818729307682562,111.05060337703468,103.84778935086236,125.45623142937932,125.45623142937932,target,7,0.12722129474556038,2.0,2025-01-07,0.0025
2024-12-27,momentum,FLUOROCHEM,neutral,0.6813220486378592,4271.675767351954,4205.679846935692,4403.667608184479,4205.679846935692,stop,1,-0.017949655828437047,-1.0,2024-12-30,0.0025
2024-12-27,momentum,CAMS,neutral,0.6811101182222498,974.2209346100526,932.8298680035151,1057.0030678231276,932.8298680035151,stop,8,-0.04498632433987365,-1.0,2025-01-08,0.0025
2024-12-27,momentum,INDHOTEL,neutral,0.6810775925526488,854.2721917453044,826.7631990854427,909.2901770650279,826.7631990854427,stop,8,-0.03470167169864208,-1.0,2025-01-08,0.0025
2024-12-27,momentum,KIMS,neutral,0.6785361394426812,595.0,569.2156493653727,646.5687012692547,646.5687012692547,target,6,0.0841700861668146,2.0,2025-01-06,0.0025
2024-12-27,reversal,SYRMA,neutral,0.8728295791863105,597.2822807032718,535.2145233550465,752.4516740738351,535.2145233550465,stop,11,-0.10641695744789786,-1.0,2025-01-13,0.0025
2024-12-27,control_naive_low,ASTRAL,neutral,-1.0024848336884469,1657.903425231178,1585.7921130933112,1802.1260495069118,1585.7921130933112,stop,6,-0.045995484140043785,-1.0,2025-01-06,0.0025
2024-12-27,control_naive_low,IRCTC,neutral,-1.002637656322606,765.178012647878,740.1752213065806,815.1835953304726,740.1752213065806,stop,11,-0.035175783841168984,-1.0,2025-01-13,0.0025
2024-12-27,control_naive_low,TATATECH,neutral,-1.0176043905878327,871.654410455156,844.9294296915152,925.1043719824377,844.9294296915152,stop,9,-0.033160064864107885,-1.0,2025-01-09,0.0025
2024-12-27,control_naive_low,INDIAMART,neutral,-1.0256604583571307,2153.4189468315144,2065.5269154530088,2329.2030095885257,2065.5269154530088,stop,6,-0.04331511008706773,-1.0,2025-01-06,0.0025
2024-12-27,control_naive_low,LTF,neutral,-1.028859049736544,134.4384408630138,128.74057597817932,145.83417063268274,128.74057597817932,stop,11,-0.04488270578160242,-1.0,2025-01-13,0.0025
2024-12-27,control_naive_low,INDUSINDBK,neutral,-1.0290895174663033,951.7584374665278,915.8580712310614,1023.5591699374604,1023.5591699374604,target,5,0.0729400797980399,2.0,2025-01-03,0.0025
2024-12-27,control_naive_low,SBICARD,neutral,-1.0422100791910465,670.9875415786489,648.5276808259315,715.9072630840838,715.9072630840838,target,5,0.06444568635320874,2.0,2025-01-03,0.0025
2025-01-03,momentum,LAURUSLABS,bull,0.7466434924901767,613.3437864490476,586.8926117655236,666.2461358160955,586.8926117655236,stop,5,-0.04562618024006243,-1.0,2025-01-10,0.0025
2025-01-03,momentum,WOCKPHARMA,bull,0.7443409977900033,1530.050048828125,1417.771685986816,1754.606774510743,1417.771685986816,stop,5,-0.07588215042527774,-1.0,2025-01-10,0.0025
2025-01-03,momentum,IPCALAB,bull,0.740718795885583,1717.4954047887268,1656.9590097231574,1838.5681949198656,1656.9590097231574,stop,4,-0.037746903657955466,-1.0,2025-01-09,0.0025
2025-01-03,momentum,BLS,bull,0.7281490969493434,501.45715038484593,471.3968347774265,561.5777815996848,471.3968347774265,stop,4,-0.06244593074273547,-1.0,2025-01-09,0.0025
2025-01-03,momentum,FSL,bull,0.7275023670085876,388.37217511423404,368.41714050776426,428.2822443271736,368.41714050776426,stop,5,-0.05388121597048062,-1.0,2025-01-10,0.0025
2025-01-03,momentum,APARINDS,bull,0.7259445864784617,10859.28281408003,10356.897572527438,11864.053297185215,10356.897572527438,stop,4,-0.04876320634187786,-1.0,2025-01-09,0.0025
2025-01-03,momentum,JUBLFOOD,bull,0.7206355890881715,775.5883212885836,724.7283042351562,877.3083553954385,724.7218301431126,stop,6,-0.06808439541864181,-1.000127292368715,2025-01-13,0.0025
2025-01-03,momentum,MUTHOOTFIN,bull,0.7104904770967688,2180.746821196777,2108.866807044054,2324.5068495022233,2108.866807044054,stop,4,-0.035461191759654065,-1.0,2025-01-09,0.0025
2025-01-03,momentum,PAGEIND,bull,0.6983589598909108,46645.65136358117,45188.848340135,49559.25741047351,45188.848340135,stop,6,-0.03373127195911724,-1.0,2025-01-13,0.0025
2025-01-03,momentum,KALYANKJIL,bull,0.6861253067211398,776.1029039371012,731.0048319023759,866.2990480065519,731.0048319023759,stop,2,-0.06060836656575669,-1.0,2025-01-07,0.0025
2025-01-03,momentum,MAXHEALTH,bull,0.6847651290732121,1178.4434067172394,1115.9053847947478,1303.5194505622228,1115.9053847947478,stop,6,-0.055568328581600934,-1.0,2025-01-13,0.0025
2025-01-03,momentum,TRITURBINE,bull,0.6804626886725914,777.9244951861627,722.6252130653822,888.5230594277238,722.6252130653822,stop,3,-0.07358566764894964,-1.0,2025-01-08,0.0025
2025-01-03,reversal,ITI,bull,0.8398304625530346,473.3999938964844,311.39597516962135,878.4100407136419,311.39597516962135,stop,17,-0.3447138166784334,-1.0,2025-01-28,0.0025
2025-01-03,control_naive_low,CONCOR,bull,-1.0132818165427864,612.7847341633491,574.5577551164306,689.238692257186,574.5577551164306,stop,6,-0.06488239452735517,-1.0,2025-01-13,0.0025
2025-01-03,control_naive_low,BSOFT,bull,-1.029554287549205,536.596583039566,513.8202015168604,582.1493460849772,513.8202015168604,stop,6,-0.044946005514400034,-1.0,2025-01-13,0.0025
2025-01-03,control_naive_low,AIAENG,bull,-1.0309898714778638,3351.5071611110147,3232.567311079531,3589.386861173982,3589.386861173982,target,14,0.0684769332505652,2.0,2025-01-23,0.0025
2025-01-03,control_naive_low,APTUS,bull,-1.0437874536233074,290.021455624184,278.00311618486575,314.0581345028205,278.00311618486575,stop,5,-0.043939483894225695,-1.0,2025-01-10,0.0025
2025-01-10,momentum,HCLTECH,neutral,0.7730675402960163,1853.237728643335,1790.3180601821987,1979.0770655656077,1790.3180601821987,stop,2,-0.036451212782181386,-1.0,2025-01-14,0.0025
2025-01-10,momentum,KIMS,neutral,0.7666225950760815,657.0,619.3842437277275,732.231512544545,619.3842437277275,stop,1,-0.059753814721875964,-1.0,2025-01-13,0.0025
2025-01-10,momentum,ANANTRAJ,neutral,0.7555713530788886,876.6027275862206,828.307081956535,973.1940188455918,828.307081956535,stop,1,-0.05759410832278683,-1.0,2025-01-13,0.0025
2025-01-10,momentum,WOCKPHARMA,neutral,0.730726924916308,1380.0,1291.501515902862,1556.9969681942762,1291.501515902862,stop,8,-0.06662933630227402,-1.0,2025-01-22,0.0025
2025-01-10,momentum,ZENTEC,neutral,0.7290769966523195,2415.379428719559,2281.944737326421,2682.2488115058354,2281.944737326421,stop,1,-0.05774378066922364,-1.0,2025-01-13,0.0025
2025-01-10,momentum,CARTRADE,neutral,0.7269249163079866,1525.0999755859375,1410.1162987610899,1755.0673292356328,1410.1162987610899,stop,1,-0.07789418966987488,-1.0,2025-01-13,0.0025
2025-01-10,momentum,COFORGE,neutral,0.7255141080822572,1839.0601475725057,1783.73536441358,1949.7097138903569,1783.73536441358,stop,1,-0.0325831831041265,-1.0,2025-01-13,0.0025
2025-01-10,momentum,NEWGEN,neutral,0.7191535150645624,1589.2354970982021,1497.931767491214,1771.8429563121783,1497.931767491214,stop,7,-0.05995135303968496,-1.0,2025-01-21,0.0025
2025-01-10,momentum,LAURUSLABS,neutral,0.7117168818747011,575.2154180556714,557.0113549766116,611.623544213791,557.0113549766116,stop,1,-0.0341473837585799,-1.0,2025-01-13,0.0025
2025-01-10,momentum,VIJAYA,neutral,0.6956241032998566,1239.2813239272807,1151.7840936914463,1414.2757843989496,1151.7840936914463,stop,2,-0.07310320247428231,-1.0,2025-01-14,0.0025
2025-01-10,momentum,PERSISTENT,neutral,0.6899091343854615,6207.721227322929,5957.6751783608615,6707.813325247063,5957.6751783608615,stop,1,-0.042779845019699614,-1.0,2025-01-13,0.0025
2025-01-10,momentum,BLUEJET,neutral,0.6863940698230513,561.8351385017401,530.8737380207523,623.7579394637156,623.7579394637156,target,13,0.10771525126945009,2.0,2025-01-29,0.0025
2025-01-10,momentum,MANKIND,neutral,0.686131037780966,2652.054628088958,2590.977286749821,2774.209310767232,2590.977286749821,stop,1,-0.025530197301459386,-1.0,2025-01-13,0.0025
2025-01-10,momentum,INDIACEM,neutral,0.6752271640363463,377.0,366.68964858858453,397.62070282283094,366.68964858858453,stop,6,-0.029848412231871232,-1.0,2025-01-20,0.0025
2025-01-10,momentum,WIPRO,neutral,0.6644906743185078,277.07154659615924,268.30558991192294,294.60345996463184,268.30558991192294,stop,2,-0.03413788123294009,-1.0,2025-01-14,0.0025
2025-01-10,momentum,COROMANDEL,neutral,0.6643711142993781,1877.527712931675,1829.525547794599,1973.532043205827,1829.525547794599,stop,1,-0.028066687940985265,-1.0,2025-01-13,0.0025
2025-01-10,control_naive_low,BANKINDIA,neutral,-1.0028723047134724,87.15749019357243,83.60923357590967,94.25400342889795,94.25400342889795,target,6,0.07892172542560044,2.0,2025-01-20,0.0025
2025-01-10,control_naive_low,NMDC,neutral,-1.0030231097218638,57.4687557969349,55.21065515992561,61.984957070953485,61.984957070953485,target,5,0.0760853323495731,2.0,2025-01-17,0.0025
2025-01-10,control_naive_low,BANDHANBNK,neutral,-1.0049564168507308,140.83160915227603,134.710949202593,153.07292905164206,134.710949202593,stop,1,-0.04596083941329515,-1.0,2025-01-13,0.0025
2025-01-10,control_naive_low,UNIONBANK,neutral,-1.0050436884593306,96.20442272985389,91.48712039614067,105.63902739728033,105.63902739728033,target,6,0.09556830496680185,2.0,2025-01-20,0.0025
2025-01-10,control_naive_low,GMDCLTD,neutral,-1.006936282846281,292.06293603781864,275.60246990447627,324.9838683045034,275.60246990447627,stop,1,-0.05885931199161448,-1.0,2025-01-13,0.0025
2025-01-10,control_naive_low,TATATECH,neutral,-1.0070627027735222,804.75319653289,778.9555542449044,856.3484811088612,778.9555542449044,stop,1,-0.03455658877669493,-1.0,2025-01-13,0.0025
2025-01-10,control_naive_low,MRF,neutral,-1.0079530858804862,116610.67099100514,113103.42573244424,123625.16150812694,113103.42573244424,stop,1,-0.03257653783958964,-1.0,2025-01-13,0.0025
2025-01-10,control_naive_low,APTUS,neutral,-1.0093122330668438,271.51673740878965,263.44531439075126,287.6595834448664,263.44531439075126,stop,1,-0.03222716560705513,-1.0,2025-01-13,0.0025
2025-01-10,control_naive_low,PVRINOX,neutral,-1.0093333333333334,1135.5999755859375,1065.9355919935308,1274.928742770751,1065.9355919935308,stop,8,-0.06384588331288216,-1.0,2025-01-22,0.0025
2025-01-10,control_naive_low,ENGINERSIN,neutral,-1.0103911193671087,165.17907146623253,158.22217705440247,179.09286028989266,158.22217705440247,stop,1,-0.04461728731779596,-1.0,2025-01-13,0.0025
2025-01-10,control_naive_low,CANFINHOME,neutral,-1.0108331007909728,661.715243550504,631.4071114228407,722.3315078058308,631.4071114228407,stop,17,-0.048302378625950715,-1.0,2025-02-03,0.0025
2025-01-10,control_naive_low,SAIL,neutral,-1.011736600111849,103.60153277508532,99.80127313079616,111.20205206366363,99.80127313079616,stop,1,-0.039181500191115604,-1.0,2025-01-13,0.0025
2025-01-10,control_naive_low,INDUSINDBK,neutral,-1.0120351435436574,935.3849593465728,896.7417300753915,1012.6714178889355,1012.6714178889355,target,16,0.08012529536112306,2.0,2025-02-01,0.0025
2025-01-10,control_naive_low,KAJARIACER,neutral,-1.012715104578487,1044.7253498693963,1009.8554870580705,1114.4650754920478,1009.8554870580705,stop,1,-0.03587706203423219,-1.0,2025-01-13,0.0025
2025-01-10,control_naive_low,TATAELXSI,neutral,-1.0134436915480916,5804.080212866164,5509.32190808861,6393.596822421273,6238.19580078125,time,20,0.07229489807063011,1.472784925407616,2025-02-06,0.0025
2025-01-10,control_naive_low,TATASTEEL,neutral,-1.0140205077819124,120.64062821078628,117.5663663125199,126.78915200731902,117.5663663125199,stop,1,-0.02798280744107989,-1.0,2025-01-13,0.0025
2025-01-10,control_naive_low,HINDCOPPER,neutral,-1.0143912937330164,228.5797848562975,216.57165852193216,252.59603752502815,216.57165852193216,stop,1,-0.05503363214911833,-1.0,2025-01-13,0.0025
2025-01-10,control_naive_low,OLECTRA,neutral,-1.0155112936094102,1339.3280756486806,1284.461915037689,1449.0603968706637,1284.461915037689,stop,1,-0.04346543752688675,-1.0,2025-01-13,0.0025
2025-01-17,momentum,BSE,bear,0.7592626250278744,2011.6721740340463,1873.524723647042,2287.967074808055,1873.524723647042,stop,3,-0.0711729439170869,-1.0,2025-01-22,0.0025
2025-01-17,momentum,BIOCON,bear,0.7172467725289875,394.0013919299224,372.9130263829821,436.1781230238031,372.9130263829821,stop,6,-0.056023581334685046,-1.0,2025-01-27,0.0025
2025-01-17,momentum,ASTERDM,bear,0.7116645198225277,490.4246364415528,469.00573856154847,533.2624322015615,469.00573856154847,stop,6,-0.046174188220674706,-1.0,2025-01-27,0.0025
2025-01-17,momentum,CHOICEIN,bear,0.7043891035733028,545.8499755859375,519.1971999045171,599.1555269487783,519.1971999045171,stop,5,-0.05132802395073893,-1.0,2025-01-24,0.0025
2025-01-17,momentum,COROMANDEL,bear,0.6759219502886313,1852.7246297885317,1775.4638513159512,2007.2461867336929,1775.4638513159512,stop,3,-0.04420116661179113,-1.0,2025-01-22,0.0025
2025-01-17,momentum,LAURUSLABS,bear,0.6755259768140833,568.6862319208487,539.4428017296372,627.1730923032719,539.4428017296372,stop,6,-0.05392278562369307,-1.0,2025-01-27,0.0025
2025-01-17,momentum,MUTHOOTFIN,bear,0.6741663088593101,2106.343891296178,2019.0751904883248,2280.881292911884,2280.881292911884,target,20,0.08036272832130059,2.0,2025-02-13,0.0025
2025-01-17,momentum,BLS,bear,0.670655026000668,495.5785751051337,458.6932570891726,569.3492111370559,458.6932570891726,stop,1,-0.07692879871902475,-1.0,2025-01-20,0.0025
2025-01-17,momentum,KIMS,bear,0.667105577023997,638.7000122070312,577.3454369986661,761.4091626237616,577.3454369986661,stop,7,-0.0985616471516168,-1.0,2025-01-28,0.0025
2025-01-17,momentum,REDINGTON,bear,0.6552658860749151,201.01354426285886,187.8829751049369,227.2746825787028,227.2746825787028,target,17,0.12814362609070312,2.0,2025-02-10,0.0025
2025-01-17,momentum,INDHOTEL,bear,0.6423643910118793,820.5719175143132,771.5458023200033,918.624147902933,771.5458023200033,stop,2,-0.06224627469926153,-1.0,2025-01-21,0.0025
2025-01-17,momentum,WELCORP,bear,0.6276036448642718,784.5983801973471,732.1726368047412,889.4498669825589,732.1726368047412,stop,6,-0.06931857204372444,-1.0,2025-01-27,0.0025
2025-01-17,momentum,ANANTRAJ,bear,0.619746195315109,904.4234880225472,836.7330288357434,1039.8044063961547,836.7330288357434,stop,3,-0.07734376520871183,-1.0,2025-01-22,0.0025
2025-01-17,momentum,PARADEEP,bear,0.6179810123562807,115.78202713710787,106.31962551945306,134.70683037241753,106.31962551945306,stop,7,-0.08422599713122608,-1.0,2025-01-28,0.0025
2025-01-17,momentum,JKCEMENT,bear,0.6153523209770525,4513.495220205902,4325.956060567659,4888.573539482389,4888.573539482389,target,8,0.08060152132151271,2.0,2025-01-29,0.0025
2025-01-17,momentum,PATANJALI,bear,0.6144458756738707,607.849634764166,585.016557811731,653.515788669036,585.016557811731,stop,6,-0.040063692805859474,-1.0,2025-01-27,0.0025
2025-01-17,momentum,EICHERMOT,bear,0.6003482658270122,4896.909440692197,4727.996108959376,5234.736104157838,5234.736104157838,target,11,0.06648772941528763,2.0,2025-02-01,0.0025
2025-01-17,momentum,FSL,bear,0.582849100710844,380.14493239103837,352.790894111255,434.8530089506051,352.790894111255,stop,2,-0.07445686683952807,-1.0,2025-01-21,0.0025
2025-01-17,momentum,MARICO,bear,0.5586279280568676,654.3787460833494,625.323208966875,712.4898203162982,712.4898203162982,target,11,0.08630342550970788,2.0,2025-02-01,0.0025
2025-01-17,control_naive_low,RRKABEL,bear,-1.002638548923142,1284.6646777793467,1226.6381511570605,1400.717731023919,1226.6381511570605,stop,6,-0.047668616858517476,-1.0,2025-01-27,0.0025
2025-01-17,control_naive_low,MRF,bear,-1.0115088260806908,113569.46857915277,110170.96681430098,120366.47210885637,110170.96681430098,stop,3,-0.03242443134030509,-1.0,2025-01-22,0.0025
2025-01-17,control_naive_low,AXISBANK,bear,-1.0168787324226447,990.439061296575,950.0385355506704,1071.240112788384,950.0385355506704,stop,4,-0.04329052142089046,-1.0,2025-01-23,0.0025
2025-01-17,control_naive_low,STARHEALTH,bear,-1.0205433787103935,462.5,442.6095040945939,502.2809918108122,442.6095040945939,stop,6,-0.04550647763331056,-1.0,2025-01-27,0.0025
2025-01-17,control_naive_low,TATATECH,bear,-1.0216937948093348,785.4100396240265,752.7484199366215,850.7332789988363,752.7484199366215,stop,6,-0.04408543695601336,-1.0,2025-01-27,0.0025
2025-01-17,control_naive_low,ASTRAL,bear,-1.0233786703814756,1506.352199063765,1434.8434886221569,1649.3696199469814,1434.8434886221569,stop,3,-0.049971441596495525,-1.0,2025-01-22,0.0025
2025-01-17,control_naive_low,ASIANPAINT,bear,-1.0240963082017915,2228.6334431540586,2149.4053067214527,2387.0897160192703,2149.4053067214527,stop,19,-0.03805009760621686,-1.0,2025-02-12,0.0025
2025-01-17,control_naive_low,KPITTECH,bear,-1.0244690653716566,1307.0671319242101,1221.882666455525,1477.4360628615805,1221.882666455525,stop,8,-0.06767221907590942,-1.0,2025-01-29,0.0025
2025-01-17,control_naive_low,BSOFT,bear,-1.0253200025930196,520.8800839651178,493.58613798250474,575.467975930344,493.58613798250474,stop,18,-0.05489967282842184,-1.0,2025-02-11,0.0025
2025-01-17,control_naive_low,HEROMOTOCO,bear,-1.0324139191663004,3824.972565726335,3670.084988222976,4134.747720733052,4134.747720733052,target,11,0.07848754950099707,1.9999999999999971,2025-02-01,0.0025
2025-01-17,control_naive_low,SONACOMS,bear,-1.0332584933183715,571.2605736773479,543.8250360084853,626.1316490150731,543.8250360084853,stop,3,-0.05052631046678596,-1.0,2025-01-22,0.0025
2025-01-17,control_naive_low,NESTLEIND,bear,-1.033466983948526,1086.803028308481,1053.597297762203,1153.2144894010373,1053.597297762203,stop,7,-0.03305358669542918,-1.0,2025-01-28,0.0025
2025-01-17,control_naive_low,KAJARIACER,bear,-1.0383441733054461,1049.6767483929568,993.9131377485735,1161.2039696817235,993.9131377485735,stop,6,-0.05562455546886863,-1.0,2025-01-27,0.0025
2025-01-17,control_naive_low,AWL,bear,-1.0407687604893432,268.49739716178124,248.03732073799665,309.4175500093504,248.03732073799665,stop,6,-0.07870214065411035,-1.0,2025-01-27,0.0025
2025-01-17,control_naive_low,LATENTVIEW,bear,-1.0459302325581394,448.95001220703125,425.1750536185316,496.49992938403057,425.1750536185316,stop,6,-0.05545680575131812,-1.0,2025-01-27,0.0025
2025-01-17,control_naive_low,IRCTC,bear,-1.047663826822697,766.8963787966437,736.6467734006642,827.3955895886028,736.6467734006642,stop,6,-0.04194418859226451,-1.0,2025-01-27,0.0025
2025-01-17,control_naive_low,DALBHARAT,bear,-1.0478003863668748,1718.087460512811,1632.0332143719295,1890.1959527945742,1890.1959527945742,target,14,0.09767446505918426,2.0,2025-02-05,0.0025
2025-01-17,control_naive_low,BATAINDIA,bear,-1.0482761315821598,1252.151158250856,1187.375947452437,1381.7015798476941,1187.375947452437,stop,6,-0.05423114313842453,-1.0,2025-01-27,0.0025
2025-01-24,momentum,LLOYDSME,bear,0.7060493297075522,1365.1632751070867,1294.278885589761,1506.932054141738,1294.278885589761,stop,1,-0.05442374480756912,-1.0,2025-01-27,0.0025
2025-01-24,momentum,BSE,bear,0.6970755212060492,1892.0323019293287,1818.8369758205802,2038.4229541468258,1818.8369758205802,stop,1,-0.04118608693102671,-1.0,2025-01-27,0.0025
2025-01-24,momentum,COFORGE,bear,0.6825103764133392,1794.0871861447117,1720.023746645249,1942.214065143637,1720.023746645249,stop,2,-0.043781962254363205,-1.0,2025-01-28,0.0025
2025-01-24,momentum,PERSISTENT,bear,0.678741472258003,6217.146647643964,5886.299129768673,6878.841683394545,5886.299129768673,stop,2,-0.05571533118422872,-1.0,2025-01-28,0.0025
2025-01-24,momentum,NH,bear,0.637722436906636,1300.0499450329426,1244.3093691150748,1411.531096868678,1411.531096868678,target,20,0.08325143767488913,2.0,2025-02-20,0.0025
2025-01-24,momentum,WIPRO,bear,0.6180573445923382,294.5419832505477,284.00412486332255,315.61770002499793,284.00412486332255,stop,7,-0.038277101352173826,-1.0,2025-02-03,0.0025
2025-01-24,momentum,TECHM,bear,0.605223987405181,1619.8207871442596,1565.6072343753747,1728.2478926820295,1565.6072343753747,stop,1,-0.03596885853000026,-1.0,2025-01-27,0.0025
2025-01-24,momentum,ZENSARTECH,bear,0.6012642526597014,796.7289199107366,745.0109620039234,900.1648357243631,745.0109620039234,stop,2,-0.06741286636439353,-1.0,2025-01-28,0.0025
2025-01-24,momentum,KARURVYSYA,bear,0.5525452029960403,185.0239290675159,174.7890816765303,205.4936238494871,174.7890816765303,stop,18,-0.057816344445646706,-1.0,2025-02-18,0.0025
2025-01-24,momentum,APLAPOLLO,bear,0.5483660130718954,1516.4452031486123,1471.587763739518,1606.1600819668008,1471.587763739518,stop,2,-0.03208065304038438,-1.0,2025-01-28,0.0025
2025-01-24,control_naive_low,APOLLOTYRE,bear,-1.002248743429998,411.3088763784555,394.4474894320269,445.0316502713128,394.4474894320269,stop,17,-0.043494464050695736,-1.0,2025-02-17,0.0025
2025-01-24,control_naive_low,AXISBANK,bear,-1.0025367556029965,941.5685439420195,910.411866718859,1003.8818983883405,1003.8818983883405,target,8,0.06368036981719544,2.0,2025-02-04,0.0025
2025-01-24,control_naive_low,ZFCVINDIA,bear,-1.0031410657938653,1687.2488030033137,1603.610638007189,1854.5251329955631,1603.610638007189,stop,1,-0.05207073600956075,-1.0,2025-01-27,0.0025
2025-01-24,control_naive_low,GLAND,bear,-1.005193579889113,1532.0947370786726,1448.6923817128757,1698.8994478102663,1448.6923817128757,stop,1,-0.05693681343415141,-1.0,2025-01-27,0.0025
2025-01-24,control_naive_low,MRPL,bear,-1.0081502666945765,129.2335605235895,122.18005643560986,143.34056869954875,122.18005643560986,stop,2,-0.057079507516486994,-1.0,2025-01-28,0.0025
2025-01-24,control_naive_low,SOBHA,bear,-1.0083846774876597,1124.660388377843,1035.6832289450736,1302.6147072433819,1302.6147072433819,target,2,0.15572938258029317,2.0,2025-01-28,0.0025
2025-01-24,control_naive_low,MRF,bear,-1.0086761490031397,111108.04069946504,107755.15736997487,117813.80735844538,107755.15736997487,stop,14,-0.03267678386174905,-1.0,2025-02-12,0.0025
2025-01-24,control_naive_low,INDIAMART,bear,-1.0087150373142122,1975.3954816208347,1878.5257982726994,2169.1348483171055,1970.635498046875,time,20,-0.004909635750535433,-0.04913801108292121,2025-02-20,0.0025
2025-01-24,control_naive_low,TIINDIA,bear,-1.0087700297846853,3215.7518783993123,3024.67843036055,3597.898774476837,3024.67843036055,stop,7,-0.06191796981360137,-1.0,2025-02-03,0.0025
2025-01-24,control_naive_low,CHENNPETRO,bear,-1.008876855822577,520.1310673573784,492.5185308518101,575.3561403685148,492.5185308518101,stop,2,-0.05558765086050105,-1.0,2025-01-28,0.0025
2025-01-24,control_naive_low,PVRINOX,bear,-1.0119346927631248,1052.0,1002.3385129941199,1151.3229740117602,1151.3229740117602,target,11,0.09191347339520933,2.0,2025-02-07,0.0025
2025-01-24,control_naive_low,CYIENT,bear,-1.0120781496203497,1288.5130702090044,1183.5966026904634,1498.3460052460862,1498.3460052460862,target,20,0.1603488991602124,2.0,2025-02-20,0.0025
2025-01-24,control_naive_low,ZEEL,bear,-1.0170514535556894,111.19385412196593,104.164684991546,125.25219238280579,104.164684991546,stop,1,-0.06571544644643584,-1.0,2025-01-27,0.0025
2025-01-24,control_naive_low,DLF,bear,-1.0177182686361483,682.8691265911931,646.1914784578959,756.2244228577875,756.2244228577875,target,9,0.10492218883547405,2.0,2025-02-05,0.0025
2025-01-31,momentum,BAJFINANCE,bear,0.7007757981517886,778.3826029398437,746.830816800922,841.486175217687,841.486175217687,target,4,0.0785701216079468,2.0,2025-02-05,0.0025
2025-01-31,momentum,KIMS,bear,0.6618603538976567,609.2000122070312,576.0120526044052,675.5759314122834,576.0120526044052,stop,11,-0.056977936535804574,-1.0,2025-02-14,0.0025
2025-01-31,momentum,SARDAEN,bear,0.6607364897178384,466.3359251909655,439.6731411854806,519.6614932019354,439.6731411854806,stop,8,-0.05967505893324959,-1.0,2025-02-11,0.0025
2025-01-31,momentum,ACUTAAS,bear,0.6605451936872311,1190.8375881628158,1093.2106713049818,1386.0914218784837,1093.2106713049818,stop,11,-0.0844817226364592,-1.0,2025-02-14,0.0025
2025-01-31,momentum,NAVINFLUOR,bear,0.6365843399069215,4105.745272941385,3897.982949238709,4521.269920346738,3897.982949238709,stop,17,-0.05310282844917796,-1.0,2025-02-24,0.0025
2025-01-31,momentum,LAURUSLABS,bear,0.6143232902917265,580.1496828856637,538.935571626402,662.577905404187,538.935571626402,stop,11,-0.07354047881964315,-1.0,2025-02-14,0.0025
2025-01-31,momentum,JKCEMENT,bear,0.6106169296987087,4805.353880054282,4575.130798497091,5265.800043168664,4575.130798497091,stop,11,-0.05040970390605043,-1.0,2025-02-14,0.0025
2025-01-31,momentum,ZENSARTECH,bear,0.6035868005738881,841.0779568142005,779.5560430158421,964.1217844109175,779.5560430158421,stop,12,-0.07564650598071615,-1.0,2025-02-17,0.0025
2025-01-31,momentum,ULTRACEMCO,bear,0.5818747010999522,11242.69986548891,10764.00479497407,12200.090006518592,10764.00479497407,stop,1,-0.04507830203083735,-1.0,2025-02-01,0.0025
2025-01-31,momentum,UBL,bear,0.5780726924916307,2113.0026759593993,2029.8743164569275,2279.259394964343,2029.8743164569275,stop,4,-0.041841341328272386,-1.0,2025-02-05,0.0025
2025-01-31,momentum,SHREECEM,bear,0.5660688665710186,27664.15979264374,26433.71774109673,30125.043895737756,26433.71774109673,stop,1,-0.046977839224822515,-1.0,2025-02-01,0.0025
2025-01-31,momentum,PATANJALI,bear,0.562362505978001,595.0515144338123,569.1839436541785,646.7866559930798,569.1839436541785,stop,12,-0.045971145190255636,-1.0,2025-02-17,0.0025
2025-01-31,momentum,KOTAKBANK,bear,0.5122668579626972,378.7087768778252,366.68720216010996,402.75192631325564,379.49652099609375,time,20,-0.0004199211468956499,0.0655275316891495,2025-02-28,0.0025
2025-01-31,control_naive_low,BANKBARODA,bear,-1.0110874025304646,202.26205602850277,190.86251139470517,225.06114529609798,190.86251139470517,stop,11,-0.05886027269588906,-1.0,2025-02-14,0.0025
2025-01-31,control_naive_low,KAJARIACER,bear,-1.0126660163639554,993.8754566604782,934.9044746299658,1111.8174207215031,934.9044746299658,stop,8,-0.06183437800009767,-1.0,2025-02-11,0.0025
2025-01-31,control_naive_low,STARHEALTH,bear,-1.018213866039953,434.0,413.6244526015045,474.75109479699097,413.6244526015045,stop,7,-0.04944826589515089,-1.0,2025-02-10,0.0025
2025-01-31,control_naive_low,ZEEL,bear,-1.0214761651372926,101.39838857117431,93.91375632517203,116.36765306317886,93.91375632517203,stop,9,-0.07631411432143825,-1.0,2025-02-12,0.0025
2025-01-31,control_naive_low,SONACOMS,bear,-1.0221951806493466,503.6730808975771,470.6911973304416,569.6368480318481,470.6911973304416,stop,12,-0.0679827204748758,-1.0,2025-02-17,0.0025
2025-01-31,control_naive_low,GRAPHITE,bear,-1.039082935593263,462.0104844027835,435.7354583065484,514.5605365952537,435.7354583065484,stop,9,-0.05937106025353395,-1.0,2025-02-12,0.0025
2025-01-31,control_naive_low,RRKABEL,bear,-1.0421183446253104,1216.21533203125,1148.3419793772903,1351.9620373391695,1148.3419793772903,stop,8,-0.05830701942032063,-1.0,2025-02-11,0.0025
2025-01-31,control_naive_low,JIOFIN,bear,-1.0458774456053654,243.44934524634883,226.72810074583123,276.89183424738405,226.72810074583123,stop,9,-0.07118469694834134,-1.0,2025-02-12,0.0025
2025-01-31,control_naive_low,DELHIVERY,bear,-1.0473006053740008,321.95001220703125,303.39570131391264,359.0586339932685,303.39570131391264,stop,7,-0.06013103025194849,-1.0,2025-02-10,0.0025
2025-01-31,control_naive_low,TMPV,bear,-1.0481557028349455,707.4977205651464,664.5944566688355,793.3042483577683,664.5944566688355,stop,8,-0.06314085105749873,-1.0,2025-02-11,0.0025
2025-02-06,momentum,WOCKPHARMA,bear,0.7414313229851176,1649.0,1523.270170036841,1900.4596599263182,1523.270170036841,stop,2,-0.078746106709011,-1.0,2025-02-10,0.0025
2025-02-06,momentum,BSE,bear,0.7337876614060259,1822.767249010343,1724.1402805564462,2020.0211859181366,1724.1402805564462,stop,3,-0.056608372041161925,-1.0,2025-02-11,0.0025
2025-02-06,momentum,WIPRO,bear,0.696054519368723,301.5290945760859,287.969366101791,328.6485515246757,287.969366101791,stop,6,-0.04746988422745163,-1.0,2025-02-14,0.0025
2025-02-06,momentum,BIOCON,bear,0.6811334289813487,395.9464770247006,374.1911968584972,439.4570373571073,374.1911968584972,stop,2,-0.057445002490440655,-1.0,2025-02-10,0.0025
2025-02-06,momentum,PERSISTENT,bear,0.6668340506934483,6169.612022488061,5768.005259859317,6972.825547745547,5768.005259859317,stop,3,-0.067594330269861,-1.0,2025-02-11,0.0025
2025-02-06,momentum,BHARTIARTL,bear,0.6598756575801052,1601.3412685835613,1530.6328646599902,1742.7580764307033,1530.6328646599902,stop,15,-0.04665573701295728,-1.0,2025-02-28,0.0025
2025-02-06,momentum,SRF,bear,0.6486500870107625,2894.8383955528334,2745.9928621688987,3192.529462320703,2745.9928621688987,stop,4,-0.053917562242022654,-1.0,2025-02-12,0.0025
2025-02-06,momentum,COROMANDEL,bear,0.641893830703013,1848.947077537225,1757.9810775308742,2030.8790775499263,1757.9810775308742,stop,4,-0.051698812184238496,-1.0,2025-02-12,0.0025
2025-02-06,momentum,MAXHEALTH,bear,0.6341224294595887,1129.6863258393348,1054.4662666837078,1280.126444150589,1054.4662666837078,stop,3,-0.06908490718628463,-1.0,2025-02-11,0.0025
2025-02-06,momentum,ERIS,bear,0.6309899569583932,1414.3373548274149,1318.7438888082008,1605.524286865843,1318.7438888082008,stop,3,-0.07008887170230954,-1.0,2025-02-11,0.0025
2025-02-06,momentum,INFY,bear,0.6250597800095649,1824.648004479721,1759.766134007685,1954.4117454237933,1759.766134007685,stop,4,-0.038058568180133145,-1.0,2025-02-12,0.0025
2025-02-06,momentum,DIVISLAB,bear,0.6202893352462936,6063.819694357333,5765.839075418492,6659.780932235015,5765.839075418492,stop,4,-0.05164074526591317,-1.0,2025-02-12,0.0025
2025-02-06,momentum,LUPIN,bear,0.6197034911525586,2162.769232612127,2060.599409922215,2367.108877991951,2060.599409922215,stop,3,-0.04974027933692887,-1.0,2025-02-11,0.0025
2025-02-06,control_naive_low,TIINDIA,bear,-1.003773232603638,2961.5094838519553,2762.189118923092,3360.1502137096822,2762.189118923092,stop,3,-0.06980363890971336,-1.0,2025-02-11,0.0025
2025-02-06,control_naive_low,3MINDIA,bear,-1.0171667726717812,27604.958315792774,26307.178245577346,30200.518456223628,26307.178245577346,stop,4,-0.049512571269595684,-1.0,2025-02-12,0.0025
2025-02-06,control_naive_low,RITES,bear,-1.0184660736344202,224.4912551213507,209.95432414976472,253.56511706452264,209.65682598828792,stop,4,-0.06858020933841674,-1.020464990998326,2025-02-12,0.0025
2025-02-06,control_naive_low,TATACOMM,bear,-1.02380651751993,1549.4693598496112,1473.337779494749,1701.7325205593359,1473.337779494749,stop,4,-0.05163396955603655,-1.0,2025-02-12,0.0025
2025-02-06,control_naive_low,WHIRLPOOL,bear,-1.0264651650610943,1097.5788579356242,968.8287727309356,1355.0790283450015,968.8287727309356,stop,8,-0.11980372198207939,-1.0,2025-02-18,0.0025
2025-02-06,control_naive_low,LICI,bear,-1.0295651429129382,402.3098425975411,384.73019543298966,437.46913692664396,384.73019543298966,stop,3,-0.046196786166222636,-1.0,2025-02-11,0.0025
2025-02-06,control_naive_low,CHENNPETRO,bear,-1.036093637017938,493.84848297135295,467.1064005830866,547.3326477478856,467.1064005830866,stop,4,-0.056650378730266515,-1.0,2025-02-12,0.0025
2025-02-06,control_naive_low,ASTRAL,bear,-1.0367021075200837,1475.8328667003734,1404.995278267955,1617.5080435652103,1404.995278267955,stop,3,-0.05049838113837052,-1.0,2025-02-11,0.0025
2025-02-06,control_naive_low,ABCAPITAL,bear,-1.0401450795049871,169.3000030517578,160.31980765677017,187.2603938417331,160.31980765677017,stop,3,-0.055543090567708064,-1.0,2025-02-11,0.0025
2025-02-06,control_naive_low,TATACHEM,bear,-1.0410920888493953,910.2946489456331,868.6153490571722,993.6532487225547,868.6153490571722,stop,3,-0.04828660320231121,-1.0,2025-02-11,0.0025
2025-02-06,control_naive_low,GESHIP,bear,-1.042344809652823,862.4561048856865,807.3482256759994,972.6718633050607,807.3482256759994,stop,14,-0.06639644516110338,-1.0,2025-02-27,0.0025
2025-02-06,control_naive_low,CONCOR,bear,-1.042533223969073,573.0867256869628,540.8706391289254,637.5188988030377,540.8706391289254,stop,3,-0.05871502839630388,-1.0,2025-02-11,0.0025
2025-02-06,control_naive_low,JKTYRE,bear,-1.045019375286145,306.8666224188613,288.2960618595296,344.0077435375248,288.2960618595296,stop,3,-0.06301671704452633,-1.0,2025-02-11,0.0025
2025-02-13,momentum,MUTHOOTFIN,bear,0.789213232490629,2279.5911356237016,2164.491503460493,2509.790399950119,2164.491503460493,stop,2,-0.05299134924439736,-1.0,2025-02-17,0.0025
2025-02-13,momentum,SBICARD,bear,0.7326207206615927,855.4383137783988,813.8346299077781,938.6456815196401,813.8346299077781,stop,12,-0.05113434709495385,-1.0,2025-03-04,0.0025
2025-02-13,momentum,BAJAJHLDNG,bear,0.6947054005877534,11868.854051257269,11184.305577014691,13237.950999742425,11184.305577014691,stop,10,-0.060176037744356925,-1.0,2025-02-28,0.0025
2025-02-13,momentum,DIVISLAB,bear,0.6892831334007805,5965.42523020984,5674.224985630777,6547.8257193679665,5674.224985630777,stop,6,-0.05131466674066748,-1.0,2025-02-21,0.0025
2025-02-13,momentum,COROMANDEL,bear,0.6501758442934914,1844.1390466553555,1738.7106072750937,2054.9959254158794,1738.7106072750937,stop,1,-0.05966946320911831,-1.0,2025-02-14,0.0025
2025-02-13,momentum,BAJFINANCE,bear,0.6409524497759792,830.592471806726,795.3897451281297,900.9979251639188,847.5628051757812,time,20,0.01793160026738611,0.4820744007700215,2025-03-17,0.0025
2025-02-13,momentum,SRF,bear,0.6397938044996869,2834.643569412668,2695.9703263229017,3111.990055592201,2695.9703263229017,stop,2,-0.051420874774566194,-1.0,2025-02-17,0.0025
2025-02-13,momentum,BAJAJFINSV,bear,0.6342077371489137,1851.017964714766,1766.0539137273872,2020.9460666895238,1766.0539137273872,stop,13,-0.04840125682571178,-1.0,2025-03-05,0.0025
2025-02-13,momentum,SHREECEM,bear,0.6283663342486873,28290.544746906064,26881.435429694124,31108.763381329944,26881.435429694124,stop,10,-0.05230849007391575,-1.0,2025-02-28,0.0025
2025-02-13,momentum,ULTRACEMCO,bear,0.6249337572866984,11285.645078081827,10775.784650288424,12305.365933668632,10775.784650288424,stop,2,-0.0476777833048832,-1.0,2025-02-17,0.0025
2025-02-13,momentum,WELCORP,bear,0.5955099484511249,793.0743511652543,735.3140959121581,908.5948616714466,735.3140959121581,stop,1,-0.07533081992026308,-1.0,2025-02-14,0.0025
2025-02-13,momentum,UPL,bear,0.585751794575324,619.2834214749395,588.7118271018111,680.4266102211963,614.5234985351562,time,20,-0.010186178532676613,-0.15569756950481678,2025-03-17,0.0025
2025-02-13,momentum,CHAMBLFERT,bear,0.5820783350195115,520.6423077554053,489.46101973060644,583.0048838050031,559.8065185546875,time,20,0.0727228741612011,1.2560164534619074,2025-03-17,0.0025
2025-02-13,control_naive_low,PIIND,bear,-1.0020651870632764,3203.21803980999,3022.9089884639648,3563.8361425020403,3022.9089884639648,stop,9,-0.05878997124301938,-1.0,2025-02-27,0.0025
2025-02-13,control_naive_low,ASTRAL,bear,-1.0027066211937636,1364.1607839907797,1300.3742508901184,1491.7338501921022,1300.3742508901184,stop,2,-0.0492588086750721,-1.0,2025-02-17,0.0025
2025-02-13,control_naive_low,GODREJCP,bear,-1.003622544164085,1029.6214706710712,973.3274275701291,1142.2095568729553,973.3274275701291,stop,4,-0.057174503887580774,-1.0,2025-02-19,0.0025
2025-02-13,control_naive_low,VBL,bear,-1.0044019056193763,510.59429354069255,476.90725821750004,577.9683641870776,476.90725821750004,stop,2,-0.06847612967742217,-1.0,2025-02-17,0.0025
2025-02-13,control_naive_low,EIHOTEL,bear,-1.0061534394360032,337.1245179992297,308.2588813631852,394.85579127131865,307.37823448086334,stop,2,-0.09073530158798565,-1.0305084863855798,2025-02-17,0.0025
2025-02-13,control_naive_low,CHALET,bear,-1.0070148762987734,671.4874504191113,617.4588298942111,779.5446914689115,779.5446914689115,target,14,0.15842220484888586,2.0,2025-03-06,0.0025
2025-02-13,control_naive_low,LICI,bear,-1.0116008787059056,378.97354197049566,363.3247338030308,410.27115830542533,363.3247338030308,stop,2,-0.04379261395425632,-1.0,2025-02-17,0.0025
2025-02-13,control_naive_low,TATACHEM,bear,-1.0118873880208394,848.03436376444,803.3332649697446,937.4365613538306,803.3332649697446,stop,8,-0.05521142385818695,-1.0,2025-02-25,0.0025
2025-02-13,control_naive_low,DLF,bear,-1.014154808395178,671.5942060384829,629.2539593317082,756.2746994520322,629.2539593317082,stop,9,-0.06554438949306324,-1.0,2025-02-27,0.0025
2025-02-13,control_naive_low,HEROMOTOCO,bear,-1.0145896291641943,3771.010130243584,3602.2522395887772,4108.525911553198,3602.2522395887772,stop,2,-0.04725137558007736,-1.0,2025-02-17,0.0025
2025-02-13,control_naive_low,CANBK,bear,-1.014986818364558,83.31781975968127,78.53048626837092,92.89248674230197,78.53048626837092,stop,2,-0.05995869857275132,-1.0,2025-02-17,0.0025
2025-02-13,control_naive_low,HONAUT,bear,-1.0164100159164013,35182.07648147149,33190.16271571496,39165.90401298455,33190.16271571496,stop,3,-0.059117288260559675,-1.0,2025-02-18,0.0025
2025-02-13,control_naive_low,OLECTRA,bear,-1.0164164360742738,1234.703159068928,1137.1925734337235,1429.724330339337,1137.1925734337235,stop,2,-0.08147492196321576,-1.0,2025-02-17,0.0025
2025-02-13,control_naive_low,WELSPUNLIV,bear,-1.016583328330208,121.47944259553041,111.09474456557605,142.24883865543916,111.09474456557605,stop,9,-0.0879852295011802,-1.0,2025-02-27,0.0025
2025-02-13,control_naive_low,TATATECH,bear,-1.0173721796532307,721.0783135021878,684.3606905945866,794.5135593173903,679.1923213457591,stop,10,-0.060587993179261945,-1.140759908718316,2025-02-28,0.0025
2025-02-13,control_naive_low,RELIANCE,bear,-1.019063921318669,1208.56289732395,1168.0911630867968,1289.5063657982564,1168.0911630867968,stop,11,-0.035987486937392676,-1.0,2025-03-03,0.0025
2025-02-13,control_naive_low,COLPAL,bear,-1.021079862587452,2404.630384884514,2278.664120129383,2656.5629143947767,2278.664120129383,stop,20,-0.05488487609029408,-1.0,2025-03-17,0.0025
2025-02-13,control_naive_low,JIOFIN,bear,-1.0216368279926378,229.10537117765742,213.93578405346287,259.4445454260465,213.93578405346287,stop,10,-0.06871227187393808,-1.0,2025-02-28,0.0025
2025-02-13,control_naive_low,SONATSOFTW,bear,-1.0217235837298793,415.5125163611509,373.4584994922213,499.6205500990102,373.4584994922213,stop,9,-0.10370998817849703,-1.0,2025-02-27,0.0025
2025-02-13,control_naive_low,ASIANPAINT,bear,-1.0231962968428232,2193.4716872063455,2111.867580860861,2356.6798998973145,2111.867580860861,stop,11,-0.0397031728612906,-1.0,2025-03-03,0.0025
2025-02-20,momentum,WIPRO,bear,0.7127572016460908,295.66862998951336,285.09749615009133,316.8108976683574,285.09749615009133,stop,2,-0.038253315594545756,-1.0,2025-02-24,0.0025
2025-02-20,momentum,SRF,bear,0.692326313241346,2781.9104113078693,2657.152984739772,3031.425264444064,3031.425264444064,target,19,0.08719190816568728,2.0,2025-03-21,0.0025
2025-02-20,momentum,SARDAEN,bear,0.691115952553861,482.9304930285735,449.4029747018582,549.985529682004,449.4029747018582,stop,2,-0.0719251425633865,-1.0,2025-02-24,0.0025
2025-02-20,momentum,BSE,bear,0.6668845315904139,1968.5554385163746,1834.3394792479223,2236.987357053279,1834.3394792479223,stop,3,-0.07067992353296676,-1.0,2025-02-25,0.0025
2025-02-20,momentum,MUTHOOTFIN,bear,0.6650205761316872,2234.283500990314,2126.8915864044116,2449.0673301621196,2126.8915864044116,stop,2,-0.050565482530888606,-1.0,2025-02-24,0.0025
2025-02-20,momentum,NH,bear,0.6398934882595013,1411.5396442727194,1326.8986159717938,1580.8217008745708,1580.8217008745708,target,6,0.11742724206415905,2.0,2025-03-03,0.0025
2025-02-20,momentum,PATANJALI,bear,0.6110142822561124,612.7946580724139,582.0933175902082,674.1973390368252,582.0933175902082,stop,5,-0.05260053543674598,-1.0,2025-02-28,0.0025
2025-02-20,momentum,MANAPPURAM,bear,0.5859840232389252,201.30309273177792,186.50242492690157,230.90442834153063,230.90442834153063,target,19,0.14454858831550282,2.0,2025-03-21,0.0025
2025-02-20,momentum,ABBOTINDIA,bear,0.550326797385621,28361.72644632828,27115.135832856227,30854.907673272388,29944.771484375,time,20,0.05331624380456795,1.2698996935630371,2025-03-24,0.0025
2025-02-20,momentum,REDINGTON,bear,0.5458242556281772,238.34465274105216,219.76024641827644,275.51346538660357,219.76024641827644,stop,5,-0.08047282678276241,-1.0,2025-02-28,0.0025
2025-02-20,reversal,J&KBANK,bear,0.7067283950617285,97.97074563517576,88.85865668231956,120.75096801731625,88.85865668231956,stop,6,-0.09550826378098481,-1.0,2025-03-03,0.0025
2025-02-20,control_naive_low,NATCOPHARM,bear,-1.0032254602920208,786.0915681074542,698.594418946269,961.0858664298247,823.7088623046875,time,20,0.04535357803518786,0.42992594110621307,2025-03-24,0.0025
2025-02-20,control_naive_low,TIMKEN,bear,-1.0052811130230683,2475.5573436263885,2329.419348737315,2767.8333334045356,2767.8333334045356,target,20,0.11556472208395635,2.0,2025-03-24,0.0025
2025-02-20,control_naive_low,KIRLOSENG,bear,-1.0067762156237803,590.1187880980922,527.6417200252243,715.0729242438279,715.7794857148382,target,17,0.2104413605381738,2.01130913297958,2025-03-19,0.0025
2025-02-20,control_naive_low,TATACOMM,bear,-1.0121212918264821,1451.291039489618,1380.4049338726786,1593.0632507234968,1380.4049338726786,stop,3,-0.05134348052053589,-1.0,2025-02-25,0.0025
2025-02-20,control_naive_low,INDIAMART,bear,-1.0122249929167364,1971.5874985319817,1879.1682973257368,2156.4259009444713,1879.1682973257368,stop,4,-0.04937552607990209,-1.0,2025-02-27,0.0025
2025-02-20,control_naive_low,KAJARIACER,bear,-1.0127588230049978,868.8054356223583,818.6598397981975,969.0966272706801,881.579833984375,time,20,0.012203405202415531,0.25474616767564195,2025-03-24,0.0025
2025-02-20,control_naive_low,HONAUT,bear,-1.0140639471786206,33419.94179255865,31860.979119908163,36537.867137859634,33073.48046875,time,20,-0.01286690386713346,-0.22223837035149308,2025-03-24,0.0025
2025-02-20,control_naive_low,STARHEALTH,bear,-1.015643332527594,390.3500061035156,368.5974381231886,433.8551420641696,368.5974381231886,stop,3,-0.05822580412502548,-1.0,2025-02-25,0.0025
2025-02-20,control_naive_low,TATAELXSI,bear,-1.0175083330900256,5852.455121414864,5630.124165769354,6297.117032705885,5630.124165769354,stop,2,-0.04048934823643052,-1.0,2025-02-24,0.0025
2025-02-20,control_naive_low,WHIRLPOOL,bear,-1.0221014104892836,977.7106547582305,884.6283554003774,1163.8752534739367,994.841796875,time,20,0.015021689094209369,0.1840429623564538,2025-03-24,0.0025
2025-02-20,control_naive_low,CANFINHOME,bear,-1.0240331378081817,593.342746665362,560.7557346841503,658.5167706277855,560.7557346841503,stop,3,-0.05742105897367683,-1.0,2025-02-25,0.0025
2025-02-20,control_naive_low,ADANIGREEN,bear,-1.029151049609319,864.9500122070312,798.4721880045565,997.9056606119807,795.0999755859375,stop,5,-0.08325615426938077,-1.0507268771063885,2025-02-28,0.0025
2025-02-20,control_naive_low,BATAINDIA,bear,-1.029396217340094,1198.1628017963078,1139.8882228893576,1314.7119596102082,1139.8882228893576,stop,6,-0.05113661166878475,-1.0,2025-03-03,0.0025
2025-02-20,control_naive_low,SBIN,bear,-1.030754072270376,700.359526366243,679.198273702639,742.6820316934511,679.198273702639,stop,4,-0.03271484233019212,-1.0,2025-02-27,0.0025
2025-02-20,control_naive_low,VBL,bear,-1.0314909296329213,467.6596696072694,432.8364022113564,537.3062043990953,432.8364022113564,stop,5,-0.07696284052066499,-1.0,2025-02-28,0.0025
2025-02-20,control_naive_low,PVRINOX,bear,-1.0329051991359064,1011.0,950.9827015183282,1131.0345969633436,950.9827015183282,stop,4,-0.061864291277618,-1.0,2025-02-27,0.0025
2025-02-28,momentum,KOTAKBANK,bear,0.7251336898395723,380.015027010229,367.7685720536207,404.50793692344564,406.6782142283784,target,12,0.06766350755369394,2.1772167792738797,2025-03-19,0.0025
2025-02-28,momentum,SHREECEM,bear,0.7137833020185962,27083.48231070923,26037.778147949142,29174.890636229407,29174.890636229407,target,15,0.07472080571201895,2.0,2025-03-24,0.0025
2025-02-28,momentum,HDFCBANK,bear,0.6788721876957171,844.3336683269105,818.7464911511003,895.5080226785309,818.7094845214233,stop,4,-0.03284840936316419,-1.001446295909185,2025-03-06,0.0025
2025-02-28,control_naive_low,APOLLOTYRE,bear,-1.002544480176571,369.3964084896487,347.5620668306409,413.0650918076643,413.0650918076643,target,12,0.11571631806482302,2.0,2025-03-19,0.0025
2025-02-28,control_naive_low,BEML,bear,-1.0027371198087327,1218.9568270249363,1107.0530357598043,1442.7644095552002,1442.7644095552002,target,15,0.18110583210851122,2.0,2025-03-24,0.0025
2025-02-28,control_naive_low,JIOFIN,bear,-1.00294686285194,209.18315658113508,193.7537244756199,240.04202079216546,229.5237274169922,time,20,0.09473809109825576,1.3182967912724701,2025-04-01,0.0025
2025-02-28,control_naive_low,BSOFT,bear,-1.003312419062349,412.36738378603104,385.2970839609094,466.50798343627434,385.2970839609094,stop,7,-0.06814607408225054,-1.0,2025-03-11,0.0025
2025-02-28,control_naive_low,ABB,bear,-1.0035380037299206,4838.362338778317,4480.518619941106,5554.049776452739,5272.2705078125,time,20,0.087180792518682,1.2125633235763873,2025-04-01,0.0025
2025-02-28,control_naive_low,CONCOR,bear,-1.0035397811843054,491.0043915333254,458.83685758029475,555.3394594393867,555.3394594393867,target,15,0.12852747962223615,1.9999999999999982,2025-03-24,0.0025
2025-02-28,control_naive_low,CHENNPETRO,bear,-1.0035555691189237,424.8153674948605,396.8868848053264,480.6723328739286,480.6723328739286,target,4,0.12898527490532435,2.0,2025-03-06,0.0025
2025-02-28,control_naive_low,TMPV,bear,-1.003557299965409,610.2966708121899,580.0958702671178,670.698271902334,673.9665570238454,target,12,0.10182612409129316,2.108218492971198,2025-03-19,0.0025
2025-02-28,control_naive_low,DMART,bear,-1.0038189180689694,3425.0,3244.8287897818345,3785.342420436331,3785.342420436331,target,9,0.10270946582082646,2.0,2025-03-13,0.0025
2025-02-28,control_naive_low,SUPREMEIND,bear,-1.0039203860072377,3298.266696331522,3028.0961136035075,3838.6078617875505,3280.984130859375,time,20,-0.00773989327223573,-0.0639690868548244,2025-04-01,0.0025
2025-02-28,control_naive_low,AARTIIND,bear,-1.0041393717250349,375.2516730672254,350.56069598603915,424.6336272295979,389.3360290527344,time,20,0.03503309311158159,0.5704252180542834,2025-04-01,0.0025
2025-02-28,control_naive_low,PNB,bear,-1.0044827516051544,82.9164188933413,78.26904502371399,92.21116663259593,92.21116663259593,target,19,0.10959779514490181,2.0,2025-03-28,0.0025
2025-02-28,control_naive_low,KPITTECH,bear,-1.004530221823878,1176.4705250511538,1106.6661172330084,1316.0793406874445,1316.0793406874445,target,15,0.11616749966406553,2.0,2025-03-24,0.0025
2025-02-28,control_naive_low,JBMA,bear,-1.004863813229572,512.5548510630097,451.8229954251754,634.0185623386782,634.0185623386782,target,15,0.2344770006541927,2.0,2025-03-24,0.0025
2025-02-28,control_naive_low,BPCL,bear,-1.0048698250476245,224.32723741330892,212.01351447723934,248.95468328544808,248.95468328544808,target,4,0.1072835740149764,2.0,2025-03-06,0.0025
2025-02-28,control_naive_low,SIGNATURE,bear,-1.0049519465519832,1045.1500244140625,971.4632549251381,1192.5235633919112,1192.5235633919112,target,14,0.13850706648356054,2.0,2025-03-21,0.0025
2025-02-28,control_naive_low,IOC,bear,-1.0050478188457939,106.62623855135021,100.84485097026038,118.18901371352987,118.18901371352987,target,8,0.10594211818098737,2.0,2025-03-12,0.0025
2025-02-28,control_naive_low,HEROMOTOCO,bear,-1.0051746094009892,3470.094834828667,3356.370114396294,3697.544275693413,3356.370114396294,stop,2,-0.035272798971065666,-1.0,2025-03-04,0.0025
2025-02-28,control_naive_low,BANKBARODA,bear,-1.0054079528957174,185.50052862344444,175.76833070854227,204.96492445324878,204.96492445324878,target,15,0.10242905855441514,2.0,2025-03-24,0.0025
2025-03-07,momentum,ACUTAAS,bear,0.6933006535947712,1221.3065464550739,1122.7579976412353,1418.403644082751,1122.7579976412353,stop,2,-0.08319108374132805,-1.0,2025-03-11,0.0025
2025-03-07,momentum,SBICARD,bear,0.6749279123414074,831.8856397496817,799.1333420397726,897.3902351694998,760.8345327155733,stop,19,-0.08790970493911637,-2.169347252013167,2025-04-07,0.0025
2025-03-07,momentum,NAVINFLUOR,bear,0.6673923490965014,4100.066004130496,3828.858531749156,4642.480948893177,3686.303691460776,stop,19,-0.10341601263318373,-1.525630208624695,2025-04-07,0.0025
2025-03-07,momentum,REDINGTON,bear,0.6372116493656286,241.21626615486235,220.82050120178357,282.0077960610199,220.82050120178357,stop,3,-0.08705385400910143,-1.0,2025-03-12,0.0025
2025-03-07,momentum,BAJAJFINSV,bear,0.6346789696270665,1842.2796302331092,1765.7118364114924,1995.4152178763427,1995.4152178763427,target,13,0.08062287946420849,2.0,2025-03-27,0.0025
2025-03-07,momentum,NH,bear,0.6062187620146098,1567.9238987722806,1449.3957576760079,1804.980180964826,1449.3957576760079,stop,19,-0.0780955956721388,-1.0,2025-04-07,0.0025
2025-03-07,momentum,EICHERMOT,bear,0.5807237600922722,5005.011033157787,4785.899286439497,5443.234526594368,5110.865234375,time,20,0.018649643930040708,0.4831060077911229,2025-04-08,0.0025
2025-03-07,momentum,WELCORP,bear,0.5746587850826606,789.1089333796076,729.4033162606097,908.5201676176034,658.5490725830571,stop,19,-0.1679522655539924,-2.1867265945235044,2025-04-07,0.0025
2025-03-07,momentum,BHARTIARTL,bear,0.570520953479431,1606.1891532670866,1540.6223499855012,1737.3227598302574,1737.3227598302574,target,19,0.07914269214272623,2.0,2025-04-07,0.0025
2025-03-07,control_naive_low,AIAENG,bear,-1.0137554891850744,3097.09935094739,2977.0919321137094,3337.1141886147516,3337.1141886147516,target,9,0.07499665427876628,2.0,2025-03-21,0.0025
2025-03-07,control_naive_low,INDUSINDBK,bear,-1.0141279425319603,893.552717159087,887.148597060284,906.360957356693,887.148597060284,stop,1,-0.009667031083699094,-1.0,2025-03-10,0.0025
2025-03-07,control_naive_low,IDFCFIRSTB,bear,-1.017388243520828,56.9457774911266,54.379886390701294,62.07755969197721,54.379886390701294,stop,3,-0.047558496230473424,-1.0,2025-03-12,0.0025
2025-03-07,control_naive_low,TITAN,bear,-1.0206661897672298,3060.715488176788,2946.8877672417334,3288.370930046897,2906.6859812046773,stop,19,-0.05282467328868362,-1.3531809800531245,2025-04-07,0.0025
2025-03-07,control_naive_low,DRREDDY,bear,-1.0265874107860484,1120.690289394458,1079.3081610871568,1203.4545460090603,1079.3081610871568,stop,3,-0.03942557051570522,-1.0,2025-03-12,0.0025
2025-03-07,control_naive_low,DALBHARAT,bear,-1.0322228714528952,1684.0354491657765,1608.5883160378569,1834.9297154216158,1608.5883160378569,stop,3,-0.047301392491645056,-1.0,2025-03-12,0.0025
2025-03-07,control_naive_low,DABUR,bear,-1.0329167472030631,481.2675799279393,466.5586219931259,510.6854957975662,460.80152928185817,stop,17,-0.04502530504786045,-1.391400447046063,2025-04-03,0.0025
2025-03-07,control_naive_low,LT,bear,-1.0330149205514862,3184.898425682085,3080.353012681535,3393.989251683185,3393.989251683185,target,10,0.06315070468654599,2.0,2025-03-24,0.0025
2025-03-07,control_naive_low,STARHEALTH,bear,-1.0366232507520434,368.0,344.61897549329444,414.7620490134111,344.61897549329444,stop,12,-0.06603539268126507,-1.0,2025-03-26,0.0025
2025-03-07,control_naive_low,HINDUNILVR,bear,-1.0367760598691083,2146.149847764431,2073.571684595562,2291.3061741021684,2225.123779296875,time,20,0.034297957800900336,1.0881224886980707,2025-04-08,0.0025
2025-03-07,control_naive_low,BAJAJ-AUTO,bear,-1.037494849034177,7283.3142270492635,6991.6260669905805,7866.69054716663,7866.69054716663,target,10,0.07759764537561525,2.0,2025-03-24,0.0025
2025-03-07,control_naive_low,SUNTV,bear,-1.0375025487792873,544.939162897883,518.7331471107827,597.3511944720834,597.3511944720834,target,7,0.09367960158246519,2.0,2025-03-19,0.0025
2025-03-07,control_naive_low,ASTRAL,bear,-1.039346478660447,1317.3610953688087,1264.727327761757,1422.6286305829124,1262.2967081823258,stop,2,-0.04429900816872617,-1.0461798516415808,2025-03-11,0.0025
2025-03-07,control_naive_low,BOSCHLTD,bear,-1.0395462685388857,26469.197059207432,25523.681933386222,28360.227310849852,25523.681933386222,stop,19,-0.03822133766302932,-1.0,2025-04-07,0.0025
2025-03-07,control_naive_low,TCS,bear,-1.044605061859892,3420.635765390215,3319.0400086976006,3623.827278775444,3319.0400086976006,stop,3,-0.032200840329319524,-1.0,2025-03-12,0.0025
2025-03-07,control_naive_low,HEROMOTOCO,bear,-1.0450644261235917,3478.617578833192,3329.324309617197,3777.2041172651825,3319.5894244079673,stop,5,-0.04821590605212961,-1.0652064574669156,2025-03-17,0.0025
2025-03-07,control_naive_low,BATAINDIA,bear,-1.047663603725438,1164.0649112576295,1101.6314092851208,1288.9319152026471,1089.2390664686225,stop,19,-0.06677978720548056,-1.1984886707453153,2025-04-07,0.0025
2025-03-07,control_naive_low,DELHIVERY,bear,-1.0486452813949891,255.64999389648438,238.31019008304244,290.32960152336824,238.31019008304244,stop,3,-0.07032634158975576,-1.0,2025-03-12,0.0025
2025-03-17,momentum,SARDAEN,bear,0.7883338499278545,534.4529418945312,497.6444597336457,608.0699062163023,497.6444597336457,stop,6,-0.0713713248174978,-1.0,2025-03-25,0.0025
2025-03-17,momentum,CHAMBLFERT,bear,0.6894059835236306,559.8065185546875,528.1151456772538,623.1892643095548,623.1892643095548,target,17,0.11072259326045247,2.0,2025-04-11,0.0025
2025-03-17,momentum,UPL,bear,0.688225658813894,614.5234985351562,586.3001068619916,670.9702818814856,583.9518522076111,stop,14,-0.05224853915337496,-1.0832024259016784,2025-04-07,0.0025
2025-03-17,momentum,BAJFINANCE,bear,0.6750831044948692,847.5628051757812,816.8806231606079,908.9271692061279,908.9271692061279,target,6,0.06990096386440653,2.0,2025-03-25,0.0025
2025-03-17,momentum,MUTHOOTFIN,bear,0.672891072891073,2243.540771484375,2148.763970991056,2433.0943724710132,2106.197211210823,stop,14,-0.06371732309000239,-1.449126363821847,2025-04-07,0.0025
2025-03-17,momentum,JSWSTEEL,bear,0.6523148817266464,997.2708740234375,963.9503373981787,1063.911947273955,1063.911947273955,target,6,0.06432344284422714,2.0,2025-03-25,0.0025
2025-03-17,momentum,COROMANDEL,bear,0.6377607554078143,1872.491455078125,1760.9443557385662,2095.5856537572427,2095.5856537572427,target,12,0.11664297289533415,2.0,2025-04-03,0.0025
2025-03-17,momentum,DOMS,bear,0.6084597966950909,2827.669677734375,2635.9653973261,3211.0782385509247,2635.9653973261,stop,13,-0.07029585392091303,-1.0,2025-04-04,0.0025
2025-03-17,control_naive_low,TATATECH,bear,-1.0028723972278655,609.3339233398438,577.1825686237628,673.6366327720057,673.6366327720057,target,4,0.10302950848314801,2.0,2025-03-21,0.0025
2025-03-17,control_naive_low,TATAELXSI,bear,-1.0032475714690092,5026.4306640625,4796.437102555876,5486.4177870757485,5486.4177870757485,target,5,0.08901367118261899,2.0,2025-03-24,0.0025
2025-03-17,control_naive_low,RRKABEL,bear,-1.004619942193533,852.0947875976562,788.2152893411208,979.8537841107272,933.3906860351562,time,20,0.0929071068392528,1.2726445989137467,2025-04-17,0.0025
2025-03-17,control_naive_low,ASTRAL,bear,-1.0046660983381182,1232.773193359375,1171.411218610936,1355.497142856253,1301.2301025390625,time,20,0.053030822334916905,1.1156242845888684,2025-04-17,0.0025
2025-03-17,control_naive_low,AUBANK,bear,-1.0048012575898018,490.7176513671875,463.47625508423664,545.2004439330892,545.2004439330892,target,5,0.1085267633823796,2.0,2025-03-24,0.0025
2025-03-17,control_naive_low,TEJASNET,bear,-1.0048720508445377,647.373046875,587.0584023433544,768.0023359382913,768.0023359382913,target,4,0.1838365947124198,2.0,2025-03-21,0.0025
2025-03-17,control_naive_low,LATENTVIEW,bear,-1.0049147506129763,347.6000061035156,322.64284249556016,397.51433331942656,393.3500061035156,time,20,0.12911679860953623,1.833141005872018,2025-04-17,0.0025
2025-03-17,control_naive_low,IDFCFIRSTB,bear,-1.0055133255501902,52.56303787231445,50.04955981197756,57.58999399298824,57.58999399298824,target,5,0.09313671211099356,2.0,2025-03-24,0.0025
2025-03-17,control_naive_low,FINCABLES,bear,-1.006602595402644,772.3198852539062,719.4141078879197,878.1314399858793,878.1314399858793,target,5,0.13450483019051956,2.0,2025-03-24,0.0025
2025-03-17,control_naive_low,APARINDS,bear,-1.0078788063742896,5271.9755859375,4708.854337144804,6398.218083522892,4360.999890185153,stop,14,-0.1752958866467988,-1.617725663354799,2025-04-07,0.0025
2025-03-17,control_naive_low,OLECTRA,bear,-1.0079341655828113,1016.0557250976562,927.268000930692,1193.6311734315848,1193.6311734315848,target,4,0.172269398909554,2.0,2025-03-21,0.0025
2025-03-17,control_naive_low,HEROMOTOCO,bear,-1.00909983796838,3326.3505859375,3182.8563908030624,3613.3389762063753,3613.3389762063753,target,9,0.0837772527592699,2.0,2025-03-28,0.0025
2025-03-17,control_naive_low,BSOFT,bear,-1.0113120080266145,377.2960510253906,352.9436440262661,426.0008650236397,325.0043182680013,stop,14,-0.141096024568172,-2.147292165380991,2025-04-07,0.0025
2025-03-17,control_naive_low,TCS,bear,-1.0117730691533757,3317.44287109375,3220.0726257243896,3512.183361832471,3512.183361832471,target,6,0.05620198773747548,2.0,2025-03-25,0.0025
2025-03-17,control_naive_low,SAMMAANCAP,bear,-1.012132904715877,105.11000061035156,96.45646417444664,122.41707348216141,122.41707348216141,target,20,0.1621567669233312,2.0,2025-04-17,0.0025
2025-03-24,momentum,SHREECEM,bear,0.7066516288026152,29481.724971860745,28256.37949181042,31932.415931961394,30315.552734375,time,20,0.025782868906419624,0.6804838113737603,2025-04-25,0.0025
2025-03-24,momentum,LAURUSLABS,bear,0.7031334102268357,624.707603943206,590.3512907946528,693.4202302403124,590.3512907946528,stop,8,-0.05749582993978836,-1.0,2025-04-04,0.0025
2025-03-24,momentum,ACUTAAS,bear,0.6917435601691657,1245.7316478183538,1152.0371684796446,1433.1206064957723,1152.0371684796446,stop,8,-0.07771240991412248,-1.0,2025-04-04,0.0025
2025-03-24,momentum,SRF,bear,0.6743800461361016,2998.8120692738944,2870.4603589732146,3255.515489875254,2870.4603589732146,stop,2,-0.04530085158245939,-1.0,2025-03-26,0.0025
2025-03-24,momentum,ABBOTINDIA,bear,0.6722078046905037,29947.372736825404,28720.761034516734,32400.596141442744,28720.761034516734,stop,6,-0.04345890858567175,-1.0,2025-04-02,0.0025
2025-03-24,momentum,CARTRADE,bear,0.6335447904652057,1785.0,1646.5587943139512,2061.8824113720975,1646.5587943139512,stop,2,-0.08005809842355677,-1.0,2025-03-26,0.0025
2025-03-24,momentum,BAJAJHLDNG,bear,0.6115292195309497,12329.672330778561,11558.073731480656,13872.869529374373,11558.073731480656,stop,6,-0.06508062490207173,-1.0,2025-04-02,0.0025
2025-03-24,momentum,REDINGTON,bear,0.5914648212226067,234.3243758673079,214.42934650083143,274.1144346002609,214.42934650083143,stop,7,-0.08740379753637978,-1.0,2025-04-03,0.0025
2025-03-24,momentum,BLUESTARCO,bear,0.5906141868512111,2218.411807766659,2037.0269918560841,2581.1814395878087,2037.0269918560841,stop,5,-0.08426336569952736,-1.0,2025-04-01,0.0025
2025-03-24,reversal,FORCEMOT,bear,0.7772303921568627,8885.050568431547,6423.518106642405,15038.881722904402,9115.3857421875,time,20,0.02342390127461175,0.09357389241518932,2025-04-25,0.0025
2025-03-24,control_naive_low,HONAUT,bear,-1.0075310985307482,33611.81494277295,31558.670101412863,37718.10462549313,31558.670101412863,stop,1,-0.06358402193858753,-1.0,2025-03-25,0.0025
2025-03-24,control_naive_low,COLPAL,bear,-1.032028953180526,2297.505199716155,2262.3753164170575,2367.7649663143497,2262.3753164170575,stop,6,-0.017790447788077864,-1.0,2025-04-02,0.0025
2025-03-24,control_naive_low,JSL,bear,-1.0410175181913317,589.2623009988325,548.2912666013519,671.2043697937937,548.2912666013519,stop,8,-0.07202936634166551,-1.0,2025-04-04,0.0025
2025-03-24,control_naive_low,DEVYANI,bear,-1.042611494940391,150.0,138.0226723815297,173.9546552369406,135.0,stop,9,-0.10249999999999998,-1.2523661769816186,2025-04-07,0.0025
2025-03-24,control_naive_low,KEI,bear,-1.0435875544234685,2903.5620588825655,2627.665478564409,3455.355219518878,2627.665478564409,stop,8,-0.09752003908410861,-1.0,2025-04-04,0.0025
2025-04-01,momentum,BAJAJFINSV,bear,0.7126071194478911,1943.6936774439228,1859.177364460353,2112.7263034110624,1832.5426788155612,stop,4,-0.05968545052558488,-1.3151425411798259,2025-04-07,0.0025
2025-04-01,momentum,SARDAEN,bear,0.6941839537747466,523.8205711528203,485.36317010181676,600.7353732548274,485.36317010181676,stop,3,-0.075917126338446,-1.0,2025-04-04,0.0025
2025-04-01,momentum,JSWSTEEL,bear,0.6890096618357487,1049.2316835390477,1017.2035929254033,1113.2878647663365,1017.2035929254033,stop,3,-0.03302527970334829,-1.0,2025-04-04,0.0025
2025-04-01,momentum,SRF,bear,0.6852988538410534,2874.4417287867627,2749.332583921008,3124.6600185182724,2557.2480276820274,stop,4,-0.11284967170429144,-2.5353358577032226,2025-04-07,0.0025
2025-04-01,momentum,BAJFINANCE,bear,0.6583783271762812,862.3451669174347,825.9163154597218,935.2028698328604,823.821177532594,stop,4,-0.04717351457717295,-1.0575131480485966,2025-04-07,0.0025
2025-04-01,momentum,JKCEMENT,bear,0.6290636544472862,4856.837301672717,4673.948320303111,5222.615264411929,4673.948320303111,stop,4,-0.04015598269199133,-1.0,2025-04-07,0.0025
2025-04-01,momentum,MANAPPURAM,bear,0.618523254712513,229.34225309371985,217.33807999534966,253.35059929046022,217.33807999534966,stop,4,-0.054841742249583325,-1.0,2025-04-07,0.0025
2025-04-01,momentum,KOTAKBANK,bear,0.6119517855451359,426.96975936089984,415.20434809600187,450.5005818906958,402.5800042719004,stop,4,-0.059622909888294384,-2.0730048903403913,2025-04-07,0.0025
2025-04-01,momentum,GABRIEL,bear,0.6074950269963058,589.291229005337,548.3043835152237,671.2649199855636,548.3043835152237,stop,3,-0.0720527838744433,-1.0,2025-04-04,0.0025
2025-04-01,momentum,KIMS,bear,0.5923747276688452,626.0,573.9340029745987,730.1319940508026,528.0499877929688,stop,4,-0.1589696680623502,-1.8812664272854434,2025-04-07,0.0025
2025-04-01,reversal,RBLBANK,bear,0.5725845410628019,175.3964489215876,148.47911647415773,242.68978004016225,203.10369873046875,time,20,0.1554692746303427,1.0293460491671687,2025-05-05,0.0025
2025-04-01,control_naive_low,TATAELXSI,bear,-1.0054740376152818,4946.4848570107815,4672.287572927362,5494.879425177621,4652.97807095844,stop,4,-0.0618364367903293,-1.0704219300839142,2025-04-07,0.0025
2025-04-01,control_naive_low,SONACOMS,bear,-1.012519245244573,458.4289865089673,429.2998768110586,516.6872059047846,429.2998768110586,stop,3,-0.06604116025632006,-1.0,2025-04-04,0.0025
2025-04-01,control_naive_low,STARHEALTH,bear,-1.0142626269008086,348.6499938964844,324.45491917990756,397.040143329638,397.040143329638,target,11,0.13629291633523127,2.0,2025-04-21,0.0025
2025-04-01,control_naive_low,SUPREMEIND,bear,-1.0154678814828246,3281.2301774310044,3089.953022764492,3663.7844867640297,3066.9456000961354,stop,4,-0.06780617047495291,-1.1202831708181216,2025-04-07,0.0025
2025-04-01,control_naive_low,SONATSOFTW,bear,-1.0194472755804027,337.5168310059244,308.86544893300356,394.8195951517661,308.86544893300356,stop,3,-0.08738875054772582,-1.0,2025-04-04,0.0025
2025-04-01,control_naive_low,KAJARIACER,bear,-1.0208760363651586,840.2364407883288,802.0390820032279,916.6311583585305,802.0390820032279,stop,2,-0.04796025015204436,-1.0,2025-04-03,0.0025
2025-04-01,control_naive_low,ZYDUSLIFE,bear,-1.0261958373222135,859.6214074084069,832.9444848795749,912.9752524660707,938.0517046771481,target,2,0.08873818531368766,2.940005436683155,2025-04-03,0.0025
2025-04-01,control_naive_low,TCS,bear,-1.0271332307711873,3361.3570398330285,3266.0973428548855,3551.8764337893144,3266.0973428548855,stop,2,-0.03083965444589459,-1.0,2025-04-03,0.0025
2025-04-01,control_naive_low,CYIENT,bear,-1.0423205934694335,1205.784629830691,1135.7758786233053,1345.8021322454626,1135.7758786233053,stop,3,-0.06056074275239015,-1.0,2025-04-04,0.0025
2025-04-01,control_naive_low,LTM,bear,-1.0442556892483905,4334.526143512307,4093.1674528417234,4817.243524853473,4093.1674528417234,stop,3,-0.05818283191274237,-1.0,2025-04-04,0.0025
2025-04-01,control_naive_low,PFIZER,bear,-1.0442561547142488,3877.73540823453,3704.247937838994,4224.710349025602,3539.2105367694026,stop,4,-0.08979963131219731,-1.9512929129309495,2025-04-07,0.0025
2025-04-01,control_naive_low,PRESTIGE,bear,-1.04955468147503,1138.6543411673993,1055.8037513451563,1304.355520811885,1055.8037513451563,stop,4,-0.07526184424616583,-1.0,2025-04-07,0.0025
2025-04-08,momentum,MANAPPURAM,bear,0.7398503362697736,225.16303175850615,215.00913429577915,245.47082668396015,227.95904541015625,time,20,0.009917729632673069,0.2753635893915342,2025-05-12,0.0025
2025-04-08,momentum,MUTHOOTFIN,bear,0.7157667898077106,2260.5375768214326,2139.27668957001,2503.0593513242775,2139.27668957001,stop,1,-0.056142500126863115,-1.0,2025-04-09,0.0025
2025-04-08,momentum,BAJFINANCE,bear,0.7133986928104575,870.7414114073935,835.5113010504147,941.201632121351,950.2589188698975,target,9,0.08882160986116244,2.2570893663622096,2025-04-24,0.0025
2025-04-08,momentum,COROMANDEL,bear,0.7000710429099175,2045.579327094297,1923.6190980496888,2289.4997851835133,2289.4997851835133,target,14,0.11674272740656816,1.9999999999999982,2025-05-02,0.0025
2025-04-08,momentum,NH,bear,0.694018186984939,1667.3687955478692,1568.4711885434583,1865.164009556691,1772.786376953125,time,20,0.06072391404153471,1.065926513273006,2025-05-12,0.0025
2025-04-08,momentum,SBICARD,bear,0.6925120772946861,837.2667972507986,805.4658917065104,900.868608339375,900.868608339375,target,5,0.07346361314865896,2.0,2025-04-17,0.0025
2025-04-08,momentum,KOTAKBANK,bear,0.6878232452401252,409.61973646352453,396.2296567486359,436.39989589330185,436.39989589330185,target,5,0.06287809838213704,2.0,2025-04-17,0.0025
2025-04-08,momentum,JKCEMENT,bear,0.6861561049540589,4865.136623593414,4612.73777344557,5369.934323889101,5087.76953125,time,20,0.04326087474644197,0.8820678363874411,2025-05-12,0.0025
2025-04-08,momentum,BAJAJFINSV,bear,0.6667708629345459,1896.4570066120295,1820.835958127716,2047.6991035806568,2047.6991035806568,target,6,0.07724981580985973,2.0,2025-04-21,0.0025
2025-04-08,momentum,HDFCBANK,bear,0.6653973666761391,856.5632934570312,832.8858837064275,903.9181129582387,905.0938067366918,target,3,0.054157241385857924,2.0496546620106177,2025-04-15,0.0025
2025-04-08,momentum,ICICIBANK,bear,0.6637633797480346,1284.1320386492785,1241.1989887095683,1369.9981385286987,1369.9981385286987,target,5,0.06436703336966726,2.0,2025-04-17,0.0025
2025-04-08,momentum,INDIGO,bear,0.6488538410533295,5136.8191939775115,4918.108772512379,5574.240036907777,5574.240036907777,target,7,0.08265402750462852,2.0,2025-04-22,0.0025
2025-04-08,momentum,AAVAS,bear,0.6479444918063842,2061.050048828125,1953.2532945352086,2276.6435574139578,1953.2532945352086,stop,2,-0.05480186154586958,-1.0,2025-04-11,0.0025
2025-04-08,momentum,BHARTIARTL,bear,0.6283082315051625,1684.1970896124594,1618.590572401082,1815.4101240352143,1815.4101240352143,target,5,0.07540836074473173,2.0,2025-04-17,0.0025
2025-04-08,momentum,BSE,bear,0.6111916264090178,1822.8334684046936,1684.653761914218,2099.192881385645,2103.804677173456,target,7,0.15163981235195484,2.033375347979403,2025-04-22,0.0025
2025-04-08,momentum,EICHERMOT,bear,0.5864213318177514,5149.162202539388,4906.916689334569,5633.653228949026,5633.653228949026,target,6,0.0915912341372162,2.0,2025-04-21,0.0025
2025-04-08,reversal,DMART,bear,0.7457246376811596,4053.85009765625,3699.6208519664065,4939.423211880859,4023.5,time,20,-0.009986734073812174,-0.08567925439680939,2025-05-12,0.0025
2025-04-08,reversal,HINDPETRO,bear,0.7215217391304347,341.18307827996387,290.2825221419072,468.4344686251056,356.59130859375,time,20,0.04266117971461253,0.3027124157935458,2025-05-12,0.0025
2025-04-08,control_naive_low,SCHNEIDER,bear,-1.0173275651602909,588.0,543.0988878319367,677.8022243361265,540.0,stop,19,-0.08413265306122447,-1.069015836853611,2025-05-09,0.0025
2025-04-08,control_naive_low,BOSCHLTD,bear,-1.02294230992648,25974.216186111687,24931.206211103326,28060.23613612841,28060.23613612841,target,12,0.0778111799435976,2.0,2025-04-29,0.0025
2025-04-08,control_naive_low,DEEPAKNTR,bear,-1.0259258876021615,1811.9416000582473,1707.892194015942,2020.0404121428578,2020.0404121428578,target,7,0.11234852054719696,2.0,2025-04-22,0.0025
2025-04-08,control_naive_low,TATATECH,bear,-1.0315743710410759,597.1172144219,560.6520900414871,670.0474631827259,670.0474631827259,target,7,0.11963724039330098,2.0,2025-04-22,0.0025
2025-04-08,control_naive_low,DLF,bear,-1.0338488944130537,607.8662961035299,572.4976748136849,678.6035386832199,678.6035386832199,target,7,0.11386973958438101,2.0,2025-04-22,0.0025
2025-04-08,control_naive_low,LTTS,bear,-1.034329309242124,3962.291235455841,3743.288021238324,4400.297663890876,4400.297663890876,target,8,0.1080437239230711,2.0,2025-04-23,0.0025
2025-04-08,control_naive_low,TATAELXSI,bear,-1.0360424825125205,4718.061172762084,4451.857650837891,5250.468216610471,5250.468216610471,target,7,0.11034445545598998,2.0,2025-04-22,0.0025
2025-04-08,control_naive_low,SUPREMEIND,bear,-1.0365267214641756,3146.3177462205886,2964.3873530209876,3510.1785326197905,3510.1785326197905,target,7,0.11314654804374985,2.0,2025-04-22,0.0025
2025-04-08,control_naive_low,PRESTIGE,bear,-1.0372118616065282,1091.468054411997,1002.9299288871105,1268.54430546177,1268.54430546177,target,6,0.15973676939877895,2.0,2025-04-21,0.0025
2025-04-08,control_naive_low,KAJARIACER,bear,-1.0391458880235012,780.0285393144296,740.7469216956821,858.5917745519247,867.1715381382908,target,20,0.10921770573990991,2.2184167584348997,2025-05-12,0.0025
2025-04-08,control_naive_low,GODREJPROP,bear,-1.0392368621498869,1984.9055873720422,1831.5581319451157,2291.600498225895,2291.600498225895,target,15,0.15201360145542647,2.0,2025-05-05,0.0025
2025-04-08,control_naive_low,ELGIEQUIP,bear,-1.039547412274966,413.4642405852836,378.3699101031033,483.6529015496443,459.514892578125,time,20,0.10887759320528873,1.312196339412267,2025-05-12,0.0025
2025-04-08,control_naive_low,HINDALCO,bear,-1.0400769211192413,560.691783661538,528.0983794693269,625.8785920459602,625.8785920459602,target,10,0.11376139402066271,2.0,2025-04-25,0.0025
2025-04-08,control_naive_low,INDIAMART,bear,-1.0450765425011237,1890.5724558502984,1786.6886827160886,2098.340002118718,2098.340002118718,target,4,0.10739663243293934,2.0,2025-04-16,0.0025
2025-04-08,control_naive_low,TIMKEN,bear,-1.0464351527184828,2293.5893460214484,2112.7137396567286,2655.340558750888,2655.340558750888,target,8,0.15522274725505997,2.0,2025-04-23,0.0025
2025-04-08,control_naive_low,HINDCOPPER,bear,-1.0474376584762706,188.00934701886393,173.85555286238565,216.3169353318205,216.3169353318205,target,6,0.1480647924521345,2.0,2025-04-21,0.0025
2025-04-17,momentum,CHAMBLFERT,bear,0.8418709408898295,654.7192984602642,620.3530328368413,723.45182970711,620.3530328368413,stop,18,-0.05499007582981558,-1.0,2025-05-15,0.0025
2025-04-17,momentum,SBICARD,bear,0.750642081439714,903.136023852398,866.7695894238154,975.8688927095632,866.7695894238154,stop,5,-0.04276684072844167,-1.0,2025-04-25,0.0025
2025-04-17,momentum,ICICIBANK,bear,0.7204737195848671,1413.0915548092914,1343.3351581045722,1552.60434821873,1425.8841552734375,time,20,0.006552916932811516,0.18338963978167472,2025-05-19,0.0025
2025-04-17,momentum,SUNDARMFIN,bear,0.7185158908191512,5186.618727157638,4891.227131738696,5777.401917995523,4891.227131738696,stop,13,-0.05945263348976154,-1.0,2025-05-08,0.0025
2025-04-17,momentum,SBFC,bear,0.7181003857740451,99.19999694824219,91.94737956719047,113.70523171034563,106.05000305175781,time,20,0.06655248300652289,0.9444874510286503,2025-05-19,0.0025
2025-04-17,momentum,HDFCBANK,bear,0.7141389913403428,933.7267676045618,897.9971986970639,1005.1859054195576,940.8607177734375,time,20,0.005140297372193405,0.19966516213350172,2025-05-19,0.0025
2025-04-17,momentum,RADICO,bear,0.6571184995737425,2451.2984204140203,2329.2596654735553,2695.37593029495,2579.328125,time,20,0.04972934242512811,1.0490905503619516,2025-05-19,0.0025
2025-04-17,momentum,KOTAKBANK,bear,0.6505636070853463,437.73872860261855,421.4229557574407,470.3702742929742,419.8103531564253,stop,10,-0.04345679517191797,-1.0988370343420173,2025-05-05,0.0025
2025-04-17,momentum,AAVAS,bear,0.6462063086104008,2024.300048828125,1901.9696248025643,2268.9608968792463,1901.9696248025643,stop,9,-0.06293097420087418,-1.0,2025-05-02,0.0025
2025-04-17,momentum,CHOLAFIN,bear,0.6456789964610947,1606.7430797479294,1497.0125878102479,1826.2040636232925,1497.0125878102479,stop,6,-0.07079373863237454,-1.0,2025-04-28,0.0025
2025-04-17,momentum,GABRIEL,bear,0.6364544851757129,559.7273379852745,512.7455055800597,653.6910027957042,627.2026977539062,time,20,0.11805040943954553,1.4362011082637587,2025-05-19,0.0025
2025-04-17,momentum,UPL,bear,0.6348773325755424,644.0645108793809,614.1708726384072,703.8517873613283,633.51416015625,time,20,-0.018880891269301422,-0.352929631317679,2025-05-19,0.0025
2025-04-17,reversal,APTUS,bear,0.5327294685990338,317.41235346504595,268.7644549026932,439.0320998709278,324.6260986328125,time,20,0.020226730982639333,0.14828482588041458,2025-05-19,0.0025
2025-04-17,control_naive_low,TIINDIA,bear,-1.0368494029640873,2505.228660242924,2348.486629133544,2818.7127224616843,2818.7127224616843,target,8,0.12263191597782636,2.0,2025-04-30,0.0025
2025-04-17,control_naive_low,ZYDUSLIFE,bear,-1.0459747798810834,822.1842848269199,771.0834419676078,924.3859705455442,900.1207275390625,time,20,0.09229193916793149,1.5251498478550083,2025-05-19,0.0025
2025-04-25,momentum,SBICARD,bear,0.762221354921344,863.0264907706279,824.1441090316737,940.7912542485363,903.3353271484375,time,20,0.04420637206259598,1.0366864007568313,2025-05-26,0.0025
2025-04-25,momentum,ERIS,bear,0.7364718433778807,1460.3633341343727,1352.7658483327464,1675.5583057376255,1352.7658483327464,stop,17,-0.07617857250771404,-1.0,2025-05-21,0.0025
2025-04-25,momentum,SHREECEM,bear,0.6795964762716681,30315.553132709705,29192.163572177156,32562.332253774803,29192.163572177156,stop,4,-0.03955654175646367,-1.0,2025-05-02,0.0025
2025-04-25,momentum,NAVINFLUOR,bear,0.6747797669792555,4454.349579761973,4195.457870563802,4972.132998158313,4195.457870563802,stop,15,-0.06062110265759718,-1.0,2025-05-19,0.0025
2025-04-25,momentum,RAMCOCEM,bear,0.6675428625556504,970.6217158676809,922.0977380028912,1067.6696715972603,915.9156714098722,stop,7,-0.05886185917075287,-1.1274023042843921,2025-05-07,0.0025
2025-04-25,momentum,BAJAJFINSV,bear,0.652358624609264,2037.2682382175078,1956.4366205094354,2198.931473633653,1956.4366205094354,stop,3,-0.042176472735271864,-1.0,2025-04-30,0.0025
2025-04-25,momentum,DEEPAKFERT,bear,0.6500331533579615,1276.9827478895484,1205.383011907714,1420.182219853217,1189.707279070316,stop,7,-0.07084506493018122,-1.2189356234689914,2025-05-07,0.0025
2025-04-25,momentum,SHRIRAMFIN,bear,0.6381500426257459,612.6984735030825,604.7798675154527,628.5356854783421,604.7798675154527,stop,1,-0.015424148386326829,-1.0,2025-04-28,0.0025
2025-04-25,momentum,BAJFINANCE,bear,0.6364450127877237,896.918026756798,862.7940061450647,965.1660679802645,862.7940061450647,stop,3,-0.040545863271500615,-1.0,2025-04-30,0.0025
2025-04-25,momentum,BAJAJHLDNG,bear,0.6281093113573932,11877.485954779955,11257.141111227545,13118.175641884774,11257.141111227545,stop,8,-0.054728632045046466,-1.0,2025-05-08,0.0025
2025-04-25,momentum,INDIGO,bear,0.6270768210665909,5245.136034552869,5062.956980507778,5609.494142643051,4963.612156317389,stop,9,-0.05617332255653856,-1.5453141949337383,2025-05-09,0.0025
2025-04-25,momentum,SRF,bear,0.6182059297148811,2935.134479701349,2810.9431356850455,3183.517167733956,2876.829833984375,time,20,-0.022364386494109264,-0.46947431142479534,2025-05-26,0.0025
2025-04-25,reversal,FORCEMOT,bear,0.7790821256038647,9228.314608165876,7819.170430975352,12751.175051142185,10529.232421875,time,20,0.13847024960093773,0.9231970970513637,2025-05-26,0.0025
2025-04-25,reversal,AXISBANK,bear,0.6978019323671498,1164.4060709863415,1014.7741797385231,1538.4857991058875,1213.2266845703125,time,20,0.039427481142911114,0.32627144639316813,2025-05-26,0.0025
2025-04-25,control_naive_low,SYNGENE,bear,-1.0387667274614725,627.1054745742055,584.9901436230922,711.336136476432,647.0602416992188,time,20,0.029320432023117463,0.4738124258877707,2025-05-26,0.0025
2025-05-05,momentum,ASTERDM,neutral,0.7201438477942709,529.295510255758,496.4448309049337,594.9968689574066,594.9968689574066,target,8,0.12162982432044694,2.0,2025-05-15,0.0025
2025-05-05,momentum,CARTRADE,neutral,0.7122668579626973,1820.0999755859375,1669.8846889772772,2120.530548803258,1669.8846889772772,stop,2,-0.08503133818119096,-1.0,2025-05-07,0.0025
2025-05-05,momentum,COROMANDEL,neutral,0.7059301769488283,2219.7080875763036,2077.090394672812,2504.9434733832863,2263.62451171875,time,20,0.017284774578353927,0.30793110762326265,2025-06-02,0.0025
2025-05-05,momentum,ANURAS,neutral,0.6788617886178862,875.0289083575965,823.5133050785453,978.0601149156989,978.4614351649292,target,15,0.11570469680421475,2.0077902659327576,2025-05-26,0.0025
2025-05-05,momentum,DOMS,neutral,0.6626972740315638,2767.043906442459,2574.2936403325034,3152.5444386623703,2574.2936403325034,stop,11,-0.0721592727210359,-1.0,2025-05-20,0.0025
2025-05-05,momentum,JUBLFOOD,neutral,0.6465327594452416,721.6857728046772,686.3095302773885,792.4382578592546,686.3095302773885,stop,3,-0.05151889972114393,-1.0,2025-05-08,0.0025
2025-05-05,momentum,CHOLAHLDNG,neutral,0.6213534194165471,1852.4599187574956,1716.2632216955465,2124.8533128813942,1716.2632216955465,stop,4,-0.07602207498950947,-1.0,2025-05-09,0.0025
2025-05-05,reversal,GLAXO,neutral,0.8148780487804878,2783.1439365779647,2480.8592533562833,3538.855644632168,3189.899658203125,time,20,0.14364972523673697,1.3456048030288874,2025-06-02,0.0025
2025-05-05,reversal,JYOTICNC,neutral,0.7747560975609755,1176.5999755859375,925.2495267025745,1804.9760977943452,1312.9000244140625,time,20,0.11334230125472228,0.54227095847111,2025-06-02,0.0025
2025-05-05,reversal,GMRAIRPORT,neutral,0.7149390243902439,88.08000183105469,82.56563052443285,101.8659300976093,82.19999694824219,stop,4,-0.0692575472363281,-1.0663055778909185,2025-05-09,0.0025
2025-05-05,reversal,LODHA,neutral,0.5158536585365854,1316.1228022781188,1058.2767613499957,1960.7379045984267,1424.185791015625,time,20,0.07960707127819416,0.419098886872689,2025-06-02,0.0025
2025-05-05,control_naive_low,RKFORGE,neutral,-1.0238297382831056,602.722414929035,546.1569593384461,715.853326110213,603.2706298828125,time,20,-0.001590435430641799,0.00969169165268191,2025-06-02,0.0025
2025-05-05,control_naive_low,AIAENG,neutral,-1.0477008603922902,3156.5637091741537,3008.3309897599497,3453.0291480025617,3453.0291480025617,target,18,0.09142030896343661,2.0,2025-05-29,0.0025
2025-05-12,momentum,MANAPPURAM,neutral,0.7074605451936872,227.68241259441513,220.07366824555547,242.89990129213444,242.89990129213444,target,19,0.06433646981915636,2.0,2025-06-06,0.0025
2025-05-12,momentum,BHARTIHEXA,neutral,0.6750764565844917,1728.3568673489265,1626.234420505778,1932.6017610352235,1626.234420505778,stop,4,-0.06158643566174554,-1.0,2025-05-16,0.0025
2025-05-12,momentum,REDINGTON,neutral,0.6661406025824965,249.92686197286216,232.54226113396865,284.6960636506492,287.1718244888319,target,6,0.1465234471875771,2.1424111408208946,2025-05-20,0.0025
2025-05-12,momentum,SOLARINDS,neutral,0.6555475848876137,13285.193472320574,12634.632300132176,14586.31581669737,14586.31581669737,target,8,0.0954377791590057,2.0,2025-05-22,0.0025
2025-05-12,momentum,APLAPOLLO,neutral,0.6549190406913885,1712.4035620812567,1622.344966086179,1892.520754071412,1892.520754071412,target,18,0.1026838456650025,2.0,2025-06-05,0.0025
2025-05-12,momentum,JKCEMENT,neutral,0.6548302247728359,5119.574812346814,4867.043715577925,5624.637005884592,5624.637005884592,target,18,0.09615315227345173,2.0,2025-06-05,0.0025
2025-05-12,momentum,NH,neutral,0.6546389287422286,1781.8449258645628,1677.9174845529342,1989.69980848782,1783.3380126953125,time,20,-0.0016620556822444766,0.014366627446091327,2025-06-09,0.0025
2025-05-12,momentum,RAMCOCEM,neutral,0.6414634146341462,955.7381341275942,909.6450574105867,1047.9242875616092,1034.5367431640625,time,20,0.07994790724856488,1.7095541163428778,2025-06-09,0.0025
2025-05-12,momentum,MAZDOCK,neutral,0.6267336202773793,2892.4448101921453,2631.073051855618,3415.1883268652,3415.1883268652,target,4,0.17822722246283024,2.0,2025-05-16,0.0025
2025-05-12,momentum,MFSL,neutral,0.6146580583452893,1293.0,1245.2158362544933,1388.5683274910134,1388.5683274910134,target,5,0.07141208622661516,2.0,2025-05-19,0.0025
2025-05-12,momentum,LLOYDSME,neutral,0.6136776661884266,1264.79840126429,1173.4361536909432,1447.5228964109838,1447.5228964109838,target,16,0.14196926479670008,2.0,2025-06-03,0.0025
2025-05-12,momentum,DEEPAKFERT,neutral,0.6127450980392156,1283.9845554770209,1198.6919749844042,1454.5697164622543,1454.5697164622543,target,13,0.13035608480069166,2.0,2025-05-29,0.0025
2025-05-12,reversal,GMRAIRPORT,neutral,0.662560975609756,88.05999755859375,79.03028740686814,110.63427293790778,86.37000274658203,time,20,-0.02169140198575664,-0.1871593643223149,2025-06-09,0.0025
2025-05-12,reversal,SYRMA,neutral,0.6289024390243904,543.4371621248971,430.96015983869614,824.6296678403995,545.9299926757812,time,20,0.0020871551020488787,0.022163024442463996,2025-06-09,0.0025
2025-05-12,reversal,ANGELONE,neutral,0.6230487804878049,241.19624983170002,213.78169521910363,309.732636363191,309.732636363191,target,15,0.2816519575006399,2.4999999999999996,2025-06-02,0.0025
2025-05-12,reversal,SAIL,neutral,0.4610975609756098,116.77640348776738,102.68600268772141,152.0024054878823,132.17343139648438,time,20,0.12935050617122207,1.0927317204963225,2025-06-09,0.0025
2025-05-12,control_naive_low,ACC,neutral,-1.0451798339710159,1844.241350238705,1766.1564918699544,2000.4110669762065,1887.0201416015625,time,20,0.02069587474671936,0.5478500218421007,2025-06-09,0.0025
2025-05-19,momentum,MFSL,neutral,0.7456734498776411,1396.5999755859375,1339.4379848480182,1510.923957061776,1510.923957061776,target,9,0.07935878810994129,2.0,2025-05-30,0.0025
2025-05-19,momentum,GODFRYPHLP,neutral,0.7205533689726854,2760.8915012311927,2543.6166258760795,3195.441251941419,2692.982177734375,time,20,-0.027096882371702876,-0.3125502816919213,2025-06-16,0.0025
2025-05-19,momentum,SHYAMMETL,neutral,0.7027752864612128,907.182316089688,850.2289081420225,1021.089131985019,850.2289081420225,stop,6,-0.06528055351999923,-1.0,2025-05-27,0.0025
2025-05-19,momentum,DALBHARAT,neutral,0.6911005715271857,2059.9972781618862,1971.006244320866,2237.9793458439267,2080.547607421875,time,20,0.0074759011712508,0.23092584019982615,2025-06-16,0.0025
2025-05-19,momentum,HDFCLIFE,neutral,0.6875396548333468,743.8354623521227,722.0101255359283,787.4861359845115,765.6969604492188,time,20,0.026890233732560446,1.001656848698656,2025-06-16,0.0025
2025-05-19,momentum,INDIANB,neutral,0.6821013573349799,589.0688121794093,557.2329389940254,652.7405585501771,619.5029296875,time,20,0.04916479175071581,0.9559693032721107,2025-06-16,0.0025
2025-05-19,momentum,SBFC,neutral,0.6668730650154798,106.58999633789062,98.77007068988695,122.22984763389798,108.55999755859375,time,20,0.015982046049220325,0.2519207099118699,2025-06-16,0.0025
2025-05-19,momentum,BAJAJFINSV,neutral,0.6452716014635519,2044.2587078518468,1953.623683010798,2225.5287575339444,1953.623683010798,stop,12,-0.04683637704118676,-1.0,2025-06-04,0.0025
2025-05-19,momentum,PNBHOUSING,neutral,0.6448025143071583,1045.4718821026988,985.4460308150694,1165.5235846779576,1049.51953125,time,20,0.0013716001994816284,0.06743176582212577,2025-06-16,0.0025
2025-05-19,momentum,GABRIEL,neutral,0.6393611032929919,635.6992268163018,586.2317112506405,734.6342579476244,605.3900146484375,time,20,-0.050178541815534994,-0.6127094078058762,2025-06-16,0.0025
2025-05-19,momentum,CHOLAHLDNG,neutral,0.636687306501548,1887.2086051221272,1761.296883203637,2139.0320489591077,1992.9522705078125,time,20,0.05353178424403299,0.8398238366888441,2025-06-16,0.0025
2025-05-19,momentum,HOMEFIRST,neutral,0.6354911342527443,1203.2355611816422,1119.2584907757664,1371.1897019933938,1271.856201171875,time,20,0.05453009635357148,0.8171354354060854,2025-06-16,0.0025
2025-05-19,momentum,GODREJIND,neutral,0.6271085467679894,1159.0,1088.1258221435057,1300.7483557129885,1300.7483557129885,target,14,0.11980229138307891,2.0,2025-06-06,0.0025
2025-05-19,reversal,CCL,neutral,0.6327272727272728,761.3529804766121,558.5293498366063,1268.4120570766263,801.002685546875,time,20,0.0495779534420972,0.19548858752379655,2025-06-16,0.0025
2025-05-19,reversal,SOBHA,neutral,0.4580143540669857,1366.6884450315276,1164.4555613297173,1872.2706542860535,1576.11474609375,time,20,0.1507363149945204,1.0355699687841993,2025-06-16,0.0025
2025-05-19,reversal,COALINDIA,neutral,0.3912200956937799,369.19657832970813,332.88504269059115,459.9754174275006,359.0448303222656,time,20,-0.02999686373955651,-0.2795736349003767,2025-06-16,0.0025
2025-05-26,momentum,POWERINDIA,neutral,0.7565201122428619,16421.31634213169,15223.531173361534,18816.886679672,18816.886679672,target,3,0.14338174830991263,2.0,2025-05-29,0.0025
2025-05-26,momentum,ANURAS,neutral,0.7226556676076661,994.3510488990939,936.5592650461044,1109.934616605073,1109.934616605073,target,12,0.1137402029282803,2.0,2025-06-11,0.0025
2025-05-26,momentum,SBILIFE,neutral,0.6980319384948575,1799.0990396865345,1743.9728084476003,1909.351502164403,1717.6123402295552,stop,14,-0.04779305928103722,-1.478183754368961,2025-06-13,0.0025
2025-05-26,momentum,ICICIBANK,neutral,0.6731427285015487,1429.3282240162364,1401.2968235066523,1485.3910250354045,1401.2968235066523,stop,11,-0.02211159098280396,-1.0,2025-06-10,0.0025
2025-05-26,momentum,EIDPARRY,neutral,0.6627436752763258,987.0999755859375,943.4040223146326,1074.4918821285473,943.4040223146326,stop,5,-0.04676699863442629,-1.0,2025-06-02,0.0025
2025-05-26,momentum,CEATLTD,neutral,0.6530406365444729,3687.223070949023,3470.6600658286693,4120.349081189731,3470.6600658286693,stop,18,-0.061233361381527296,-1.0,2025-06-19,0.0025
2025-05-26,momentum,FORCEMOT,neutral,0.6483754854598844,10596.39334513955,9772.303165286672,12244.573704845305,12244.573704845305,target,3,0.15304163629285789,2.0,2025-05-29,0.0025
2025-05-26,momentum,INDIGO,neutral,0.6470446149474283,5261.109032968794,5149.453826221128,5484.419446464126,5484.419446464126,target,8,0.039945501907669045,2.0,2025-06-05,0.0025
2025-05-26,momentum,SUNDARMFIN,neutral,0.6450412048877522,5315.024730821123,5011.006619393317,5923.060953676734,5011.006619393317,stop,2,-0.05969975481296358,-1.0,2025-05-28,0.0025
2025-05-26,momentum,BHARTIHEXA,neutral,0.6283034953111679,1660.4818283037932,1575.3866481975406,1830.6721885162985,1830.6721885162985,target,5,0.09999456351254227,2.0,2025-06-02,0.0025
2025-05-26,momentum,CUB,neutral,0.6181633039689305,144.34256253641584,138.30016663607995,156.42735433708762,138.30016663607995,stop,20,-0.044361498051286585,-1.0,2025-06-23,0.0025
2025-05-26,reversal,DATAPATTNS,neutral,0.8072705314009663,2817.38680063252,2024.4969380799919,4799.611457013841,3008.097900390625,time,20,0.06519077633049503,0.2405265961455907,2025-06-23,0.0025
2025-05-26,reversal,BHEL,neutral,0.7427777777777779,260.59999371130596,206.41527255973872,396.06179659022405,252.4534454345703,time,20,-0.033760738577608806,-0.150347701411028,2025-06-23,0.0025
2025-05-26,reversal,SCHAEFFLER,neutral,0.695,3976.2834344773914,3406.1998804457858,5401.492319556406,3868.371337890625,time,20,-0.029638934727611862,-0.1892917201761336,2025-06-23,0.0025
2025-05-26,reversal,CRAFTSMAN,neutral,0.6689130434782609,5483.680810655236,4296.467865428445,8451.713173722213,5260.14208984375,time,20,-0.04326435673957035,-0.18828864839305137,2025-06-23,0.0025
2025-05-26,reversal,RITES,neutral,0.6462560386473429,266.9717376882212,198.3198022402607,438.6015763081224,265.23779296875,time,20,-0.008994862469285657,-0.025257040579512297,2025-06-23,0.0025
2025-05-26,control_naive_low,ABFRL,neutral,-1.00638054606995,87.80000305175781,56.38835444715113,150.62330026097118,74.66999816894531,time,20,-0.15204446954941914,-0.41799795509258675,2025-06-23,0.0025
2025-06-02,momentum,AUBANK,neutral,0.7942838568587848,723.404479140818,690.6701344231528,788.8731685761484,788.8731685761484,target,12,0.08800080739489896,2.0,2025-06-18,0.0025
2025-06-02,momentum,BHARTIHEXA,neutral,0.7545722320726582,1812.0695821312354,1724.1320130248678,1987.9447203439706,1724.1320130248678,stop,9,-0.05102880373552837,-1.0,2025-06-13,0.0025
2025-06-02,momentum,MAZDOCK,neutral,0.7438822732405603,3367.921725831208,3103.6986765701777,3896.367824353268,3103.6986765701777,stop,9,-0.08095284741462322,-1.0,2025-06-13,0.0025
2025-06-02,momentum,MCX,neutral,0.7082509528086195,1341.4771132854219,1270.853118075702,1482.7251037048616,1482.7251037048616,target,4,0.10279288127287395,2.0,2025-06-06,0.0025
2025-06-02,momentum,CHOICEIN,neutral,0.7078056998455707,704.7000122070312,678.7996876786879,756.500661263718,701.0,time,20,-0.007750478420517291,-0.14285582418020407,2025-06-30,0.0025
2025-06-02,momentum,DEEPAKFERT,neutral,0.6470595853371597,1462.480022468991,1374.3071478144325,1638.8257717781078,1638.8257717781078,target,20,0.11807993722977911,2.0,2025-06-30,0.0025
2025-06-02,momentum,PAYTM,neutral,0.6400735015730405,927.1500244140625,877.1403514781165,1027.1693702859545,877.1403514781165,stop,8,-0.05643913780841564,-1.0,2025-06-12,0.0025
2025-06-02,reversal,POONAWALLA,neutral,0.7395226730310263,409.0,373.5914873974681,497.5212815063298,466.04998779296875,time,20,0.136986522721195,1.6111941338334936,2025-06-30,0.0025
2025-06-02,reversal,ANGELONE,neutral,0.7256801909307876,310.84945821319525,232.8002493898504,505.9724802715574,286.7447509765625,time,20,-0.08004463326135375,-0.30883986654100365,2025-06-30,0.0025
2025-06-02,reversal,NETWEB,neutral,0.7059546539379474,1956.9076121295036,1638.1730135610924,2753.7441085505316,1841.81884765625,time,20,-0.061311547239071895,-0.36108023725749266,2025-06-30,0.0025
2025-06-02,reversal,KIRLOSENG,neutral,0.6587231503579952,879.0290927662581,675.569238734066,1387.6787278467386,844.068359375,time,20,-0.0422719867055123,-0.17183111409156188,2025-06-30,0.0025
2025-06-02,reversal,LODHA,neutral,0.5692362768496421,1449.1157004820116,1216.6485024228257,2030.2836956299761,1374.8223876953125,time,20,-0.05376803385125656,-0.31958621864485187,2025-06-30,0.0025
2025-06-02,control_naive_low,CGCL,neutral,-1.006755313999486,152.67479953785565,142.8985006068542,172.22739739985852,172.22739739985852,target,5,0.12556696272854645,2.0,2025-06-09,0.0025
2025-06-02,control_naive_low,BLUESTARCO,neutral,-1.0466676696207633,1542.984559750303,1445.5162526843765,1737.9211738821564,1619.836669921875,time,20,0.047307439540424656,0.7884830719342427,2025-06-30,0.0025
2025-06-09,momentum,ABCAPITAL,bull,0.7228084813586537,241.75,230.3531391514896,264.5437216970208,264.5437216970208,target,10,0.09178633587185442,2.0,2025-06-23,0.0025
2025-06-09,momentum,APLAPOLLO,bull,0.7138769871352009,1874.1141650568381,1807.8040964399568,2006.734302290601,1801.7465097545157,stop,4,-0.041114325984846156,-1.0913524418205607,2025-06-13,0.0025
2025-06-09,momentum,POONAWALLA,bull,0.7115281903011671,432.0,414.19260880649506,467.6147823870099,409.20001220703125,stop,4,-0.05527774952076098,-1.2803665368616604,2025-06-13,0.0025
2025-06-09,momentum,BEL,bull,0.6898933445112011,393.3713288961767,376.6519421873631,426.8101023138039,376.6519421873631,stop,4,-0.04500280963721787,-1.0,2025-06-13,0.0025
2025-06-09,momentum,LODHA,bull,0.6669950659246092,1504.736237371101,1430.2304133683028,1653.7478853766972,1423.4904383124638,stop,4,-0.056493382388783486,-1.09046239198141,2025-06-13,0.0025
2025-06-09,momentum,IEX,bull,0.6576657460588166,205.14943867305112,194.64982843867364,226.1486591418061,194.64982843867364,stop,2,-0.0536803020388022,-1.0,2025-06-11,0.0025
2025-06-09,momentum,JKCEMENT,bull,0.6515369745478363,5746.228191416751,5483.357956059328,6271.968662131596,6271.968662131596,target,14,0.08899314179693624,2.0,2025-06-27,0.0025
2025-06-09,momentum,ELECON,bull,0.6499557542732057,689.6427401264566,642.813461486048,783.3012974072738,642.813461486048,stop,4,-0.07040367811574683,-1.0,2025-06-13,0.0025
2025-06-09,momentum,MFSL,bull,0.6447347585114805,1521.0,1473.3010362170971,1616.3979275658057,1616.3979275658057,target,10,0.06022053094398799,2.0,2025-06-23,0.0025
2025-06-09,momentum,HAL,bull,0.6422709701457779,4971.616930992749,4744.363378717958,5426.1240355423315,4744.363378717958,stop,12,-0.048210189547812254,-1.0,2025-06-25,0.0025
2025-06-09,momentum,REDINGTON,bull,0.6379535186996413,275.1492526915665,257.7414230278906,309.9649120189183,309.9649120189183,target,14,0.1240337230131569,2.0,2025-06-27,0.0025
2025-06-09,momentum,INDIGO,bull,0.6330476776114072,5695.3753717704885,5476.451918447181,6133.222278417104,5476.451918447181,stop,3,-0.04093881026848839,-1.0,2025-06-12,0.0025
2025-06-09,momentum,LLOYDSME,bull,0.6325507056401364,1499.203999614022,1407.2776574532027,1683.0566839356607,1527.786865234375,time,20,0.016565361103433488,0.31093226324995166,2025-07-07,0.0025
2025-06-09,reversal,HBLENGINE,bull,0.8177434679334916,602.2474882655737,528.984716271478,785.404418250813,633.536376953125,time,20,0.049453539528510004,0.42707759802035483,2025-07-07,0.0025
2025-06-09,reversal,DELHIVERY,bull,0.8136579572446556,373.0,335.1614967771926,467.5962580570185,396.1000061035156,time,20,0.0594303112694789,0.6104894257443025,2025-07-07,0.0025
2025-06-09,reversal,JBMA,bull,0.7444655581947744,737.2432717414391,687.4142698979006,861.8157763502854,687.4142698979006,stop,4,-0.0700882761545421,-1.0,2025-06-13,0.0025
2025-06-09,reversal,MMTC,bull,0.7021971496437056,73.79000091552734,58.17881470289892,112.8179664470984,69.66000366210938,time,20,-0.058469605667112956,-0.26455371149676454,2025-07-07,0.0025
2025-06-09,reversal,INDIAMART,bull,0.6106769596199525,2423.9996784293066,2154.0241307989754,3098.938547505135,2467.1533203125,time,20,0.015302659904293305,0.1598427793256382,2025-07-07,0.0025
2025-06-09,reversal,SYRMA,bull,0.6090736342042755,546.4285557988607,507.59747304695054,643.506262678636,507.59747304695054,stop,8,-0.07356342144791522,-1.0,2025-06-19,0.0025
2025-06-09,reversal,LINDEINDIA,bull,0.5975771971496437,7497.317731264561,6756.5312766832785,9349.283867717768,6756.5312766832785,stop,8,-0.10130686415251272,-1.0,2025-06-19,0.0025
2025-06-09,reversal,GODREJPROP,bull,0.5573396674584323,2470.0605756792233,2091.0639153160337,3417.5522265871978,2287.940673828125,time,20,-0.07623094556639304,-0.4805316798215958,2025-07-07,0.0025
2025-06-09,reversal,RVNL,bull,0.5520190023752969,429.1039912202706,382.06882021087443,546.691918743761,382.06882021087443,stop,8,-0.11211252277248512,-1.0,2025-06-19,0.0025
2025-06-09,reversal,BOSCHLTD,bull,0.5419714964370547,31061.24221164705,30095.6679411309,33475.177887937425,33475.177887937425,target,18,0.07521536179532501,2.4999999999999982,2025-07-03,0.0025
2025-06-09,reversal,AIAENG,bull,0.47967933491686465,3493.527979498742,3128.056054246551,4407.207792629219,3323.063720703125,time,20,-0.05129430186217526,-0.4664223077545269,2025-07-07,0.0025
2025-06-09,reversal,IRCTC,bull,0.29862232779097386,780.9637226955635,730.3561808455177,907.4825773206783,773.3715209960938,time,20,-0.012221580502183414,-0.15002115143165984,2025-07-07,0.0025
2025-06-16,momentum,BEL,bull,0.7956247201546579,402.59795623517454,386.6743735591342,434.4451215872552,404.08612060546875,time,20,0.0011964031914381578,0.09345662974032877,2025-07-14,0.0025
2025-06-16,momentum,BDL,bull,0.7231784360522252,1883.4309668134292,1754.9371575637924,2140.418585312703,1816.8946533203125,time,20,-0.03782718462502993,-0.5178172698098666,2025-07-14,0.0025
2025-06-16,momentum,NH,bull,0.7101194971076306,1931.061955426851,1838.0719030451216,2117.0420601903097,2117.0420601903097,target,8,0.09380975549013332,2.0,2025-06-26,0.0025
2025-06-16,momentum,PARADEEP,bull,0.6980251766577753,169.5527429515383,158.37378723820257,191.91065437820978,158.37378723820257,stop,8,-0.06843202515473851,-1.0,2025-06-26,0.0025
2025-06-16,momentum,SBFC,bull,0.6822687070054753,108.0,102.61856875033479,118.76286249933042,102.61856875033479,stop,4,-0.052328067126529765,-1.0,2025-06-20,0.0025
2025-06-16,momentum,BSE,bull,0.6702185408769713,2711.855556233622,2532.6922470397026,3070.1821746214605,2518.3653587885387,stop,2,-0.07384974316766829,-1.079965525952956,2025-06-18,0.0025
2025-06-16,momentum,NBCC,bull,0.6671814310449719,121.16882150923195,114.17729259528495,135.15187933712593,114.17729259528495,stop,3,-0.06020072554030992,-1.0,2025-06-19,0.0025
2025-06-16,momentum,KARURVYSYA,bull,0.6619165364021361,204.67247730918797,194.057694402692,225.90204312217992,225.90204312217992,target,11,0.10122457543923485,2.0,2025-07-01,0.0025
2025-06-16,momentum,HOMEFIRST,bull,0.6582151715101315,1271.8562664329975,1197.2618599148439,1421.0450794693047,1421.0450794693047,target,9,0.11480005738362004,2.0,2025-06-27,0.0025
2025-06-16,momentum,PNBHOUSING,bull,0.6441293462492395,1050.4080788188674,1002.9857478036655,1145.252740849271,1074.2001953125,time,20,0.020150355584075134,0.5017070224997117,2025-07-14,0.0025
2025-06-16,momentum,POWERINDIA,bull,0.6392718423885067,17665.658065126783,16364.935664547995,20267.10286628436,20267.10286628436,target,10,0.14475999968792602,2.0,2025-06-30,0.0025
2025-06-16,momentum,APLAPOLLO,bull,0.6362066544995086,1847.4106426215542,1775.5709805470156,1991.0899667706315,1775.5709805470156,stop,2,-0.04138667761088305,-1.0,2025-06-18,0.0025
2025-06-16,momentum,ELECON,bull,0.6265665215967055,666.932966670873,628.3725354830907,744.0538290464377,628.3725354830907,stop,3,-0.06031755156033797,-1.0,2025-06-19,0.0025
2025-06-16,momentum,DALBHARAT,bull,0.6228789367775749,2084.8164363235783,2006.894879389276,2240.659550192183,2148.75537109375,time,20,0.028168855855205736,0.8205551491236283,2025-07-14,0.0025
2025-06-16,momentum,UNIONBANK,bull,0.6215031119846506,138.20930343226692,131.79225400650245,151.04340228379587,131.79225400650245,stop,3,-0.048929938263232164,-1.0,2025-06-19,0.0025
2025-06-16,momentum,HDFCLIFE,bull,0.6204033880855444,769.0258885609201,741.9803081262102,823.1170494303399,762.0339965820312,time,20,-0.011591881148465264,-0.25852253368226935,2025-07-14,0.0025
2025-06-16,reversal,FACT,bull,0.8365990453460621,1042.6387001655119,849.0032202780891,1526.7273998840687,903.8934326171875,time,20,-0.13557128109315292,-0.7165281260902656,2025-07-14,0.0025
2025-06-16,reversal,AUBANK,bull,0.8335680190930788,779.7302693109347,678.8382070792522,1031.9604248901408,804.1690673828125,time,20,0.0288426309504119,0.24222716367674263,2025-07-14,0.0025
2025-06-16,reversal,GVT&D,bull,0.7802147971360383,2307.2513495217977,2019.3510776345352,3027.002029239954,2276.38427734375,time,20,-0.015878287625422923,-0.10721445997847052,2025-07-14,0.0025
2025-06-16,reversal,CRISIL,bull,0.776527446300716,5344.56057529098,4937.399201591643,6362.4640095393215,5894.359375,time,20,0.10037072098141325,1.350321605199742,2025-07-14,0.0025
2025-06-16,reversal,JBMA,bull,0.7575894988066825,715.0536572773798,667.3800300404101,834.2377253698039,667.3800300404101,stop,4,-0.0691713983653906,-1.0,2025-06-20,0.0025
2025-06-16,reversal,PRESTIGE,bull,0.7341408114558472,1705.8865350398064,1377.00465825287,2528.091227007147,1722.1473388671875,time,20,0.007032171978250403,0.04944268740571417,2025-07-14,0.0025
2025-06-16,reversal,SOBHA,bull,0.6418973747016707,1577.40697284669,1300.655229386939,2269.2863314960673,1538.5933837890625,time,20,-0.027105944899293796,-0.14024695408385857,2025-07-14,0.0025
2025-06-16,reversal,OFSS,bull,0.5221957040572792,9285.879703955818,7783.095664450616,13042.839802718821,8360.6416015625,time,20,-0.10213925141084507,-0.6156826783294533,2025-07-14,0.0025
2025-06-16,reversal,FIVESTAR,bull,0.4489618138424821,753.345045294562,654.7060459973299,999.9425435376426,774.593994140625,time,20,0.025706130748168025,0.21542137488675017,2025-07-14,0.0025
2025-06-16,control_naive_low,COLPAL,bull,-1.0431780969029891,2332.381219761948,2262.593396341609,2471.956866602626,2325.24365234375,time,20,-0.005560206178013503,-0.10227525474190362,2025-07-14,0.0025
2025-06-23,momentum,POONAWALLA,bull,0.7730000779632399,437.5,418.9281839988729,474.6436320022542,474.6436320022542,target,9,0.08239973029086672,2.0,2025-07-04,0.0025
2025-06-23,momentum,SOLARINDS,bull,0.7013413441386056,17169.573081626164,16390.840588405994,18727.038068066504,16390.840588405994,stop,11,-0.047855378932136816,-1.0,2025-07-08,0.0025
2025-06-23,momentum,BSE,bull,0.6970844394765031,2842.5111995651464,2601.549067149739,3324.435464395961,2601.549067149739,stop,10,-0.08727086473828854,-1.0,2025-07-07,0.0025
2025-06-23,momentum,BHARTIHEXA,bull,0.6917423501467095,1784.329297963812,1675.1924688968033,2002.6029560978293,2002.6029560978293,target,6,0.11982812540997928,2.0,2025-07-01,0.0025
2025-06-23,momentum,NBCC,bull,0.6910111312933725,119.04738178714601,111.76780564853846,133.6065340643611,111.76780564853846,stop,14,-0.06364856143265102,-1.0,2025-07-11,0.0025
2025-06-23,momentum,AUBANK,bull,0.6896558148199898,800.2349930469319,765.6984410695958,869.3080970016041,765.6984410695958,stop,20,-0.04565801268054598,-1.0,2025-07-21,0.0025
2025-06-23,momentum,MFSL,bull,0.6893530808998183,1610.0,1548.1935124855163,1733.6129750289674,1548.1935124855163,stop,18,-0.04088912267980355,-1.0,2025-07-17,0.0025
2025-06-23,momentum,BHARTIARTL,bull,0.6740279536717402,1910.6795910598546,1849.0490547831719,2033.94066361322,1885.4708251953125,time,20,-0.01569361235787253,-0.40903044801314786,2025-07-21,0.0025
2025-06-23,momentum,SBICARD,bull,0.6712123329141633,966.6136531067647,917.7739679857561,1064.2930233487818,917.7739679857561,stop,7,-0.05302658315350123,-1.0,2025-07-02,0.0025
2025-06-23,momentum,MAZDOCK,bull,0.6585394252712962,3332.2087002870553,3112.8371743090097,3770.9517522431465,3112.8371743090097,stop,3,-0.06833366940946634,-1.0,2025-06-26,0.0025
2025-06-23,momentum,CHOLAHLDNG,bull,0.6561920730287364,1998.1443915607397,1877.7702205455537,2238.8927335911117,2112.675048828125,time,20,0.0548185089881949,0.951455418562646,2025-07-21,0.0025
2025-06-23,reversal,JMFINANCIL,bull,0.8382066508313539,137.320374633307,119.40410257279538,182.1110547845861,165.2915802001953,time,20,0.20119304731057647,1.5612179516149598,2025-07-21,0.0025
2025-06-23,reversal,HOMEFIRST,bull,0.7259738717339668,1302.911006486926,1181.4353162848397,1606.6002319921417,1368.0068359375,time,20,0.04746183862633385,0.535875361912173,2025-07-21,0.0025
2025-06-23,reversal,NAM-INDIA,bull,0.7157600950118764,754.0967926325872,676.8354707238623,947.2500974043994,845.159912109375,time,20,0.11825786605441219,1.178637864679149,2025-07-21,0.0025
2025-06-23,reversal,IDFCFIRSTB,bull,0.6836935866983372,71.05799362380897,65.17674608518655,85.76111247036502,73.77327728271484,time,20,0.03571221963120669,0.4616849811327418,2025-07-21,0.0025
2025-06-23,reversal,360ONE,bull,0.6068527315914488,1152.8600830032394,962.2158738203632,1629.47060596043,1208.0078125,time,20,0.04533557893087842,0.2892704149427371,2025-07-21,0.0025
2025-06-23,reversal,ELGIEQUIP,bull,0.6018408551068883,533.374386315011,490.37141737374515,640.8818086681755,550.333251953125,time,20,0.029295425639539633,0.3943649951536313,2025-07-21,0.0025
2025-06-23,control_naive_low,ACC,bull,-1.0259131971839655,1819.0745510270153,1761.5008456650316,1934.2219617509827,1934.2219617509827,target,7,0.06079999540643194,2.0,2025-07-02,0.0025
2025-06-30,momentum,DEEPAKFERT,bull,0.784577216820284,1696.2007741925365,1599.380775641792,1889.8407712940254,1599.380775641792,stop,5,-0.05958050604848647,-1.0,2025-07-07,0.0025
2025-06-30,momentum,LTF,bull,0.7688703777804589,205.38539235219258,195.40808454280375,225.34000797097025,199.9315643310547,time,20,-0.029054118375593737,-0.546623209920991,2025-07-28,0.0025
2025-06-30,momentum,REDINGTON,bull,0.7616790677783758,312.6239596503633,292.29601251907854,353.2798539129328,292.29601251907854,stop,8,-0.06752363783639431,-1.0,2025-07-10,0.0025
2025-06-30,momentum,HOMEFIRST,bull,0.7510909107447387,1369.5993484158278,1282.6577761057113,1543.4824930360608,1365.3193359375,time,20,-0.005625010597645473,-0.04922860680574259,2025-07-28,0.0025
2025-06-30,momentum,RBLBANK,bull,0.7209457841928424,245.4695588847152,235.12093411944943,266.1668084152468,266.1668084152468,target,12,0.08181697039978814,2.0000000000000027,2025-07-16,0.0025
2025-06-30,momentum,ANURAS,bull,0.7166782006920417,1135.259065451633,1096.037056578233,1213.703083198433,1130.699951171875,time,20,-0.006515924134412652,-0.11623867340588785,2025-07-28,0.0025
2025-06-30,momentum,GABRIEL,bull,0.7088614374187293,837.4793090820312,660.378704239435,1191.6805187672237,978.14404296875,time,20,0.16546204080659938,0.7942645594674225,2025-07-28,0.0025
2025-06-30,momentum,AIIL,bull,0.7023298731257208,523.4199829101562,498.3010712010117,573.6578063284453,498.3010712010117,stop,1,-0.05048997464614596,-1.0,2025-07-01,0.0025
2025-06-30,momentum,INDIANB,bull,0.7000628276462791,632.2318046206035,606.9542127912322,682.7869882793461,613.6281127929688,time,20,-0.0319254286033564,-0.7359756401327033,2025-07-28,0.0025
2025-06-30,momentum,NAVINFLUOR,bull,0.6940770796292144,4831.947054046751,4598.688253899428,5298.464654341397,5090.92138671875,time,20,0.05109626870396039,1.110244640324113,2025-07-28,0.0025
2025-06-30,momentum,CHOICEIN,bull,0.693125720876586,703.0,677.6563993176301,753.6872013647398,753.6872013647398,target,13,0.06960128216890443,2.0,2025-07-17,0.0025
2025-06-30,reversal,SYRMA,bull,0.6559999999999999,569.1631338873515,488.76559075069656,770.1569917289887,744.209716796875,time,20,0.30505081010599805,2.1772628376465417,2025-07-28,0.0025
2025-07-07,momentum,GVT&D,bull,0.7105495719414526,2342.2007129691183,2206.558087733512,2613.485963440331,2715.093017578125,target,18,0.15670595640853752,2.749079088975948,2025-07-31,0.0025
2025-07-07,momentum,AFFLE,bull,0.7080621369484241,1987.0,1893.412456558407,2174.175086883186,1893.412456558407,stop,9,-0.0495999212086527,-1.0,2025-07-18,0.0025
2025-07-07,momentum,INTELLECT,bull,0.7066280033140017,1132.3711925780913,1066.1284203540108,1264.8567370262522,1066.1284203540108,stop,14,-0.06099916763889429,-1.0,2025-07-25,0.0025
2025-07-07,momentum,POONAWALLA,bull,0.6986004378230157,466.1000061035156,449.7207644510359,498.85848940847507,449.7207644510359,stop,5,-0.037641045779866544,-1.0,2025-07-14,0.0025
2025-07-07,momentum,AIIL,bull,0.6820537604713247,534.3400268554688,501.8462535020632,599.3275735622799,501.8462535020632,stop,6,-0.06331104113541292,-1.0,2025-07-15,0.0025
2025-07-07,momentum,ASTERDM,bull,0.6669828232732388,620.2449086544992,583.700841767672,693.3330424281536,583.700841767672,stop,10,-0.06141876962940723,-1.0,2025-07-21,0.0025
2025-07-07,momentum,POWERINDIA,bull,0.6642225904446286,19619.624273517198,18361.28228576756,22136.308249016474,18361.28228576756,stop,5,-0.06663690548845852,-1.0,2025-07-14,0.0025
2025-07-07,momentum,MANAPPURAM,bull,0.6636886679554451,269.0640592193888,257.48946601102875,292.2132456361089,257.48946601102875,stop,2,-0.045517983308288656,-1.0,2025-07-09,0.0025
2025-07-07,momentum,ABCAPITAL,bull,0.6617324864217988,276.25,265.61765520718484,297.5146895856303,265.61765520718484,stop,9,-0.04098812594684226,-1.0,2025-07-18,0.0025
2025-07-07,momentum,DEEPAKFERT,bull,0.6537098407438093,1577.8610797237004,1500.0890961989644,1733.4050467731724,1500.0890961989644,stop,15,-0.051789499895868285,-1.0,2025-07-28,0.0025
2025-07-07,momentum,ERIS,bull,0.652108073276259,1720.8654599251593,1621.0373379685911,1920.5217038382955,1793.4757080078125,time,20,0.03969402955871465,0.7273526403135535,2025-08-04,0.0025
2025-07-07,momentum,BLUEJET,bull,0.6504280585473626,895.5492923352634,839.8235078649053,1007.0008612759797,1007.0008612759797,target,9,0.12195051310362998,2.0,2025-07-18,0.0025
2025-07-07,momentum,MAZDOCK,bull,0.649286569087729,3237.9663442859123,3084.2725101909255,3545.354012475886,3084.2725101909255,stop,5,-0.049966161705544854,-1.0,2025-07-14,0.0025
2025-07-14,momentum,GALLANTT,bull,0.733555206445756,578.8800019436397,536.2844896661161,664.071026498687,664.071026498687,target,10,0.1446652575128024,2.0,2025-07-28,0.0025
2025-07-14,momentum,CEMPRO,bull,0.7318271570923452,864.5251211064154,803.565053905181,986.4452555088843,803.565053905181,stop,4,-0.07301277714546689,-1.0,2025-07-18,0.0025
2025-07-14,momentum,NAM-INDIA,bull,0.7269036103578446,796.1069536937536,757.461389147275,873.3980827867107,789.1064453125,time,20,-0.011293426999692434,-0.1811464902481661,2025-08-11,0.0025
2025-07-14,momentum,SBFC,bull,0.7231854467923385,117.0999984741211,111.35755704726051,128.58488132784225,111.35755704726051,stop,9,-0.051538783105788466,-1.0,2025-07-25,0.0025
2025-07-14,momentum,REDINGTON,bull,0.7054185608669696,302.359604308459,285.26016159168057,336.5584897420158,285.26016159168057,stop,10,-0.059053330779378965,-1.0,2025-07-28,0.0025
2025-07-14,momentum,IIFL,bull,0.7010904307681596,521.1439819335938,499.2123605931377,565.0072246145058,499.2123605931377,stop,10,-0.04458361240032632,-1.0,2025-07-28,0.0025
2025-07-14,momentum,BAJAJHLDNG,bull,0.686168893787023,13976.339264045291,13318.280902735813,15292.455986664248,13318.280902735813,stop,10,-0.049583742665174235,-1.0,2025-07-28,0.0025
2025-07-14,momentum,EIDPARRY,bull,0.6768100874541305,1154.0999755859375,1097.735835077025,1266.8282566037624,1097.735835077025,stop,19,-0.0513381784085008,-1.0,2025-08-08,0.0025
2025-07-14,momentum,BEL,bull,0.6745557239289158,405.27665271392635,390.6481591746095,434.5336397925601,390.6481591746095,stop,5,-0.038595080832703965,-1.0,2025-07-21,0.0025
2025-07-14,momentum,POONAWALLA,bull,0.6725995316159251,455.79998779296875,437.07020123159367,493.2595609157189,437.07020123159367,stop,8,-0.04359211729483953,-1.0,2025-07-24,0.0025
2025-07-14,momentum,BEML,bull,0.6678284428525509,2298.955104621697,2161.126890737228,2574.6115323906347,2161.126890737228,stop,6,-0.06245254696683128,-1.0,2025-07-22,0.0025
2025-07-14,momentum,RAMCOCEM,bull,0.6654545824368104,1119.3087094959458,1080.638024993361,1196.6500785011156,1196.6500785011156,target,12,0.06659744233116766,2.0,2025-07-30,0.0025
2025-07-14,momentum,MUTHOOTFIN,bull,0.6639895302383247,2637.6968883125824,2553.877932467592,2805.334800002563,2553.877932467592,stop,15,-0.03427732673393419,-1.0,2025-08-04,0.0025
2025-07-14,reversal,BLUESTARCO,bull,0.4080093676814989,1817.3149901665404,1569.6143414162977,2436.566612042147,1753.3013916015625,time,20,-0.03772427257319416,-0.2584312915123731,2025-08-11,0.0025
2025-07-14,control_naive_low,COLPAL,bull,-1.0399858086791685,2331.0123611627305,2261.068109071961,2470.9008653442697,2261.068109071961,stop,7,-0.032505955033151734,-1.0,2025-07-23,0.0025
2025-07-14,control_naive_low,SUNTV,bull,-1.0471555451200734,556.8604849952715,534.3428425233493,601.8957699391158,534.3428425233493,stop,18,-0.04293677559939163,-1.0,2025-08-07,0.0025
2025-07-21,momentum,PARADEEP,bull,0.7443126140518668,187.2857592848843,171.82184414444282,218.21358956576728,218.21358956576728,target,6,0.1626371166658646,2.0,2025-07-29,0.0025
2025-07-21,momentum,BLUEJET,bull,0.7415956104862494,1011.1040428624872,944.4566253715092,1144.3988778444432,944.4566253715092,stop,1,-0.06841548907498757,-1.0,2025-07-22,0.0025
2025-07-21,momentum,AIIL,bull,0.7289788723342263,577.97998046875,542.0192214720217,649.9014984622065,542.0192214720217,stop,4,-0.06471800098952146,-1.0,2025-07-25,0.0025
2025-07-21,momentum,DALBHARAT,bull,0.7251419784138301,2263.104896397016,2178.7751410448536,2431.764407101341,2178.7751410448536,stop,6,-0.03976285753984271,-1.0,2025-07-29,0.0025
2025-07-21,momentum,GMDCLTD,bull,0.7189126606855673,425.99671223958336,403.9708272550669,470.04848220861624,403.9708272550669,stop,5,-0.05420435440386434,-1.0,2025-07-28,0.0025
2025-07-21,momentum,JKCEMENT,bull,0.7135468205973979,6395.695506872051,6114.056936693316,6958.972647229521,6958.972647229521,target,11,0.0855712879079748,2.0,2025-08-05,0.0025
2025-07-21,momentum,CHOICEIN,bull,0.7091732090400505,789.0,732.057485769981,902.885028460038,732.057485769981,stop,5,-0.07467048698354756,-1.0,2025-07-28,0.0025
2025-07-21,momentum,ABCAPITAL,bull,0.6928852849551037,272.5,261.61506198532106,294.2698760293579,261.61506198532106,stop,4,-0.04244472665937221,-1.0,2025-07-25,0.0025
2025-07-21,momentum,SCHNEIDER,bull,0.6883048175922225,924.8499755859375,872.4035944044793,1029.7427379488538,872.4035944044793,stop,5,-0.05920798785309028,-1.0,2025-07-28,0.0025
2025-07-21,momentum,JMFINANCIL,bull,0.6846848085028405,165.7987322406174,156.4424607915695,184.51127513871322,156.4424607915695,stop,6,-0.05893150175279688,-1.0,2025-07-29,0.0025
2025-07-21,momentum,POWERINDIA,bull,0.6800210738501008,19369.755709358687,18077.41988402284,21954.427360030386,19700.296875,time,20,0.014564808178329782,0.2557703339651768,2025-08-19,0.0025
2025-07-21,momentum,WELCORP,bull,0.6718664101154481,931.8060112214954,887.4331025613668,1020.5518285417526,887.4331025613668,stop,4,-0.05012032882998957,-1.0,2025-07-25,0.0025
2025-07-21,momentum,ASAHIINDIA,bull,0.6639731623997288,836.2917965108817,785.210649713334,938.4540901059771,868.4989624023438,time,20,0.036011875909622126,0.6305098438590313,2025-08-19,0.0025
2025-07-21,momentum,CEMPRO,bull,0.6625251969946858,816.9187641174635,762.109149560816,926.5379932307585,762.109149560816,stop,4,-0.06959310272222669,-1.0,2025-07-25,0.0025
2025-07-21,reversal,CGCL,bull,0.5507710280373832,182.47109985351562,161.67441632444655,234.4628086761883,187.74160766601562,time,20,0.02638406885655348,0.2534302070391666,2025-08-19,0.0025
2025-07-21,control_naive_low,TEJASNET,bull,-1.0042233856520062,630.0999755859375,603.4055978616699,683.4887310344727,603.4055978616699,stop,4,-0.04486530512391179,-1.0,2025-07-25,0.0025
2025-07-21,control_naive_low,TCS,bull,-1.0461491906217266,3033.6640625,2959.90640690278,3181.17937369444,2959.90640690278,stop,5,-0.026813059744801578,-1.0,2025-07-28,0.0025
2025-07-28,momentum,FORTIS,bull,0.7615388519781526,845.7528429266339,815.2064815677481,906.8455656444054,906.8455656444054,target,10,0.069734723452264,2.0,2025-08-11,0.0025
2025-07-28,momentum,ANURAS,bull,0.7326874279123413,1130.0999755859375,1091.874943575593,1206.5500396066263,1124.300048828125,time,20,-0.007632224478462955,-0.15173111578410006,2025-08-26,0.0025
2025-07-28,momentum,MEDANTA,bull,0.7099531236687706,1354.631763485994,1299.6737665771745,1464.547757303633,1299.6737665771745,stop,2,-0.043070432784915125,-1.0,2025-07-30,0.0025
2025-07-28,momentum,NAVINFLUOR,bull,0.6984659746251441,5121.8506375499755,4873.679036024467,5618.193840600993,4873.679036024467,stop,9,-0.05095350227632195,-1.0,2025-08-08,0.0025
2025-07-28,momentum,KIMS,bull,0.6790112871615007,771.0499877929688,736.1589846074731,840.83199416396,736.1589846074731,stop,3,-0.047751285568872925,-1.0,2025-07-31,0.0025
2025-07-28,momentum,IIFL,bull,0.6652595155709341,493.34961253523835,472.5944811096082,534.8598753864987,472.5944811096082,stop,3,-0.04456982411311344,-1.0,2025-07-31,0.0025
2025-07-28,momentum,WOCKPHARMA,bull,0.6597462514417533,1691.0999755859375,1574.5880218619295,1924.1238830339535,1574.5880218619295,stop,5,-0.071397141154318,-1.0,2025-08-04,0.0025
2025-07-28,momentum,BAYERCROP,bull,0.6542560553633218,6082.489133589814,5858.549235006354,6530.368930756733,5858.549235006354,stop,7,-0.03931714733311703,-1.0,2025-08-06,0.0025
2025-07-28,momentum,MAXHEALTH,bull,0.6510957324106112,1253.7718443393308,1202.7467693570984,1355.8219943037955,1202.7467693570984,stop,13,-0.04319725701099936,-1.0,2025-08-14,0.0025
2025-07-28,momentum,TORNTPHARM,bull,0.6446366382361013,3628.0635691087336,3490.169515277794,3903.8516767706133,3490.169515277794,stop,7,-0.04050761789430685,-1.0,2025-08-06,0.0025
2025-07-28,momentum,RBLBANK,bull,0.642722029988466,251.97896359101182,238.8552857255927,278.22631932185004,253.81748962402344,time,20,0.004796347309356132,0.14009228600894966,2025-08-26,0.0025
2025-07-28,momentum,HDFCAMC,bull,0.6386043829296424,2708.7538885495337,2638.2151983277745,2849.831268993052,2849.831268993052,target,18,0.04958202230548964,2.0,2025-08-22,0.0025
2025-07-28,momentum,HOMEFIRST,bull,0.6328719723183392,1349.692371593136,1276.551215656793,1495.974683465822,1276.551215656793,stop,2,-0.05669098268297196,-1.0,2025-07-30,0.0025
2025-07-28,control_naive_low,COLPAL,bull,-1.002636385830966,2158.826266543429,2089.879640793586,2296.719518043115,2296.719518043115,target,16,0.061374177203000035,2.0,2025-08-20,0.0025
2025-07-28,control_naive_low,TEJASNET,bull,-1.0061039411422708,572.0,548.1267338185535,619.746532362893,548.1267338185535,stop,10,-0.044236479338193246,-1.0,2025-08-11,0.0025
2025-07-28,control_naive_low,TCS,bull,-1.020013700521214,2938.0339265993125,2889.375874403856,3035.3500309902256,2889.375874403856,stop,4,-0.019061433057301954,-1.0,2025-08-01,0.0025
2025-07-28,control_naive_low,ACC,bull,-1.030655482005737,1815.097513672293,1760.3837021620357,1924.5251366928076,1788.1534423828125,time,20,-0.017344420801925605,-0.4924546571651146,2025-08-26,0.0025
2025-07-28,control_naive_low,UNITDSPR,bull,-1.0382189858261361,1292.3044463097149,1254.4217630474081,1368.0698128343283,1287.0247802734375,time,20,-0.006585466123214144,-0.13936885092642434,2025-08-26,0.0025
2025-07-28,control_naive_low,ABFRL,bull,-1.040680297562595,73.30999755859375,69.82289415400645,80.28420436776835,80.28420436776835,target,18,0.0926330929127423,2.0,2025-08-22,0.0025
2025-07-28,control_naive_low,DEEPAKNTR,bull,-1.0421997896601176,1848.3736189785989,1791.4670900250248,1962.186676885747,1791.4670900250248,stop,8,-0.03328735184773962,-1.0,2025-08-07,0.0025
2025-08-04,momentum,GVT&D,bull,0.7927297284709609,2801.9183306517352,2608.7140477104126,3188.3268965343805,2810.443603515625,time,20,0.0005426557300500256,0.04412569294066296,2025-09-03,0.0025
2025-08-04,momentum,CCL,bull,0.7370531975581832,926.2303474259952,867.6171833654972,1043.4566755469912,845.3983727496603,stop,2,-0.08976984048942888,-1.3790754341960383,2025-08-06,0.0025
2025-08-04,momentum,ERIS,bull,0.7074658842159192,1802.3283044000607,1705.324072926169,1996.336767347844,1705.324072926169,stop,2,-0.0563216213089886,-1.0,2025-08-06,0.0025
2025-08-04,momentum,MANAPPURAM,bull,0.7054538680080109,260.25203532073374,250.37305258183343,280.01000079853435,250.37305258183343,stop,6,-0.04045929098777451,-1.0,2025-08-12,0.0025
2025-08-04,momentum,DELHIVERY,bull,0.6981241120669591,460.45001220703125,440.0310690759935,501.2878984691067,478.0,time,20,0.03561486008839071,0.8594954048474702,2025-09-03,0.0025
2025-08-04,momentum,MUTHOOTFIN,bull,0.6942643565739836,2647.61308937571,2556.0942183418756,2830.6508314433786,2556.0942183418756,stop,5,-0.03706655785585872,-1.0,2025-08-11,0.0025
2025-08-04,momentum,MCX,bull,0.6906664803688696,1586.2402107051007,1513.9995074366843,1730.7216172419335,1513.9995074366843,stop,16,-0.04804209556716804,-1.0,2025-08-28,0.0025
2025-08-04,momentum,GLENMARK,bull,0.6898607423967211,2067.7656099748447,1982.0023561959615,2239.292117532611,1982.0023561959615,stop,9,-0.04397629371780026,-1.0,2025-08-18,0.0025
2025-08-04,momentum,ENDURANCE,bull,0.6873224349122072,2614.335005021471,2492.219802238602,2858.5654105872086,2492.219802238602,stop,3,-0.04920985261962091,-1.0,2025-08-07,0.0025
2025-08-04,momentum,ABSLAMC,bull,0.6788365702575566,842.6832366260776,805.3958437345444,917.2580224091439,805.3958437345444,stop,18,-0.0467484094507728,-1.0,2025-09-01,0.0025
2025-08-04,momentum,LTF,bull,0.6771598900842999,201.9210712690088,193.56343362908572,218.63634654885493,193.56343362908572,stop,4,-0.04389061657804222,-1.0,2025-08-08,0.0025
2025-08-04,momentum,ABCAPITAL,bull,0.6740976200456431,279.0,265.0577684992721,306.88446300145586,279.25,time,20,-0.001603942652329824,0.017931132472369823,2025-09-03,0.0025
2025-08-04,momentum,ANANDRATHI,bull,0.6665176284290438,1319.8487710915726,1255.8636159101395,1447.819081454439,1447.819081454439,target,18,0.0944583130778151,2.0,2025-09-01,0.0025
2025-08-04,momentum,ECLERX,bull,0.6561055389956502,2015.8778460819578,1925.3846968793805,2196.8641444871128,2196.8641444871128,target,15,0.08728038959896217,2.0000000000000027,2025-08-26,0.0025
2025-08-04,reversal,ESCORTS,bull,0.5953562945368172,3363.483658880442,3150.9548698416984,3894.8056314773007,3618.103759765625,time,20,0.07320130457239532,1.1980499302556438,2025-09-03,0.0025
2025-08-04,control_naive_low,FIVESTAR,bull,-1.0217906448758618,601.7228476898705,558.586525748485,687.9954915726415,558.586525748485,stop,15,-0.07418802399143415,-1.0,2025-08-26,0.0025
2025-08-04,control_naive_low,IEX,bull,-1.0254879600966005,131.31898046282973,117.5313590255322,158.8942233374248,138.19622802734375,time,20,0.049870552529995116,0.49879869387116055,2025-09-03,0.0025
2025-08-04,control_naive_low,TCS,bull,-1.0276774308011183,2951.859809051624,2884.244183269873,3087.091060615126,2884.244183269873,stop,9,-0.025406110098594,-1.0,2025-08-18,0.0025
2025-08-04,control_naive_low,COHANCE,bull,-1.0466830466830468,978.0,908.6984471225563,1116.6031057548873,908.6984471225563,stop,8,-0.07336048351476859,-1.0,2025-08-14,0.0025
2025-08-04,control_naive_low,PNBHOUSING,bull,-1.0479002245181352,778.9212528821384,710.3313659690563,916.1010267083028,785.7181396484375,time,20,0.006226025565677364,0.09909459064879549,2025-09-03,0.0025
2025-08-04,control_naive_low,BATAINDIA,bull,-1.048171067542814,1135.5146122170074,1105.7700167477435,1195.0038031555353,1105.7700167477435,stop,6,-0.028694815239928836,-1.0,2025-08-12,0.0025
2025-08-11,momentum,INDIANB,bull,0.7330213729641009,662.4382957793063,635.6978530366213,715.9191812646762,635.6978530366213,stop,12,-0.04286669213277744,-1.0,2025-08-29,0.0025
2025-08-11,momentum,AADHARHFC,bull,0.7240816135523421,508.8999938964844,485.32583512525747,556.0483114389382,517.7999877929688,time,20,0.014988689336268237,0.3775317703954354,2025-09-10,0.0025
2025-08-11,momentum,FORCEMOT,bull,0.7230801628527307,18586.967525412616,17139.08642483017,21482.72972657751,21482.72972657751,target,7,0.15329530104659223,2.0,2025-08-21,0.0025
2025-08-11,momentum,AIIL,bull,0.7210632224250081,578.0,540.5632629409505,652.873474118099,540.5632629409505,stop,3,-0.06726944127863238,-1.0,2025-08-14,0.0025
2025-08-11,momentum,DCMSHRIRAM,bull,0.7166690065047499,1350.3747582419417,1273.3919548383824,1504.3403650490602,1273.3919548383824,stop,3,-0.05950847333949244,-1.0,2025-08-14,0.0025
2025-08-11,momentum,MEDANTA,bull,0.7159298198984196,1386.4091136157558,1318.0395594895442,1523.148221868179,1370.114013671875,time,20,-0.014253457030719617,-0.23833854340778243,2025-09-10,0.0025
2025-08-11,momentum,JKCEMENT,bull,0.7152089475408302,6980.020650300266,6620.578577014689,7698.904796871422,6620.578577014689,stop,16,-0.05399584668780538,-1.0,2025-09-04,0.0025
2025-08-11,momentum,JMFINANCIL,bull,0.7109083251439,162.30722162295297,145.88038914154805,195.1608865857628,171.31886291503906,time,20,0.05302212157891878,0.5485927553158666,2025-09-10,0.0025
2025-08-11,momentum,CHOICEIN,bull,0.7049768356029763,768.0,734.89470741356,834.21058517288,786.6500244140625,time,20,0.021783885955810548,0.5633547676815156,2025-09-10,0.0025
2025-08-11,momentum,MFSL,bull,0.6980158173054424,1550.0,1504.7560879477735,1640.487824104453,1640.487824104453,target,4,0.05587924135771155,2.0,2025-08-18,0.0025
2025-08-11,momentum,KARURVYSYA,bull,0.6885628714492956,216.85509107267654,208.3548260561042,233.85562110582123,208.3548260561042,stop,13,-0.041697903883767096,-1.0,2025-09-01,0.0025
2025-08-11,momentum,SYRMA,bull,0.6832888764097524,716.9381624021074,671.2101425803445,808.3942020456333,671.2101425803445,stop,1,-0.0662823765281943,-1.0,2025-08-12,0.0025
2025-08-11,momentum,GABRIEL,bull,0.669825448078993,1018.5894898787374,936.3414975632571,1183.0854745096979,1183.0854745096979,target,6,0.158993895495175,2.0,2025-08-20,0.0025
2025-08-11,momentum,MOTILALOFS,bull,0.6693761991670176,912.9312337587136,867.7090810544548,1003.3755391672311,867.7090810544548,stop,12,-0.05203511396260424,-1.0,2025-08-29,0.0025
2025-08-11,momentum,LAURUSLABS,bull,0.6685666151902289,832.483590140797,795.1043019958245,907.242166430742,907.242166430742,target,20,0.08730186177279625,2.0,2025-09-10,0.0025
2025-08-11,momentum,DALBHARAT,bull,0.6682016004492489,2216.1311061129527,2135.9725827798507,2376.4481527791568,2376.4481527791568,target,4,0.06984095772763038,2.0,2025-08-18,0.0025
2025-08-11,control_naive_low,PETRONET,bull,-1.0231834411144198,263.45007006708533,253.62541857116696,283.0993730589221,265.7149658203125,time,20,0.006097058837943816,0.23053191801949516,2025-09-10,0.0025
2025-08-11,control_naive_low,JINDALSAW,bull,-1.0281018070328962,201.84039423370692,191.68042016501147,222.1603423710978,200.06674194335938,time,20,-0.011287400049832806,-0.17457252138196458,2025-09-10,0.0025
2025-08-11,control_naive_low,AIAENG,bull,-1.0289917299941704,3092.342089026035,2967.9904448860625,3341.04537730598,3050.732177734375,time,20,-0.015955791789441228,-0.3346148865134673,2025-09-10,0.0025
2025-08-11,control_naive_low,MINDACORP,bull,-1.0328053173889926,460.16802660399867,435.98916472605447,508.52575035988707,508.81101947167423,target,4,0.10320702451158276,2.011798285346399,2025-08-18,0.0025
2025-08-11,control_naive_low,TEJASNET,bull,-1.0330275229357797,567.9000244140625,535.6855005017776,632.3290722386323,632.3290722386323,target,7,0.11095139118640679,2.0,2025-08-21,0.0025
2025-08-11,control_naive_low,SUNPHARMA,bull,-1.039048732542041,1597.1124913175224,1542.0552095256262,1707.227054901315,1578.978271484375,time,20,-0.013854378562394075,-0.3293700532055065,2025-09-10,0.0025
2025-08-11,control_naive_low,DEEPAKNTR,bull,-1.0399763056191649,1851.0455725134402,1781.9778162548873,1989.181085030546,1781.9778162548873,stop,3,-0.03981283404587893,-1.0,2025-08-14,0.0025
2025-08-11,control_naive_low,AUROPHARMA,bull,-1.046388461814651,1052.5,1008.0353142433775,1141.429371513245,1050.300048828125,time,20,-0.004590214890142495,-0.049476368368291924,2025-09-10,0.0025
2025-08-11,control_naive_low,GRANULES,bull,-1.047148825684384,441.63003138116386,417.79767138999904,489.2947513634935,489.2947513634935,target,12,0.10542907319563816,2.0,2025-08-29,0.0025
2025-08-11,control_naive_low,GODREJPROP,bull,-1.04784213248849,1980.427175301308,1888.1872493031342,2164.907027297655,1979.531494140625,time,20,-0.0029522666482531524,-0.009710341275649244,2025-09-10,0.0025
2025-08-19,momentum,LTF,bull,0.7811342871738455,215.7882928671051,205.92141541661456,235.52204776808617,235.52204776808617,target,18,0.08894960849722405,2.0,2025-09-15,0.0025
2025-08-19,momentum,CRAFTSMAN,bull,0.7294082341639159,6848.6427553147,6471.896792722102,7602.134680499895,6793.21044921875,time,20,-0.010593911169907764,-0.14713443964864062,2025-09-17,0.0025
2025-08-19,momentum,ACUTAAS,bull,0.7050109256520104,1393.5811152369383,1321.2520110318733,1538.2393236470684,1473.199951171875,time,20,0.0546325451130269,1.1007855939872284,2025-09-17,0.0025
2025-08-19,momentum,NYKAA,bull,0.6913058731939302,228.0,217.10080685624212,249.79838628751577,242.63999938964844,time,20,0.061710523638808856,1.3432186398158257,2025-09-17,0.0025
2025-08-19,momentum,ETERNAL,bull,0.6864154067079676,322.3999938964844,308.35840387475537,350.4831739399424,308.35840387475537,stop,7,-0.04605331975048815,-1.0,2025-08-29,0.0025
2025-08-19,momentum,PARADEEP,bull,0.6762805358550041,205.422898081213,187.88262150403574,240.5034512355675,187.88262150403574,stop,13,-0.08788618012410082,-1.0,2025-09-08,0.0025
2025-08-19,momentum,ABDL,bull,0.6716172994020303,528.42450837142,494.2008247410059,596.8718756322481,494.2008247410059,stop,6,-0.06726551160711663,-1.0,2025-08-28,0.0025
2025-08-19,momentum,POONAWALLA,bull,0.6677745329810411,469.20001220703125,449.6536902941871,508.2926560327196,449.6536902941871,stop,2,-0.04415882652240749,-1.0,2025-08-21,0.0025
2025-08-19,momentum,ENDURANCE,bull,0.6633569739952718,2913.0050185649225,2715.7139621459255,3307.5871314029164,2868.6875,time,20,-0.017713677382112877,-0.2246301447684639,2025-09-17,0.0025
2025-08-19,momentum,ASTERDM,bull,0.6633152551800863,618.2569250893877,588.5242773569221,677.7222205543188,588.5242773569221,stop,6,-0.05059108725820877,-1.0,2025-08-28,0.0025
2025-08-19,reversal,CGCL,bull,0.7516312056737591,188.16085157168507,171.25993655171436,230.41313912161183,189.34051513671875,time,20,0.0037694421032860603,0.06979879868277822,2025-09-17,0.0025
2025-08-19,control_naive_low,TCS,bull,-1.0082230861467014,2890.8905988262018,2837.0746425833077,2998.52251131199,3005.2438266480435,target,2,0.03705640101644553,2.124894470066041,2025-08-21,0.0025
2025-08-19,control_naive_low,DEEPAKNTR,bull,-1.021944581119858,1805.354244323744,1744.9863158019893,1926.0901013672535,1744.9863158019893,stop,9,-0.0359382732428048,-1.0,2025-09-02,0.0025
2025-08-19,control_naive_low,AAVAS,bull,-1.0375758757973648,1690.0999755859375,1596.4412979665012,1877.41733082481,1596.4412979665012,stop,5,-0.057916057613376315,-1.0,2025-08-26,0.0025
2025-08-19,control_naive_low,POLYMED,bull,-1.0434879220054984,1893.1916791015587,1792.1139752851846,2095.347086734307,2095.347086734307,target,4,0.10428021135645599,2.0,2025-08-25,0.0025
2025-08-26,momentum,AIIL,bull,0.7383064987828772,625.7999877929688,585.4335034040074,706.5329565708914,611.9000244140625,time,20,-0.024711511105853064,-0.34434416544600915,2025-09-24,0.0025
2025-08-26,momentum,BOSCHLTD,bull,0.7207749766573295,39440.45713830465,37957.58915574372,42406.19310342651,38506.60546875,time,20,-0.02617750622869158,-0.629760491518522,2025-09-24,0.0025
2025-08-26,momentum,HDFCAMC,bull,0.7171863513851364,2811.0170497368076,2730.288663772749,2972.4738216649253,2730.288663772749,stop,1,-0.031218568594814252,-1.0,2025-08-28,0.0025
2025-08-26,momentum,NUVOCO,bull,0.7040732959850609,465.0,443.97759288657466,507.0448142268507,443.97759288657466,stop,10,-0.04770947766328032,-1.0,2025-09-10,0.0025
2025-08-26,momentum,FORTIS,bull,0.6973389355742297,921.5224169251542,883.6054735677623,997.356303639938,959.3822631835938,time,20,0.03858402092351326,0.998494153433884,2025-09-24,0.0025
2025-08-26,momentum,RBLBANK,bull,0.6766339869281046,253.7181241415838,241.89709116737674,277.3601900899979,241.89709116737674,stop,1,-0.04909120436981668,-1.0,2025-08-28,0.0025
2025-08-26,momentum,RADICO,bull,0.6718954248366014,2898.5687457877148,2780.8497402357784,3134.0067568915874,2780.8497402357784,stop,7,-0.043112804413560635,-1.0,2025-09-05,0.0025
2025-08-26,momentum,GABRIEL,bull,0.6656395891690009,1114.8835211822716,1039.3320444160681,1265.9864747146785,1265.9864747146785,target,4,0.133032502419778,2.0,2025-09-02,0.0025
2025-08-26,momentum,KIMS,bull,0.6648692810457516,745.7999877929688,709.9225097164721,817.5549439459621,726.4500122070312,time,20,-0.028445261333671364,-0.539334887047528,2025-09-24,0.0025
2025-08-26,momentum,POONAWALLA,bull,0.6647992530345471,452.95001220703125,432.2680825618535,494.3138714973868,432.2680825618535,stop,1,-0.04816051239165137,-1.0,2025-08-28,0.0025
2025-08-26,control_naive_low,FIVESTAR,bull,-1.0057194141323167,562.7573231421259,531.6523068642272,624.9673556979233,531.6523068642272,stop,4,-0.057772521562625745,-1.0,2025-09-02,0.0025
2025-08-26,control_naive_low,AAVAS,bull,-1.0072389806714446,1580.9000244140625,1488.4428983875305,1765.8142764671265,1669.9000244140625,time,20,0.05379704511706013,0.962608333450253,2025-09-24,0.0025
2025-08-26,control_naive_low,ACC,bull,-1.0153559868573039,1790.1419145328875,1740.3390437994462,1889.7476559997701,1889.7476559997701,target,18,0.05314125428171618,2.0,2025-09-22,0.0025
2025-08-26,control_naive_low,RKFORGE,bull,-1.0241957033990385,562.094857137986,536.6766274258549,612.9313165622481,560.8468627929688,time,20,-0.004720255761405832,-0.04909839745533511,2025-09-24,0.0025
2025-08-26,control_naive_low,UBL,bull,-1.029474483326813,1848.3472283045771,1788.248136014561,1968.5454128846095,1788.248136014561,stop,3,-0.03501504445143838,-1.0,2025-09-01,0.0025
2025-08-26,control_naive_low,RVNL,bull,-1.0306045180155337,314.03198368809956,296.0979534146609,349.9000442349769,349.9000442349769,target,13,0.11171785808448725,2.0,2025-09-15,0.0025
2025-08-26,control_naive_low,UNITDSPR,bull,-1.0339773796916432,1287.0246742625884,1253.0101307121006,1355.053761363564,1334.542236328125,time,20,0.034420474809670754,1.396977795542258,2025-09-24,0.0025
2025-08-26,control_naive_low,PPLPHARMA,bull,-1.0432920383547226,189.60000610351562,181.65065895542452,205.49870039969784,205.49870039969784,target,13,0.08135387017077428,2.0,2025-09-15,0.0025
2025-08-26,control_naive_low,RECLTD,bull,-1.0447854631593942,346.22565449199584,336.0573218546614,366.56231976666476,336.0573218546614,stop,2,-0.03186909066502913,-1.0,2025-08-29,0.0025
2025-09-03,momentum,SYRMA,bull,0.7616584532292366,802.5918716343365,742.763186517513,922.2492418679835,803.2783203125,time,20,-0.0016447101541588439,0.011473571194538741,2025-10-01,0.0025
2025-09-03,momentum,INDIACEM,bull,0.7543463882340073,410.95001220703125,385.2744452335645,462.30114615396474,385.2744452335645,stop,5,-0.06497856481515746,-1.0,2025-09-10,0.0025
2025-09-03,momentum,ANANDRATHI,bull,0.7426791763473162,1464.2352977375613,1398.0501182991995,1596.6056566142847,1398.0501182991995,stop,18,-0.04770119105216669,-1.0,2025-09-29,0.0025
2025-09-03,momentum,MRF,bull,0.7217979983713582,152278.1694929588,144535.38942748922,167763.729623898,148474.96875,time,20,-0.02747535106721038,-0.49119317748929925,2025-10-01,0.0025
2025-09-03,momentum,FORCEMOT,bull,0.7205558638549759,20138.12058532843,18345.83844132848,23722.68487332833,18345.83844132848,stop,1,-0.09149947422629462,-1.0,2025-09-04,0.0025
2025-09-03,momentum,UNOMINDA,bull,0.7101301941223626,1292.0507689179396,1230.4740245758771,1415.2042576020647,1321.3837890625,time,20,0.020202683865221564,0.4763652326536405,2025-10-01,0.0025
2025-09-03,momentum,GMDCLTD,bull,0.6931603773584906,456.425054877335,422.0703665873353,525.1344314573345,525.1344314573345,target,3,0.14803813511281766,2.0,2025-09-08,0.0025
2025-09-03,momentum,POLYCAB,bull,0.6869857244100058,7215.762549036706,7001.872969366625,7643.54170837687,7643.54170837687,target,13,0.05678398508585508,2.0,2025-09-22,0.0025
2025-09-03,momentum,MANAPPURAM,bull,0.6851992655648209,287.1998010825415,273.7776321582944,314.0441389310357,273.7776321582944,stop,17,-0.049234603832088164,-1.0,2025-09-26,0.0025
2025-09-03,momentum,NAVA,bull,0.6840919175321155,699.5400361447056,653.024075555734,792.5719573226487,653.024075555734,stop,19,-0.06899506559385732,-1.0,2025-09-30,0.0025
2025-09-03,momentum,DELHIVERY,bull,0.6778024417314097,482.70001220703125,459.8459910865904,528.408054447913,459.8459910865904,stop,4,-0.04984622030761149,-1.0,2025-09-09,0.0025
2025-09-03,momentum,ABCAPITAL,bull,0.6758879023307437,281.54998779296875,267.5565338938225,309.5368955912612,299.8500061035156,time,20,0.06249740402760512,1.3077556436344422,2025-10-01,0.0025
2025-09-03,reversal,ESCORTS,bull,0.7367924528301887,3825.203901868815,3254.273357693297,5252.53026230761,3578.946533203125,time,20,-0.06687757959657531,-0.43132631662107135,2025-10-01,0.0025
2025-09-03,control_naive_low,DEEPAKNTR,bull,-1.0095091356593706,1771.9071403177081,1696.883810892015,1921.9537991690945,1833.12744140625,time,20,0.03205051322698832,0.8160168517871161,2025-10-01,0.0025
2025-09-03,control_naive_low,UBL,bull,-1.020758918054628,1820.1479695201458,1756.18552791616,1948.0728527281174,1756.18552791616,stop,13,-0.03764134162446614,-1.0,2025-09-22,0.0025
2025-09-03,control_naive_low,FIVESTAR,bull,-1.021455884482785,539.9899529402985,503.3304214288472,613.3090159632011,503.3304214288472,stop,18,-0.07038928444286147,-1.0,2025-09-29,0.0025
2025-09-03,control_naive_low,TCS,bull,-1.035399195114764,2991.8017155695825,2902.608784370343,3170.1875779680613,2902.608784370343,stop,3,-0.032312447374126474,-1.0,2025-09-08,0.0025
2025-09-03,control_naive_low,INDUSTOWER,bull,-1.0371140827277823,317.06735301790184,297.49880703395667,356.2044449857922,339.2813415527344,time,20,0.06756078778971081,1.1351885087966063,2025-10-01,0.0025
2025-09-10,momentum,TVSMOTOR,bull,0.7549339257557806,3483.1254115392494,3368.8255759077238,3711.7250828023007,3368.8255759077238,stop,16,-0.03531530870317262,-1.0,2025-10-03,0.0025
2025-09-10,momentum,CARTRADE,bull,0.74923423618043,2450.0,2243.170261685128,2863.659476629744,2475.0,time,20,0.007704081632652961,0.12087236682541598,2025-10-09,0.0025
2025-09-10,momentum,GABRIEL,bull,0.7292874896437448,1258.1199675814235,1177.1061112030343,1420.1476803382018,1177.1061112030343,stop,14,-0.06689279120108721,-1.0,2025-09-30,0.0025
2025-09-10,momentum,MARUTI,bull,0.7023200537987759,14960.748135182905,14528.143240369815,15825.957924809085,15840.90944906707,target,7,0.05633137032527852,2.034561616008634,2025-09-19,0.0025
2025-09-10,momentum,ABDL,bull,0.6966399705422075,503.639140195031,479.95691882261843,551.0035829398562,551.2270750169527,target,3,0.0919881583339483,2.009437124735132,2025-09-15,0.0025
2025-09-10,momentum,LAURUSLABS,bull,0.6902743256927184,897.9642233392965,862.9948187879071,967.9030324420753,862.9948187879071,stop,12,-0.04144298196129376,-1.0,2025-09-26,0.0025
2025-09-10,momentum,ASAHIINDIA,bull,0.686941912915401,858.1882230098989,813.1411439213919,948.2823811869131,863.726806640625,time,20,0.003953809877861926,0.1229510046554635,2025-10-09,0.0025
2025-09-10,momentum,CUMMINSIND,bull,0.6734297513425413,3964.9348995996825,3849.1251693696886,4196.55436005967,3849.1251693696886,stop,14,-0.03170848214725713,-1.0,2025-09-30,0.0025
2025-09-10,momentum,INDIANB,bull,0.6716060749836505,680.4545017314688,658.2092319250855,724.9450413442353,724.9450413442353,target,14,0.06288356275042178,2.0,2025-09-30,0.0025
2025-09-10,momentum,CCL,bull,0.6713476940071803,920.3431529852039,866.9414264210155,1027.1466061135807,866.9414264210155,stop,2,-0.060523712558707865,-1.0,2025-09-12,0.0025
2025-09-10,momentum,CHOICEIN,bull,0.6671637669152168,788.4000244140625,760.6890717043433,843.8219298335009,760.6890717043433,stop,14,-0.03764834075546092,-1.0,2025-09-30,0.0025
2025-09-10,momentum,PAYTM,bull,0.6667265028076959,1235.9000244140625,1182.8473591964423,1342.0053548493029,1182.8473591964423,stop,7,-0.045426340456035164,-1.0,2025-09-19,0.0025
2025-09-10,momentum,GODFRYPHLP,bull,0.6635920095737826,3554.3342714174655,3236.9729748614486,4189.056864529499,3236.9729748614486,stop,12,-0.09178853403240922,-1.0,2025-09-26,0.0025
2025-09-10,control_naive_low,AIAENG,bull,-1.0256955746080756,3063.4843670692107,2957.5050784859322,3275.4429442357678,3259.646728515625,time,20,0.061532434294443605,1.850949973987322,2025-10-09,0.0025
2025-09-10,control_naive_low,SUNPHARMA,bull,-1.0293585103548657,1578.0863401973904,1536.9601290219127,1660.3387625483458,1536.9601290219127,stop,12,-0.028560811837667618,-1.0,2025-09-26,0.0025
2025-09-10,control_naive_low,JINDALSAW,bull,-1.0300479652290548,200.92879376725318,191.55658794383746,219.67320541408463,219.67320541408463,target,10,0.09078882782496639,2.0,2025-09-24,0.0025
2025-09-10,control_naive_low,PETRONET,bull,-1.0329244501947474,265.5221855950462,258.0151792204349,280.5361983442688,258.0151792204349,stop,12,-0.030772614424997288,-1.0,2025-09-26,0.0025
2025-09-10,control_naive_low,TCS,bull,-1.0395775392928912,3013.885194748687,2912.692396715058,3216.270790815945,2912.692396715058,stop,10,-0.03607553174551731,-1.0,2025-09-24,0.0025
2025-09-10,control_naive_low,AUROPHARMA,bull,-1.0438045655367125,1065.0,1013.7368157462128,1167.5263685075745,1119.9000244140625,time,20,0.0490493186986502,1.0709444841013085,2025-10-09,0.0025
2025-09-10,control_naive_low,SUNTV,bull,-1.0463190770711919,545.1199151667605,521.123804772963,593.1121359543555,521.123804772963,stop,11,-0.04651987475811942,-1.0,2025-09-25,0.0025
2025-09-10,control_naive_low,GODREJPROP,bull,-1.0468947425472392,1990.1800570775233,1903.205058605243,2164.1300540220836,2021.7275390625,time,20,0.013351571757433013,0.36271897141833415,2025-10-09,0.0025
2025-09-10,control_naive_low,TORNTPOWER,bull,-1.0498179327183768,1249.6776862638133,1196.2755021654013,1356.482054460637,1196.2755021654013,stop,15,-0.04523276596469411,-1.0,2025-10-01,0.0025
2025-09-17,momentum,DALBHARAT,bull,0.7805535215406423,2476.9749175281954,2402.485884028173,2625.95298452824,2402.485884028173,stop,2,-0.032572582880393386,-1.0,2025-09-19,0.0025
2025-09-17,momentum,ABDL,bull,0.7706005087007229,540.3215024495013,513.2981978117175,594.3681117250688,513.2981978117175,stop,7,-0.05251338002518119,-1.0,2025-09-26,0.0025
2025-09-17,momentum,RADICO,bull,0.7174674590376877,3007.4273326587804,2888.794201188965,3244.6935955984113,2888.794201188965,stop,7,-0.041946715862935025,-1.0,2025-09-26,0.0025
2025-09-17,momentum,ETERNAL,bull,0.6965686274509804,328.79998779296875,317.80334067435683,350.7932820301926,350.7932820301926,target,17,0.06438958349679774,2.0,2025-10-13,0.0025
2025-09-17,momentum,AADHARHFC,bull,0.6939899767946851,541.1500244140625,517.4769264870949,588.4962202679976,517.4769264870949,stop,7,-0.04624590568040704,-1.0,2025-09-26,0.0025
2025-09-17,momentum,DELHIVERY,bull,0.6896591970121383,485.0,465.6909079446839,523.6181841106322,465.6909079446839,stop,4,-0.04231256093879615,-1.0,2025-09-23,0.0025
2025-09-17,momentum,CRAFTSMAN,bull,0.6869981325863679,6816.681617914244,6477.423479209828,7495.197895323077,6477.423479209828,stop,16,-0.05226881094356023,-1.0,2025-10-10,0.0025
2025-09-17,momentum,GVT&D,bull,0.6852975586352316,2992.493021292373,2847.7764848098977,3281.926094257324,2910.6953125,time,20,-0.02983430227250688,-0.5652271038305187,2025-10-16,0.0025
2025-09-17,momentum,SARDAEN,bull,0.6689133186728089,602.8869722122963,562.4648073542071,683.7313019284747,562.4648073542071,stop,7,-0.06954766684501396,-1.0,2025-09-26,0.0025
2025-09-17,momentum,OLECTRA,bull,0.6679038281979458,1663.6001197676542,1573.3143197998647,1844.171719703233,1573.3143197998647,stop,7,-0.05677133533772477,-1.0,2025-09-26,0.0025
2025-09-24,momentum,KAYNES,bull,0.70974054575255,7455.0,7141.555132788227,8081.8897344235465,7141.555132788227,stop,3,-0.044544918472404216,-1.0,2025-09-29,0.0025
2025-09-24,momentum,HEROMOTOCO,bull,0.7076754692375762,5094.310201626553,4941.359393635396,5400.211817608866,5400.211817608866,target,7,0.05754770103804091,2.0,2025-10-06,0.0025
2025-09-24,momentum,POLYCAB,bull,0.683006011398214,7544.203934462538,7295.882843076246,8040.846117235123,7295.882843076246,stop,2,-0.0354154796905663,-1.0,2025-09-26,0.0025
2025-09-24,momentum,ASHOKLEY,bull,0.682808954131304,138.5800894183955,133.6486319496574,148.44300435587164,133.6486319496574,stop,12,-0.038085613268362184,-1.0,2025-10-13,0.0025
2025-09-24,momentum,FORTIS,bull,0.6826230729821622,959.3823048079757,930.8355834876198,1016.4757474486876,930.8355834876198,stop,2,-0.03225531357759376,-1.0,2025-09-26,0.0025
2025-09-24,momentum,TATASTEEL,bull,0.6825669219308659,169.40636317875388,165.01067296447815,178.19774360730534,165.01067296447815,stop,2,-0.028447609828784855,-1.0,2025-09-26,0.0025
2025-09-24,momentum,LEMONTREE,bull,0.6776302920217969,172.38999938964844,163.87408673122152,189.42182470650226,163.87408673122152,stop,3,-0.05189911067102343,-1.0,2025-09-29,0.0025
2025-09-24,momentum,NYKAA,bull,0.6763494946672255,237.00999450683594,228.6154287820022,253.79912595650342,228.6154287820022,stop,4,-0.037918614908206416,-1.0,2025-09-30,0.0025
2025-09-24,momentum,NMDC,bull,0.673552754954795,75.11654477168467,72.71674571950655,79.91614287604092,72.71674571950655,stop,2,-0.03444767623394113,-1.0,2025-09-26,0.0025
2025-09-24,momentum,JINDALSTEL,bull,0.6714808614500843,1046.1267307416865,1016.9877358248482,1104.4047205753632,1016.9877358248482,stop,9,-0.03035417297976822,-1.0,2025-10-08,0.0025
2025-09-24,momentum,JSWSTEEL,bull,0.6674535121750758,1142.5373449608014,1113.2851151391312,1201.0418046041418,1134.88134765625,time,20,-0.009200872700851735,-0.26172354556300587,2025-10-24,0.0025
2025-09-24,control_naive_low,CROMPTON,bull,-1.0057177019592414,296.4349349937343,286.48083217980184,316.3431406215993,286.48083217980184,stop,4,-0.036079385014599896,-1.0,2025-09-30,0.0025
2025-09-24,control_naive_low,TCS,bull,-1.014640918768558,2901.548445826189,2847.288270174001,3010.068797130565,2847.288270174001,stop,1,-0.021200420367007918,-1.0,2025-09-25,0.0025
2025-09-24,control_naive_low,UBL,bull,-1.016176389138106,1789.168480332767,1731.3954310603483,1904.7145788776047,1731.3954310603483,stop,9,-0.03479044659990521,-1.0,2025-10-08,0.0025
2025-09-24,control_naive_low,RKFORGE,bull,-1.0228513976767786,561.046541805004,538.1685933127134,606.8024387895854,538.1685933127134,stop,1,-0.04327727387586694,-1.0,2025-09-25,0.0025
2025-09-24,control_naive_low,ITC,bull,-1.0467474226968871,382.7810611389299,375.04300611387646,398.25717118903674,398.25717118903674,target,19,0.03793070993130926,2.0,2025-10-23,0.0025
2025-09-24,control_naive_low,COHANCE,bull,-1.04875627770077,903.0,845.1501785663606,1018.6996428672787,876.4000244140625,time,20,-0.0319573373044712,-0.45981085034896507,2025-10-24,0.0025
2025-10-01,momentum,FORTIS,bull,0.7545137395557968,995.0443977494667,957.259304502126,1070.614584244148,1070.614584244148,target,5,0.073446547375777,2.0,2025-10-09,0.0025
2025-10-01,momentum,ABDL,bull,0.7391411671556983,531.3987430068942,499.7508075963806,594.6946138279213,594.6946138279213,target,13,0.11661181886293254,2.0,2025-10-21,0.0025
2025-10-01,momentum,ABCAPITAL,bull,0.738173973316618,300.6000061035156,287.2207176939952,327.3585829225565,327.3585829225565,target,19,0.08651721981278387,2.0,2025-10-30,0.0025
2025-10-01,momentum,LTF,bull,0.7342605776301552,256.3605650934868,246.5080303550401,276.0656345703802,267.73345947265625,time,20,0.041862885434513275,1.1543115229819971,2025-10-31,0.0025
2025-10-01,momentum,EICHERMOT,bull,0.7180010246378836,6927.456432452997,6769.040971183189,7244.287354992614,6769.040971183189,stop,5,-0.025367767241044,-1.0,2025-10-09,0.0025
2025-10-01,momentum,UNOMINDA,bull,0.7134833030599413,1328.766871805498,1273.9059365998205,1438.4887422168533,1273.9059365998205,stop,5,-0.043787103381147496,-1.0,2025-10-09,0.0025
2025-10-01,momentum,NYKAA,bull,0.7038796516231195,241.0,232.0728905359517,258.8542189280966,258.8542189280966,target,3,0.07158389596720588,2.0,2025-10-07,0.0025
2025-10-01,momentum,GABRIEL,bull,0.6983000326021144,1223.3548513943722,1150.10627752416,1369.8519991347964,1369.8519991347964,target,4,0.11725033047316374,2.0,2025-10-08,0.0025
2025-10-01,momentum,MARUTI,bull,0.6956220017698292,15790.416014018609,15395.490124714002,16580.26779262782,16025.0595703125,time,20,0.012359871714942629,0.594145794561751,2025-10-31,0.0025
2025-10-01,momentum,INDIANB,bull,0.6949660586998395,726.5231169007099,698.7767906345294,782.0157694330707,782.0157694330707,target,10,0.07388112434617095,2.0,2025-10-16,0.0025
2025-10-01,momentum,MUTHOOTFIN,bull,0.6766337114267952,3123.5884878711995,3020.7517755463623,3329.261912520874,3329.261912520874,target,11,0.06334523712015788,2.0,2025-10-17,0.0025
2025-10-01,momentum,JSL,bull,0.670322760933352,761.8583398995005,720.1909608790502,845.1930979404011,749.6248779296875,time,20,-0.018557397194636945,-0.29359806777884495,2025-10-31,0.0025
2025-10-01,momentum,GODFRYPHLP,bull,0.6601043267663361,3317.487402032638,3042.7484899800065,3866.9652261379006,3042.7484899800065,stop,17,-0.08531535956528352,-1.0,2025-10-28,0.0025
2025-10-01,momentum,OLECTRA,bull,0.6565693260677193,1559.0,1477.9842646293387,1721.0314707413227,1477.9842646293387,stop,7,-0.054466475542438275,-1.0,2025-10-13,0.0025
2025-10-01,momentum,RADICO,bull,0.6514181919798799,2933.4913561047124,2799.301905965968,3201.8702563822008,3201.8702563822008,target,12,0.08898787833275218,2.0,2025-10-20,0.0025
2025-10-01,momentum,M&M,bull,0.6499557542732057,3426.1207859232754,3308.285151254284,3661.7920552612586,3450.959716796875,time,20,0.00474987016676537,0.21079303339243544,2025-10-31,0.0025
2025-10-01,momentum,RBLBANK,bull,0.6429835592194122,274.2898606975949,262.03473356619804,298.80011496038867,298.80011496038867,target,8,0.08685895114918724,2.0,2025-10-14,0.0025
2025-10-01,control_naive_low,ABREL,bull,-1.0071296586714988,1656.6121204018007,1552.1793620873802,1865.4776370306415,1865.4776370306415,target,19,0.12357991578510358,2.0,2025-10-30,0.0025
2025-10-01,control_naive_low,TORNTPOWER,bull,-1.0108311079147565,1199.3750239797043,1159.3371346523259,1279.4508026344613,1279.4508026344613,target,8,0.06426458743409008,2.0,2025-10-14,0.0025
2025-10-01,control_naive_low,TCS,bull,-1.0166049856603796,2807.454578770542,2727.80154777108,2966.7606407694657,2966.7606407694657,target,14,0.05424394991233944,2.0,2025-10-23,0.0025
2025-10-01,control_naive_low,CROMPTON,bull,-1.0248251881534285,291.49435073338327,279.64656013597175,315.1899319282063,279.64656013597175,stop,8,-0.043145009303278636,-1.0,2025-10-14,0.0025
2025-10-01,control_naive_low,CLEAN,bull,-1.028445497480954,1089.6547514622678,1041.9326837305591,1185.098886925685,1041.9326837305591,stop,4,-0.04629558540690776,-1.0,2025-10-08,0.0025
2025-10-01,control_naive_low,AJANTPHARM,bull,-1.0304644850558828,2363.5919210577435,2259.8088117408247,2571.1581396915813,2415.822265625,time,20,0.019597868968803393,0.5032644031483242,2025-10-31,0.0025
2025-10-01,control_naive_low,PETRONET,bull,-1.0315672235682865,264.55841372710034,256.8598652018534,279.95551077759427,271.0639343261719,time,20,0.022090110393473143,0.8450320963408929,2025-10-31,0.0025
2025-10-01,control_naive_low,ACC,bull,-1.0320104403303638,1817.4838115064292,1773.6338574606505,1905.1837195979867,1870.676025390625,time,20,0.026766953327142576,1.213050618677133,2025-10-31,0.0025
2025-10-01,control_naive_low,COLPAL,bull,-1.0343561441857705,2179.262086702581,2111.6455418936275,2314.4951763204886,2193.146240234375,time,20,0.0038710343131797575,0.2053366313085445,2025-10-31,0.0025
2025-10-01,control_naive_low,SIGNATURE,bull,-1.0351207572851964,1049.0,1003.248046172979,1140.503907654042,1003.248046172979,stop,4,-0.046114827289819804,-1.0,2025-10-08,0.0025
2025-10-01,control_naive_low,JINDALSAW,bull,-1.0431588781459233,202.73218901375574,193.97810217233865,220.24036269658993,193.97810217233865,stop,11,-0.04568054712477415,-1.0,2025-10-17,0.0025
2025-10-09,momentum,NYKAA,bull,0.7533916732578282,263.0,253.1388846048592,282.7222307902816,253.1388846048592,stop,9,-0.03999473534274073,-1.0,2025-10-23,0.0025
2025-10-09,momentum,TATASTEEL,bull,0.7466659665228365,172.44372797158246,167.7737969234966,181.78359006775418,167.7737969234966,stop,2,-0.02958089823281612,-1.0,2025-10-13,0.0025
2025-10-09,momentum,UNOMINDA,bull,0.7325959150654532,1263.4160696091758,1199.0262660404828,1392.1956767465617,1199.0262660404828,stop,3,-0.053464844533449074,-1.0,2025-10-14,0.0025
2025-10-09,momentum,TVSMOTOR,bull,0.7309021470821108,3472.562230570188,3375.898654652936,3665.8893824046927,3686.1158330276003,target,7,0.058997415532952846,2.2092458346484327,2025-10-20,0.0025
2025-10-09,momentum,NMDC,bull,0.7287568270861334,76.61111384648035,74.00667007862887,81.8200013821833,74.00667007862887,stop,3,-0.03649563897570368,-1.0,2025-10-14,0.0025
2025-10-09,momentum,EICHERMOT,bull,0.7257789576638256,6824.039588077104,6642.480378116067,7187.158007999177,6795.34033203125,time,20,-0.0067056110131595275,-0.15807105600433513,2025-11-10,0.0025
2025-10-09,momentum,HEROMOTOCO,bull,0.7195847231842692,5328.242525568182,5154.104671135674,5676.518234433198,5154.104671135674,stop,17,-0.03518204358132865,-1.0,2025-11-04,0.0025
2025-10-09,momentum,GABRIEL,bull,0.7189325136230265,1293.7816626525791,1195.4891143351908,1490.3667592873558,1264.2960205078125,time,20,-0.025290276749102832,-0.2999784078194514,2025-11-10,0.0025
2025-10-09,momentum,ASTERDM,bull,0.6950872566839822,687.0406167883276,663.4195302587474,734.2827898474881,678.6773071289062,time,20,-0.014672947937949985,-0.3540611753378978,2025-11-10,0.0025
2025-10-09,momentum,VEDL,bull,0.6929509918049337,475.0659910649698,458.8096594990054,507.5786541968986,507.5786541968986,target,13,0.06593820383573273,2.0,2025-10-29,0.0025
2025-10-09,momentum,SARDAEN,bull,0.663942061385124,571.9058299681785,536.9836794247459,641.7501310550438,536.9836794247459,stop,6,-0.06356276368152386,-1.0,2025-10-17,0.0025
2025-10-09,momentum,AIIL,bull,0.6635182338968841,657.739990234375,629.3878673115743,714.4442360799765,629.3878673115743,stop,3,-0.045605365864553715,-1.0,2025-10-14,0.0025
2025-10-09,momentum,INDIACEM,bull,0.6630711191840156,392.75,376.9811950016589,424.28760999668225,424.28760999668225,target,14,0.07779945256952842,2.0,2025-10-30,0.0025
2025-10-09,momentum,CARTRADE,bull,0.6591961250058218,2451.0,2318.542815360512,2715.9143692789758,2733.0,target,12,0.11255507955936345,2.128989837489953,2025-10-28,0.0025
2025-10-09,control_naive_low,CLEAN,bull,-1.0018345317211927,1032.5658488650524,985.0687412324489,1127.5600641302594,985.0687412324489,stop,16,-0.04849910764510573,-1.0,2025-11-03,0.0025
2025-10-09,control_naive_low,UBL,bull,-1.012195093691983,1756.5008296928952,1697.1950966578643,1875.112295762957,1767.423095703125,time,20,0.0037181957592011283,0.1841688054640215,2025-11-10,0.0025
2025-10-09,control_naive_low,SIGNATURE,bull,-1.0179149921123798,1006.0,964.8357044682787,1088.3285910634427,1088.3285910634427,target,10,0.07933756566942612,2.0,2025-10-24,0.0025
2025-10-09,control_naive_low,DEEPAKNTR,bull,-1.0270488736177068,1763.943402711403,1718.0158753818075,1855.798457370594,1718.0158753818075,stop,15,-0.028536848608067097,-1.0,2025-10-31,0.0025
2025-10-09,control_naive_low,TRENT,bull,-1.039124400941448,4663.109258899389,4462.835980317932,5063.655816062303,4462.835980317932,stop,20,-0.045448442222159435,-1.0,2025-11-10,0.0025
2025-10-09,control_naive_low,FINCABLES,bull,-1.0425543217143214,800.6983698296781,775.665516391361,850.7640767063122,775.665516391361,stop,6,-0.033763774701629445,-1.0,2025-10-17,0.0025
2025-10-09,control_naive_low,POLYMED,bull,-1.0459803392656382,1900.5081018649105,1807.1444104228706,2087.2354847489905,1858.494140625,time,20,-0.02460669936038867,-0.4500032142151611,2025-11-10,0.0025
2025-10-09,control_naive_low,FIVESTAR,bull,-1.0466068152187091,524.9944339443065,499.6187814129939,575.7457390069317,575.7457390069317,target,13,0.09417017739850769,2.0,2025-10-29,0.0025
2025-10-16,momentum,RBLBANK,bull,0.7610296774407392,304.2123902182348,291.650778429319,329.3356137960664,329.3356137960664,target,10,0.08008448500341742,2.0,2025-10-31,0.0025
2025-10-16,momentum,ANANDRATHI,bull,0.726080371448822,1548.6119182470031,1463.6540449586544,1718.5276648237007,1514.4788818359375,time,20,-0.024541052383029224,-0.4017642519748276,2025-11-17,0.0025
2025-10-16,momentum,ETERNAL,bull,0.7258361265063623,340.0,334.08797645009514,351.8240470998097,334.08797645009514,stop,1,-0.019888304558543676,-1.0,2025-10-17,0.0025
2025-10-16,momentum,BAJFINANCE,bull,0.7086560716868922,1049.6475471792012,1026.5469069533144,1095.8488276309747,1026.5469069533144,stop,11,-0.024507997149106727,-1.0,2025-11-03,0.0025
2025-10-16,momentum,ACUTAAS,bull,0.7084270421808968,1559.9000244140625,1480.8029220583649,1718.0942291254578,1718.0942291254578,target,2,0.09891304073048984,2.0,2025-10-20,0.0025
2025-10-16,momentum,GMDCLTD,bull,0.6985468771831774,591.0,543.6363272408059,685.7273455183881,563.4500122070312,time,20,-0.049115884590471615,-0.5816691609419341,2025-11-17,0.0025
2025-10-16,momentum,ADANIPORTS,bull,0.6958464906152484,1473.290840188477,1433.0328139429162,1553.8068926795986,1433.0328139429162,stop,5,-0.029825240303815777,-1.0,2025-10-24,0.0025
2025-10-16,momentum,ENDURANCE,bull,0.6947138000093149,2939.4958794002946,2775.0606824164856,3268.3662733679125,2775.0606824164856,stop,14,-0.05843993110728779,-1.0,2025-11-07,0.0025
2025-10-16,momentum,CRAFTSMAN,bull,0.6783894555446882,6742.272726396734,6523.637125799822,7179.543927590557,6523.637125799822,stop,5,-0.03492758183615591,-1.0,2025-10-24,0.0025
2025-10-16,momentum,ASAHIINDIA,bull,0.672730659959946,911.8779756097988,866.5038821989141,1002.6261624315682,1002.6261624315682,target,20,0.09701790617717626,2.0,2025-11-17,0.0025
2025-10-16,control_naive_low,IEX,bull,-1.034776668113082,131.1147149525005,126.53235449080694,140.2794358758876,140.2794358758876,target,4,0.06739849252776281,2.0,2025-10-23,0.0025
2025-10-16,control_naive_low,CROMPTON,bull,-1.0381295074426706,285.565640179178,275.47833069368386,305.74025915016625,275.47833069368386,stop,13,-0.0378239608209337,-1.0,2025-11-06,0.0025
2025-10-16,control_naive_low,BLUEDART,bull,-1.044113671778442,5580.0,5379.806579495263,5980.386841009475,5980.386841009475,target,8,0.06925391415940413,2.0,2025-10-29,0.0025
2025-10-24,momentum,NATIONALUM,bull,0.7427372234432366,229.63193598094668,219.3346157438723,250.22657645509545,250.22657645509545,target,10,0.08718543676719931,2.0,2025-11-10,0.0025
2025-10-24,momentum,INDIANB,bull,0.7261740834979915,806.7637512484413,771.5604106519831,877.1704324413575,836.9213256835938,time,20,0.03488092395510395,0.8566679731010151,2025-11-24,0.0025
2025-10-24,momentum,CUMMINSIND,bull,0.7255564587812137,4166.340711704888,4010.038058408502,4478.946018297661,4244.33642578125,time,20,0.016220435862876307,0.49900441503359305,2025-11-24,0.0025
2025-10-24,momentum,HINDCOPPER,bull,0.7160414890593919,344.836723834154,320.79954022673013,392.9110910490017,320.79954022673013,stop,8,-0.07220598531432604,-1.0,2025-11-06,0.0025
2025-10-24,momentum,MOTILALOFS,bull,0.6949539590060568,1032.6648082329502,989.7587444466747,1118.4769358055014,989.7587444466747,stop,3,-0.04404887766505233,-1.0,2025-10-29,0.0025
2025-10-24,momentum,MUTHOOTFIN,bull,0.6915364213318177,3142.4293629651565,3025.515791750632,3376.2565053942053,3376.2565053942053,target,13,0.07190967335170656,2.0,2025-11-13,0.0025
2025-10-24,momentum,BANKINDIA,bull,0.6864998824556666,129.94521193906496,124.9357205671352,139.96419468292447,139.96419468292447,target,9,0.07460159223533153,2.0,2025-11-07,0.0025
2025-10-24,momentum,CHOLAFIN,bull,0.6725209783838598,1745.2087188972955,1673.37818428078,1888.8697881303265,1673.37818428078,stop,8,-0.04365870717280246,-1.0,2025-11-06,0.0025
2025-10-24,momentum,TVSMOTOR,bull,0.6714170692431563,3607.191836453769,3483.349588459268,3854.8763324427714,3483.349588459268,stop,3,-0.03683203821958375,-1.0,2025-10-29,0.0025
2025-10-24,momentum,CANBK,bull,0.6685658804584635,122.21829090993097,117.68563203571648,131.28360865835995,131.28360865835995,target,5,0.0716731673789292,2.0,2025-10-31,0.0025
2025-10-24,momentum,NYKAA,bull,0.6633039689305673,252.6999969482422,240.03428393498257,278.0314229747614,271.1600036621094,time,20,0.0705510761250549,1.4574786823719734,2025-11-24,0.0025
2025-10-24,control_naive_low,JINDALSAW,bull,-1.0062534621944133,179.54579882253606,168.97228040620266,200.69283565520286,168.97228040620266,stop,7,-0.06139036939697101,-1.0,2025-11-04,0.0025
2025-10-24,control_naive_low,TEJASNET,bull,-1.006727783190705,543.0,514.5325182932517,599.9349634134967,514.5325182932517,stop,10,-0.05492630148572436,-1.0,2025-11-10,0.0025
2025-10-24,control_naive_low,FINCABLES,bull,-1.0164128764416553,784.4143244633516,757.9214173718981,837.4001386462586,757.9214173718981,stop,9,-0.0362741245477361,-1.0,2025-11-07,0.0025
2025-10-24,control_naive_low,COHANCE,bull,-1.0238318042220356,875.0,837.9713494506734,949.0573010986532,830.0,stop,3,-0.05392857142857138,-1.2152751810400064,2025-10-29,0.0025
2025-10-31,momentum,ABCAPITAL,bull,0.7750452520677198,325.6499938964844,311.7165394095297,353.5169028703938,353.5169028703938,target,19,0.08307319053034451,2.0,2025-11-28,0.0025
2025-10-31,momentum,CANBK,bull,0.7578606767588516,133.2735934275025,127.6132775214727,144.59422523956212,144.59422523956212,target,10,0.08244279715071795,2.0,2025-11-17,0.0025
2025-10-31,momentum,BEL,bull,0.7282258162554635,425.60788227946875,411.3819534377971,454.05973996281205,408.70288337372733,stop,3,-0.04221965654207743,-1.1883230328147043,2025-11-06,0.0025
2025-10-31,momentum,TATASTEEL,bull,0.7276908147654467,178.71440957861506,174.05944345148976,188.02434183286567,174.05944345148976,stop,3,-0.02854695468094098,-1.0,2025-11-06,0.0025
2025-10-31,momentum,VEDL,bull,0.7214892417657575,493.75390303762333,467.4895936881301,546.2825217366097,524.5397338867188,time,20,0.05985055694688762,1.1721545934993132,2025-12-01,0.0025
2025-10-31,momentum,MARUTI,bull,0.7195138007241265,15856.74963660469,15629.739683170215,16310.769543473642,15629.739683170215,stop,1,-0.016816298020524475,-1.0,2025-11-03,0.0025
2025-10-31,momentum,IIFL,bull,0.7177397430900034,536.0833824694552,506.0679777161675,596.1141919760305,583.1353149414062,time,20,0.08526980225577513,1.5675928030521515,2025-12-01,0.0025
2025-10-31,momentum,SAIL,bull,0.7080967433439286,136.7899932861328,130.95613694207918,148.45770597424007,135.0500030517578,time,20,-0.015220157319807357,-0.2982572987332039,2025-12-01,0.0025
2025-10-31,momentum,HBLENGINE,bull,0.7076662741767265,1000.2256141707297,952.1871982867024,1096.3024459387843,1096.3024459387843,target,5,0.09355516036270511,1.9999999999999976,2025-11-10,0.0025
2025-10-31,momentum,HINDPETRO,bull,0.707484739932158,453.1869122521613,430.65670570335243,498.247325349779,430.65670570335243,stop,16,-0.05221504238028979,-1.0,2025-11-25,0.0025
2025-10-31,momentum,JSWSTEEL,bull,0.7028847666056153,1206.9673783623025,1165.1066123107253,1290.688910465457,1165.1066123107253,stop,3,-0.037182599382575565,-1.0,2025-11-06,0.0025
2025-10-31,momentum,LTF,bull,0.702576762119716,267.74338334855395,258.9573272993475,285.3154954469668,285.3154954469668,target,4,0.06313042521778062,2.0,2025-11-07,0.0025
2025-10-31,momentum,PNB,bull,0.6930534382973143,119.62160893842717,115.64220818934947,127.58041043658257,115.64220818934947,stop,4,-0.03576657101833508,-1.0,2025-11-07,0.0025
2025-10-31,momentum,PAYTM,bull,0.6752574411059387,1300.0999755859375,1259.578511010549,1381.1429047367146,1259.578511010549,stop,14,-0.03366796041560277,-1.0,2025-11-21,0.0025
2025-10-31,control_naive_low,DEEPAKNTR,bull,-1.0019710286458334,1721.0394703215027,1676.8506883157086,1809.417034333091,1675.3481372655199,stop,15,-0.02904868400400334,-1.0340029976384428,2025-11-24,0.0025
2025-10-31,control_naive_low,COHANCE,bull,-1.0058074049689405,753.4000244140625,708.8024701699948,842.595132902198,708.8024701699948,stop,4,-0.0616950528256916,-1.0,2025-11-07,0.0025
2025-10-31,control_naive_low,COLPAL,bull,-1.0427707428414315,2201.942535658005,2130.3732921970204,2345.081022579974,2130.3732921970204,stop,4,-0.03500277530044521,-1.0,2025-11-07,0.0025
2025-10-31,control_naive_low,BATAINDIA,bull,-1.0443859402731845,1021.7531900169455,981.4524115404556,1102.3547469699251,981.4524115404556,stop,9,-0.04194277235466376,-1.0,2025-11-14,0.0025
2025-11-10,momentum,GABRIEL,bull,0.7446255610678005,1280.0350720369363,1187.7454529335546,1464.6143102436997,1187.7454529335546,stop,4,-0.0745992894019068,-1.0,2025-11-14,0.0025
2025-11-10,momentum,RBLBANK,bull,0.7394283014410583,322.61477414934893,309.47231318920706,348.8996960696327,309.47231318920706,stop,7,-0.043237318973674166,-1.0,2025-11-19,0.0025
2025-11-10,momentum,HINDCOPPER,bull,0.7170092133238838,338.1727089546224,317.4652015175295,379.5877238288082,317.4652015175295,stop,9,-0.063733526209448,-1.0,2025-11-21,0.0025
2025-11-10,momentum,SAMMAANCAP,bull,0.7059532246633593,180.0,169.9591211266322,200.0817577467356,169.9591211266322,stop,7,-0.05828266040759894,-1.0,2025-11-19,0.0025
2025-11-10,momentum,MCX,bull,0.6912119064493266,1905.4311202948834,1816.2267464346587,2083.8398680153327,2083.8398680153327,target,13,0.09113169616587297,2.0,2025-11-27,0.0025
2025-11-10,momentum,USHAMART,bull,0.6900543349870067,477.16516547157363,451.5064117088266,528.4826729970678,451.5064117088266,stop,3,-0.056273317122571054,-1.0,2025-11-13,0.0025
2025-11-10,momentum,UNIONBANK,bull,0.6896158863036643,149.81671583574206,143.84931603923496,161.75151542875625,143.84931603923496,stop,20,-0.0423313349963545,-1.0,2025-12-08,0.0025
2025-11-10,momentum,EICHERMOT,bull,0.681124497991968,6800.288494188366,6601.4410385394485,7197.9834054862,6601.4410385394485,stop,4,-0.031741032320739826,-1.0,2025-11-14,0.0025
2025-11-10,momentum,SBIN,bull,0.6741528034359158,936.7156357136287,912.7464298251466,984.6540474905928,939.466064453125,time,20,0.0004362472821337082,0.11474842981001691,2025-12-08,0.0025
2025-11-10,momentum,SOBHA,bull,0.6665890199570417,1639.2806455268376,1558.9663980220603,1799.9091405363922,1558.9663980220603,stop,4,-0.051493592234455765,-1.0,2025-11-14,0.0025
2025-11-10,momentum,GPIL,bull,0.6554689345617766,271.18083390525226,257.41834377108,298.70581417359676,257.41834377108,stop,7,-0.05325023162949899,-1.0,2025-11-19,0.0025
2025-11-10,reversal,TORNTPOWER,bull,0.5854819277108434,1300.4735853112381,1224.9851130559898,1489.194765949359,1237.9404296875,time,20,-0.05058491024350359,-0.8283801984002999,2025-12-08,0.0025
2025-11-10,control_naive_low,TARIL,bull,-1.0,301.25,284.28689489162934,335.1762102167413,284.28689489162934,stop,1,-0.058809062600400475,-1.0,2025-11-11,0.0025
2025-11-10,control_naive_low,TEJASNET,bull,-1.0034708448187848,508.95001220703125,484.18109843806417,558.4878397449654,484.18109843806417,stop,10,-0.051166692553082316,-1.0,2025-11-24,0.0025
2025-11-10,control_naive_low,COHANCE,bull,-1.003916263104805,705.3499755859375,664.55323192858,786.9434629006525,664.55323192858,stop,3,-0.060339009101074204,-1.0,2025-11-13,0.0025
2025-11-10,control_naive_low,SAPPHIRE,bull,-1.0043553284121498,265.0,248.87049028903428,297.25901942193144,248.87049028903428,stop,3,-0.06336607438100267,-1.0,2025-11-13,0.0025
2025-11-10,control_naive_low,TRENT,bull,-1.004950053294432,4288.6625270201985,4112.42765268167,4641.132275697255,4112.42765268167,stop,20,-0.04359320172155817,-1.0,2025-12-08,0.0025
2025-11-10,control_naive_low,CLEAN,bull,-1.0146757045503298,933.2806146555934,888.6387625615341,1022.5643188437118,888.6387625615341,stop,16,-0.05033325764302238,-1.0,2025-12-02,0.0025
2025-11-10,control_naive_low,COLPAL,bull,-1.02030824864147,2144.7171511102965,2090.6764078768047,2252.7986375772803,2090.6764078768047,stop,17,-0.027697142292406992,-1.0,2025-12-03,0.0025
2025-11-10,control_naive_low,UBL,bull,-1.023930021552111,1766.3309348922455,1720.5261924837816,1857.9404197091733,1720.5261924837816,stop,9,-0.02843214074646677,-1.0,2025-11-21,0.0025
2025-11-10,control_naive_low,POLYMED,bull,-1.024363309132324,1858.4942228138411,1771.4774589092349,2032.5277506230536,2032.5277506230536,target,1,0.0911422215753343,2.0,2025-11-11,0.0025
2025-11-10,control_naive_low,SIGNATURE,bull,-1.0338056927267838,1022.0,978.8018789718678,1108.3962420562643,1108.3962420562643,target,3,0.08203644036816476,2.0,2025-11-13,0.0025
2025-11-10,control_naive_low,RKFORGE,bull,-1.0403351846280453,533.5408809501763,512.0118514718695,576.59893990679,576.59893990679,target,3,0.07820245503949413,2.0,2025-11-13,0.0025
2025-11-10,control_naive_low,ACC,bull,-1.0416079231676258,1843.3342278849523,1785.71760204125,1958.5674795723567,1958.5674795723567,target,10,0.060013487757249295,2.0,2025-11-24,0.0025
2025-11-10,control_naive_low,CROMPTON,bull,-1.0416201012417219,277.06783394231894,267.3828134911846,296.4378748445876,267.3828134911846,stop,8,-0.037455412590949144,-1.0,2025-11-20,0.0025
2025-11-10,control_naive_low,INDGN,bull,-1.0421577937110267,517.079642306403,495.65301020387943,559.9329065114501,523.3023071289062,time,20,0.009534248331161068,0.2904173083631916,2025-12-08,0.0025
2025-11-10,control_naive_low,PAGEIND,bull,-1.0426847956252778,39454.10862327511,38403.77859701819,41554.76867578896,38403.77859701819,stop,4,-0.029121562694165267,-1.0,2025-11-14,0.0025
2025-11-10,control_naive_low,PETRONET,bull,-1.0434047715767794,267.54613159575933,259.73209254439456,283.1742096984889,267.71160888671875,time,20,-0.00188149996797776,0.021176921419469242,2025-12-08,0.0025
2025-11-10,control_naive_low,LTTS,bull,-1.044019675664637,4040.933837213965,3928.734490681028,4265.3325302798385,4265.3325302798385,target,7,0.05303139499571369,1.999999999999996,2025-11-19,0.0025
2025-11-10,control_naive_low,CHAMBLFERT,bull,-1.0463072014091892,457.09456036008635,442.1965039867133,486.8906731068324,442.1965039867133,stop,10,-0.03509294173537475,-1.0,2025-11-24,0.0025
2025-11-17,momentum,HEROMOTOCO,bull,0.7496394132162036,5625.9742909545,5415.744898127966,6046.433076607569,6046.433076607569,target,10,0.07223528386524752,2.0,2025-12-01,0.0025
2025-11-17,momentum,ASAHIINDIA,bull,0.7343478493465653,1000.046927540862,952.430832418802,1095.2791177849822,1007.6314086914062,time,20,0.005084125246196782,0.15928398015633144,2025-12-15,0.0025
2025-11-17,momentum,LAURUSLABS,bull,0.717666174068519,1026.9775490769562,987.0641360503873,1106.8043751300938,987.0641360503873,stop,2,-0.041364932405234034,-1.0,2025-11-19,0.0025
2025-11-17,momentum,STARHEALTH,bull,0.7147483130413868,522.0,498.3252492825778,569.3495014348445,498.3252492825778,stop,4,-0.047853928577437255,-1.0,2025-11-21,0.0025
2025-11-17,momentum,ASHOKLEY,bull,0.6942658008525198,146.94329402970135,139.5647187520092,161.70044458508562,161.70044458508562,target,11,0.09792751969614505,2.0,2025-12-02,0.0025
2025-11-17,momentum,BANKINDIA,bull,0.6789357088989443,142.747036336361,137.7481751352897,152.74475873850358,137.7481751352897,stop,12,-0.0375190191640285,-1.0,2025-12-03,0.0025
2025-11-17,momentum,PNB,bull,0.6773331447963801,120.14635772748295,115.9370127156241,128.56504775120064,115.9370127156241,stop,12,-0.03753514456431978,-1.0,2025-12-03,0.0025
2025-11-17,momentum,AUBANK,bull,0.6667986425339367,911.7646004794544,881.8666816530767,971.5604381322098,971.5604381322098,target,16,0.063082539200701,2.0,2025-12-09,0.0025
2025-11-17,momentum,ANANDRATHI,bull,0.6656674208144796,1521.9143483405944,1448.5241534267657,1668.694738168252,1448.5241534267657,stop,3,-0.05072228990340294,-1.0,2025-11-20,0.0025
2025-11-17,momentum,FEDERALBNK,bull,0.665549585218703,238.62477535071787,232.0048717980188,251.864582456116,251.864582456116,target,6,0.05298379075868803,2.0,2025-11-25,0.0025
2025-11-17,momentum,MARUTI,bull,0.6608173076923077,15720.122513045355,15345.05151294045,16470.264513255162,16251.7822265625,time,20,0.031320328885856064,1.4174908573801857,2025-12-15,0.0025
2025-11-17,momentum,ECLERX,bull,0.6604732277526396,2283.7338819418633,2151.085394993731,2549.030855838128,2323.91162109375,time,20,0.015093003926413386,0.30288878581477413,2025-12-15,0.0025
2025-11-17,control_naive_low,BATAINDIA,bull,-1.0015794428291585,968.6900320410516,936.254594989761,1033.5609061436328,936.254594989761,stop,10,-0.0359838142010695,-1.0,2025-12-01,0.0025
2025-11-17,control_naive_low,COHANCE,bull,-1.004352865419182,616.0,571.6103489425241,704.7793021149519,571.6103489425241,stop,5,-0.07456112184655189,-1.0,2025-11-24,0.0025
2025-11-17,control_naive_low,PAGEIND,bull,-1.0237505636688338,39060.55112406063,37533.28405581078,42115.08526056033,37533.28405581078,stop,10,-0.041599987693442475,-1.0,2025-12-01,0.0025
2025-11-17,control_naive_low,THERMAX,bull,-1.025425344145348,2998.2546552112835,2886.728776737074,3221.3064121597026,2886.728776737074,stop,2,-0.03969693331597629,-1.0,2025-11-19,0.0025
2025-11-17,control_naive_low,TMPV,bull,-1.0267217967135849,370.03047917522923,346.36724923249005,417.3569390607076,346.36724923249005,stop,15,-0.06644940761496937,-1.0,2025-12-08,0.0025
2025-11-17,control_naive_low,AFCONS,bull,-1.0328205009222833,402.20640160315514,384.3865129519175,437.84617890563044,384.3865129519175,stop,2,-0.04680533323241337,-1.0,2025-11-19,0.0025
2025-11-17,control_naive_low,SJVN,bull,-1.038673254411888,81.82560202068363,79.38350059086723,86.70980488031644,79.38350059086723,stop,4,-0.032345199662559165,-1.0,2025-11-21,0.0025
2025-11-17,control_naive_low,SAPPHIRE,bull,-1.039081872741827,254.0500030517578,236.10109756965008,289.9478140159733,236.10109756965008,stop,16,-0.07315107367249668,-1.0,2025-12-09,0.0025
2025-11-17,control_naive_low,SUMICHEM,bull,-1.0405486578907208,461.58724439620863,442.4911129829557,499.77950722271447,442.4911129829557,stop,5,-0.04387057868276262,-1.0,2025-11-24,0.0025
2025-11-17,control_naive_low,JINDALSAW,bull,-1.0414919977461654,167.3878183263763,160.24073776533876,181.6819794484514,160.24073776533876,stop,5,-0.04519773411528677,-1.0,2025-11-24,0.0025
2025-11-17,control_naive_low,BAJAJHFL,bull,-1.041610096789712,107.23999786376953,105.42512995332248,110.86973368466363,105.42512995332248,stop,4,-0.019423423597532515,-1.0,2025-11-21,0.0025
2025-11-24,momentum,EICHERMOT,bull,0.758691128889867,7183.277850058119,6973.031023101764,7603.771503970829,6973.031023101764,stop,3,-0.031768925878267906,-1.0,2025-11-27,0.0025
2025-11-24,momentum,ACUTAAS,bull,0.7545332323383931,1880.0,1766.9087277906801,2106.1825444186397,1766.9087277906801,stop,2,-0.06265493202623401,-1.0,2025-11-26,0.0025
2025-11-24,momentum,INDIANB,bull,0.7088350634371395,838.0963063822118,809.7273147202276,894.8342897061801,809.7273147202276,stop,7,-0.036349321904834364,-1.0,2025-12-03,0.0025
2025-11-24,momentum,LTF,bull,0.7086505190311418,289.96460062107553,278.70943529666016,312.4749312699063,300.25860595703125,time,20,0.03300090360653324,0.9146027658630078,2025-12-22,0.0025
2025-11-24,momentum,AXISBANK,bull,0.6861306026418419,1268.1219878416657,1238.1711457483866,1328.023672028224,1238.1711457483866,stop,16,-0.026118265735030118,-1.0,2025-12-16,0.0025
2025-11-24,momentum,NATIONALUM,bull,0.685121107266436,247.0218874131243,236.3105888931092,268.4444844531545,268.4444844531545,target,9,0.08422347727714746,2.0000000000000027,2025-12-05,0.0025
2025-11-24,momentum,CANBK,bull,0.6848673587081892,141.97650886075,137.22799990623224,151.47352676978548,137.22799990623224,stop,11,-0.03594573685196795,-1.0,2025-12-09,0.0025
2025-11-24,momentum,TATACOMM,bull,0.6845674740484429,1857.2118959493998,1781.850218304039,2007.9352512401217,1781.850218304039,stop,10,-0.043077856414621085,-1.0,2025-12-08,0.0025
2025-11-24,momentum,SBILIFE,bull,0.6836446374541002,1969.6619155792798,1962.1552224902755,1984.6753017572885,1984.6753017572885,target,1,0.005122316327110967,2.0,2025-11-25,0.0025
2025-11-24,momentum,JKTYRE,bull,0.678085351787774,440.86416351230713,422.0316806124132,478.529129312095,478.529129312095,target,19,0.08293440115367051,2.0,2025-12-19,0.0025
2025-11-24,momentum,POWERINDIA,bull,0.6751511106603697,21474.873081909438,20548.095325515453,23328.42859469741,20548.095325515453,stop,8,-0.045656378752929994,-1.0,2025-12-04,0.0025
2025-11-24,momentum,KARURVYSYA,bull,0.6739792387543253,241.63071633826948,232.19780308310706,260.49654284859434,250.6307373046875,time,20,0.03474700693192706,0.954108314469288,2025-12-22,0.0025
2025-11-24,control_naive_low,CROMPTON,bull,-1.0015094109301297,261.8508442794017,253.5200157222582,278.51250139368875,253.5200157222582,stop,7,-0.03431516782987459,-1.0,2025-12-03,0.0025
2025-11-24,control_naive_low,DEEPAKNTR,bull,-1.0032097236717177,1617.9104475061074,1571.8562856175488,1710.0187712832246,1571.8562856175488,stop,1,-0.030965210765866388,-1.0,2025-11-25,0.0025
2025-11-24,control_naive_low,FINCABLES,bull,-1.003825470585151,741.7183469859052,716.7830900683897,791.5888608209362,716.7830900683897,stop,10,-0.03611822856188479,-1.0,2025-12-08,0.0025
2025-11-24,control_naive_low,PCBL,bull,-1.00401230800299,319.53856413209866,307.6739677218486,343.26775695259875,307.6739677218486,stop,9,-0.03963040534708412,-1.0,2025-12-05,0.0025
2025-11-24,control_naive_low,SUMICHEM,bull,-1.004402261283925,448.41897853723316,425.35623593700274,494.544463737694,453.90576171875,time,20,0.009735840685010712,0.23790679524221126,2025-12-22,0.0025
2025-11-24,control_naive_low,CHAMBLFERT,bull,-1.0055936351758705,434.5481588033822,418.95360538802555,465.7372656340955,418.95360538802555,stop,10,-0.03838682427811785,-1.0,2025-12-08,0.0025
2025-11-24,control_naive_low,UBL,bull,-1.006672206536975,1692.853768147923,1648.063145365785,1782.4350137121987,1648.063145365785,stop,11,-0.028958648481576418,-1.0,2025-12-09,0.0025
2025-11-24,control_naive_low,TEJASNET,bull,-1.0074937680042755,484.0,459.8621340554873,532.2757318890255,459.8621340554873,stop,11,-0.05237162385229904,-1.0,2025-12-09,0.0025
2025-11-24,control_naive_low,SJVN,bull,-1.0079989491662058,77.57466436367277,75.57117831535471,81.58163646030887,75.57117831535471,stop,6,-0.02832655129419109,-1.0,2025-12-02,0.0025
2025-11-24,control_naive_low,COHANCE,bull,-1.0081386685891516,569.7999877929688,531.5775468293699,646.2448697201664,531.5775468293699,stop,10,-0.06958045240865568,-1.0,2025-12-08,0.0025
2025-11-24,control_naive_low,THERMAX,bull,-1.0095774475957306,2852.350639387077,2742.2855313137156,3072.4808555338,2742.2855313137156,stop,10,-0.04108750973793768,-1.0,2025-12-08,0.0025
2025-11-24,control_naive_low,JINDALSAW,bull,-1.0110437946370978,160.52108221600014,153.95854257528762,173.64616149742517,153.95854257528762,stop,11,-0.043382727365878615,-1.0,2025-12-09,0.0025
2025-11-24,control_naive_low,RKFORGE,bull,-1.0154909699543937,516.518207747484,494.64245505736415,560.2697131277237,494.64245505736415,stop,17,-0.044852336010610616,-1.0,2025-12-17,0.0025
2025-11-24,control_naive_low,SAREGAMA,bull,-1.0157620619309429,369.45001220703125,353.0606003926096,402.2288358358745,402.2288358358745,target,3,0.08622329826984759,2.0,2025-11-27,0.0025
2025-11-24,control_naive_low,TARIL,bull,-1.0189580983505153,289.54998779296875,257.4871744478901,353.6756144831261,257.4871744478901,stop,6,-0.11323325745744434,-1.0,2025-12-02,0.0025
2025-12-01,momentum,ABCAPITAL,bull,0.8099494295808117,356.1000061035156,344.37877987776767,379.54245855501154,344.37877987776767,stop,13,-0.03541554626466553,-1.0,2025-12-18,0.0025
2025-12-01,momentum,SHRIRAMFIN,bull,0.7829291306078761,850.936576322239,819.2594394773337,914.2908500120498,819.2594394773337,stop,2,-0.039726201959509655,-1.0,2025-12-03,0.0025
2025-12-01,momentum,BANKBARODA,bull,0.775439125209066,287.694803757784,277.3679065786382,308.3485981160755,277.3679065786382,stop,2,-0.03839532047245514,-1.0,2025-12-03,0.0025
2025-12-01,momentum,IIFL,bull,0.773453722637475,582.688591959145,559.8034536233105,628.4588686308141,556.8795662199582,stop,4,-0.04679299988937563,-1.1277635887729789,2025-12-05,0.0025
2025-12-01,momentum,MCX,bull,0.7708186605541962,2037.806887632469,1956.4400170434596,2200.5406288104878,1956.4400170434596,stop,7,-0.042428646371169,-1.0,2025-12-10,0.0025
2025-12-01,momentum,M&MFIN,bull,0.7670073572409829,359.46247567477803,341.3593503306794,395.66872636297535,341.3593503306794,stop,3,-0.05286165544154703,-1.0,2025-12-04,0.0025
2025-12-01,momentum,HINDCOPPER,bull,0.758477508650519,337.426712929728,319.2355666406118,373.8090055079604,373.8090055079604,target,5,0.10532279880078538,2.0,2025-12-08,0.0025
2025-12-01,momentum,PAYTM,bull,0.7096284782565105,1366.699951171875,1314.3665465098798,1471.3667604958655,1314.3665465098798,stop,5,-0.04079180254021525,-1.0,2025-12-08,0.0025
2025-12-01,momentum,VEDL,bull,0.7002306805074971,522.1299416683062,507.22086865165846,551.9480877016016,507.22086865165846,stop,5,-0.03105433451874134,-1.0,2025-12-08,0.0025
2025-12-01,momentum,CUB,bull,0.6932756632064591,208.79390456650282,198.78964098290217,228.8024317337041,198.78964098290217,stop,2,-0.05041453852243177,-1.0,2025-12-03,0.0025
2025-12-01,momentum,IDFCFIRSTB,bull,0.6909111880046135,80.31406410105257,78.15332097735843,84.63555034844083,78.15332097735843,stop,6,-0.029403670582221427,-1.0,2025-12-09,0.0025
2025-12-01,momentum,CUMMINSIND,bull,0.6834288866306607,4486.419227458773,4341.35322843053,4776.551225515259,4341.35322843053,stop,13,-0.03483447247648591,-1.0,2025-12-18,0.0025
2025-12-01,control_naive_low,AAVAS,bull,-1.0022473556475613,1516.300048828125,1439.5652379709504,1669.7696705424742,1439.5652379709504,stop,14,-0.05310661372165698,-1.0,2025-12-19,0.0025
2025-12-01,control_naive_low,DEEPAKNTR,bull,-1.0035707328609023,1538.771897651118,1492.0011716929241,1632.3133495675058,1632.3133495675058,target,14,0.058289680432282054,2.0,2025-12-19,0.0025
2025-12-01,control_naive_low,DEVYANI,bull,-1.0045072575535134,133.6999969482422,126.13533498031572,148.82932088409513,126.13533498031572,stop,13,-0.05907937277930447,-1.0,2025-12-18,0.0025
2025-12-01,control_naive_low,PAGEIND,bull,-1.0053756215562424,36855.919866041746,35701.88938876851,39163.980820588215,35701.88938876851,stop,12,-0.03381194341282828,-1.0,2025-12-17,0.0025
2025-12-01,control_naive_low,NCC,bull,-1.0157393043618939,168.42020194285826,161.6788134826462,181.90297886328236,161.6788134826462,stop,5,-0.04252719615844708,-1.0,2025-12-08,0.0025
2025-12-01,control_naive_low,PPLPHARMA,bull,-1.0179374789885385,184.60000610351562,178.17081447788223,197.4583893547824,178.17081447788223,stop,4,-0.03732768912818013,-1.0,2025-12-05,0.0025
2025-12-01,control_naive_low,INOXWIND,bull,-1.0211785938591105,132.99000549316406,126.84153370525777,145.28694906897664,126.84153370525777,stop,4,-0.048732585412009255,-1.0,2025-12-05,0.0025
2025-12-08,momentum,HINDCOPPER,bull,0.7921550671550671,359.5571517230341,341.52063230186997,395.6301905653624,395.6301905653624,target,10,0.09782630047674651,2.0,2025-12-22,0.0025
2025-12-08,momentum,NATIONALUM,bull,0.7810033691520076,261.28443668261355,253.489703266847,276.87390351414666,276.87390351414666,target,8,0.057164735601798966,2.0,2025-12-18,0.0025
2025-12-08,momentum,HEROMOTOCO,bull,0.7546773090925847,5958.506383701675,5780.967486568337,6313.584177968351,5780.967486568337,stop,1,-0.03229587260642369,-1.0,2025-12-09,0.0025
2025-12-08,momentum,MUTHOOTFIN,bull,0.7484593837535014,3721.631890599327,3627.5666266757353,3909.7624184465108,3916.8810076037535,target,20,0.04996330715770586,2.075677129477094,2026-01-06,0.0025
2025-12-08,momentum,CANFINHOME,bull,0.7078664799253035,899.8814657615899,863.437631143622,972.7691349975257,941.1898803710938,time,20,0.043404284265421145,1.133481562588849,2026-01-06,0.0025
2025-12-08,momentum,INDUSTOWER,bull,0.7052430171737004,386.3595951806741,373.2715391723582,412.5357071973059,412.5357071973059,target,12,0.06525064562429467,2.0,2025-12-24,0.0025
2025-12-08,momentum,COFORGE,bull,0.7008464689017311,1928.9862644778575,1876.3519337187547,2034.254925996063,1876.3519337187547,stop,1,-0.02978600598581765,-1.0,2025-12-09,0.0025
2025-12-08,momentum,LTM,bull,0.6997462375447968,6142.679299408074,5994.205062323429,6439.627773577365,5994.205062323429,stop,9,-0.026670924420383265,-1.0,2025-12-19,0.0025
2025-12-08,momentum,MFSL,bull,0.6970354808590102,1705.0,1636.2007845741389,1842.5984308517222,1636.2007845741389,stop,14,-0.04285144599757246,-1.0,2025-12-29,0.0025
2025-12-08,momentum,CUB,bull,0.6937908496732027,197.05389465897076,185.353332863993,220.4550182489263,220.4550182489263,target,12,0.11625494077625026,2.0,2025-12-24,0.0025
2025-12-08,momentum,SHRIRAMFIN,bull,0.6854108309990663,825.331362071542,799.8269749962617,876.3401362221026,876.3401362221026,target,9,0.059303993516653664,2.0,2025-12-19,0.0025
2025-12-08,momentum,HINDALCO,bull,0.6841036414565826,814.7496541291194,790.425941335502,863.3970797163544,863.3970797163544,target,10,0.0572084335546405,2.0,2025-12-22,0.0025
2025-12-08,momentum,FEDERALBNK,bull,0.6833333333333333,255.57687041802043,249.82134321396956,267.08792482612216,267.08792482612216,target,9,0.042539499815747506,1.9999999999999951,2025-12-19,0.0025
2025-12-08,momentum,IIFL,bull,0.682422969187675,547.995248186675,527.511097041305,588.963550477415,588.963550477415,target,12,0.0722603239741672,2.0,2025-12-24,0.0025
2025-12-08,control_naive_low,FINCABLES,bull,-1.0030769401496942,714.9092521632843,690.5567530417799,763.6142504062933,763.6142504062933,target,6,0.06562752541057443,2.0,2025-12-16,0.0025
2025-12-08,control_naive_low,PCBL,bull,-1.0035610428140191,304.44926953251627,294.7073617246942,323.93308514816044,294.7073617246942,stop,14,-0.034498460113833895,-1.0,2025-12-29,0.0025
2025-12-08,control_naive_low,CROMPTON,bull,-1.0045716314153563,249.30178790507733,241.05957147672567,265.78622076178067,256.81146240234375,time,20,0.027622826476181476,0.9111231866509298,2026-01-06,0.0025
2025-12-08,control_naive_low,SAREGAMA,bull,-1.0047653253328068,344.0,326.9938178454432,378.01236430911365,378.01236430911365,target,5,0.09637315206137681,2.0,2025-12-15,0.0025
2025-12-08,control_naive_low,JWL,bull,-1.005731213234159,254.64999389648438,242.5199111712156,278.91015934702193,278.91015934702193,target,10,0.09276866692327251,2.0,2025-12-22,0.0025
2025-12-08,control_naive_low,MGL,bull,-1.005915016398206,1092.6239617094923,1053.3249535342204,1171.221978060036,1053.3249535342204,stop,20,-0.038467551099452046,-1.0,2026-01-06,0.0025
2025-12-08,control_naive_low,BAJAJHFL,bull,-1.0060157397144547,93.44999694824219,90.76244448216427,98.82510188039802,96.94999694824219,time,20,0.0349531847436923,1.3023001575510555,2026-01-06,0.0025
2025-12-08,control_naive_low,PFC,bull,-1.006909750253872,329.122003546417,319.26936903651074,348.82727256622945,319.26936903651074,stop,8,-0.03243611610205427,-1.0,2025-12-18,0.0025
2025-12-08,control_naive_low,PPLPHARMA,bull,-1.0072087661130267,174.64999389648438,167.78135968346217,188.38726232252878,167.78135968346217,stop,6,-0.04182799572322499,-1.0,2025-12-16,0.0025
2025-12-08,control_naive_low,TMPV,bull,-1.0072296127479816,345.63286071076647,331.12269962296364,374.6531828863721,365.8650207519531,time,20,0.05603656391229944,1.3943442749366661,2026-01-06,0.0025
2025-12-08,control_naive_low,RECLTD,bull,-1.0073507790506746,328.403088555094,320.0590964179372,345.0910728294075,320.0590964179372,stop,8,-0.027907776077468135,-1.0,2025-12-18,0.0025
2025-12-08,control_naive_low,SJVN,bull,-1.007637919926965,69.78781225466794,67.39743092741728,74.56857490916927,74.56857490916927,target,1,0.06600426313774527,2.0,2025-12-09,0.0025
2025-12-08,control_naive_low,CHAMBLFERT,bull,-1.0079022695036808,413.28452775560413,400.63471014823466,438.5841629703431,438.5841629703431,target,6,0.058716023140599816,2.0,2025-12-16,0.0025
2025-12-08,control_naive_low,NCC,bull,-1.009044209751031,159.52747205286337,153.81501777097853,170.95238061663306,153.81501777097853,stop,7,-0.03830859276696791,-1.0,2025-12-17,0.0025
2025-12-08,control_naive_low,INOXWIND,bull,-1.0091609638977788,124.4800033569336,118.20418488928657,137.03164029222765,122.56999969482422,time,20,-0.017843859339661424,-0.30434335727774586,2026-01-06,0.0025
2025-12-08,control_naive_low,ACE,bull,-1.009178547803187,923.204376614929,888.6961803902784,992.22076906423,992.22076906423,target,5,0.07225743637867094,2.0,2025-12-15,0.0025
2025-12-15,momentum,VEDL,bull,0.7432705679281031,538.9982513615288,521.323284397968,574.3481852886504,580.3083669175189,target,5,0.07414239253400051,2.3372103405429967,2025-12-22,0.0025
2025-12-15,momentum,IDFCFIRSTB,bull,0.7354455627601031,83.09588677603062,80.89122717330257,87.50520598148674,82.71700286865234,time,20,-0.00705959882105228,-0.1718559667485394,2026-01-13,0.0025
2025-12-15,momentum,MOTHERSON,bull,0.6897154585046558,119.42114353630382,115.60009870731557,127.06323319428031,115.60009870731557,stop,3,-0.03449638452487819,-1.0,2025-12-18,0.0025
2025-12-15,momentum,CRAFTSMAN,bull,0.6863310708898945,7076.364833844252,6784.108905768482,7660.876689995791,7660.876689995791,target,11,0.08010058234363265,2.0,2025-12-31,0.0025
2025-12-15,momentum,MCX,bull,0.6853223981900455,2032.2204465407037,1943.4264102636196,2209.8085190948723,2209.8085190948723,target,8,0.08488622468662949,2.0000000000000027,2025-12-26,0.0025
2025-12-15,momentum,CANBK,bull,0.6833663273001508,143.5641490919684,138.3676497797022,153.95714771650083,146.04238891601562,time,20,0.014762247153776888,0.47690563880137465,2026-01-13,0.0025
2025-12-15,momentum,SAGILITY,bull,0.6826687405731524,50.54423232287427,48.06809344179146,55.496510085039894,50.65398025512695,time,20,-0.0003286754549634541,0.04432220385178407,2026-01-13,0.0025
2025-12-15,momentum,AUBANK,bull,0.6772388763197588,975.0531078074088,948.4057905139359,1028.3477423943546,971.0070190429688,time,20,-0.006649608602897926,-0.15183850291117632,2026-01-13,0.0025
2025-12-15,momentum,ASHOKLEY,bull,0.676530361053827,163.70732164453997,157.95791380188206,175.2061373298558,175.2061373298558,target,6,0.06774008193282505,2.0,2025-12-23,0.0025
2025-12-15,momentum,PHOENIXLTD,bull,0.6732888183861737,1787.0330782396563,1725.027523676245,1911.044187366479,1911.044187366479,target,14,0.06689497127215,2.0,2026-01-05,0.0025
2025-12-15,control_naive_low,ACC,bull,-1.0042937752702639,1772.742592759895,1723.1110492225262,1872.0056798346325,1723.1110492225262,stop,8,-0.030497039017435664,-1.0,2025-12-26,0.0025
2025-12-15,control_naive_low,MANKIND,bull,-1.005258193038439,2142.5,2079.570407840885,2268.3591843182303,2268.3591843182303,target,16,0.056244076694623224,2.0,2026-01-07,0.0025
2025-12-15,control_naive_low,UBL,bull,-1.0082920598600695,1617.8872531395155,1571.713438275005,1710.2348828685363,1571.713438275005,stop,4,-0.03103957516193417,-1.0,2025-12-19,0.0025
2025-12-15,control_naive_low,BLUEDART,bull,-1.0160335192429393,5427.5,5242.877315705103,5796.745368589794,5242.877315705103,stop,3,-0.03651615555870974,-1.0,2025-12-18,0.0025
2025-12-15,control_naive_low,PATANJALI,bull,-1.0167944677368694,525.5165336477155,505.2912945918471,565.9670117594524,565.9670117594524,target,14,0.07447279823141234,2.0,2026-01-05,0.0025
2025-12-15,control_naive_low,COHANCE,bull,-1.017264531384517,530.4000244140625,503.072961973887,585.0541492944135,503.072961973887,stop,15,-0.05402160856395871,-1.0,2026-01-06,0.0025
2025-12-15,control_naive_low,JUBLFOOD,bull,-1.022125866594896,575.8622544852177,554.9381216697328,617.7105201161875,554.9381216697328,stop,2,-0.03883530875224611,-1.0,2025-12-17,0.0025
2025-12-15,control_naive_low,TATACHEM,bull,-1.0253012765482004,753.4162842986642,731.8009268592814,796.6469991774298,731.8009268592814,stop,15,-0.031189793265490703,-1.0,2026-01-06,0.0025
2025-12-15,control_naive_low,HAVELLS,bull,-1.0263740272091142,1398.7283904424132,1365.9657830398448,1464.25360524755,1464.25360524755,target,15,0.04434627498295879,2.0,2026-01-06,0.0025
2025-12-15,control_naive_low,TEJASNET,bull,-1.0288346119198497,469.0,442.07250061704065,522.8549987659187,442.07250061704065,stop,4,-0.059914710837866425,-1.0,2025-12-19,0.0025
2025-12-22,momentum,NATIONALUM,bull,0.7954535327393246,285.30045842974647,274.05248680633866,307.7964016765621,307.7964016765621,target,4,0.07635000735936454,2.0,2025-12-29,0.0025
2025-12-22,momentum,JKTYRE,bull,0.7881290275228995,487.8909996712815,464.0891875087386,535.4946239963674,505.8602294921875,time,20,0.03433041874724635,0.7549521733132684,2026-01-21,0.0025
2025-12-22,momentum,LAURUSLABS,bull,0.7631992503384828,1067.4372784947739,1027.8451196519238,1146.621596180474,1027.8451196519238,stop,14,-0.039590852680993216,-1.0,2026-01-12,0.0025
2025-12-22,momentum,FEDERALBNK,bull,0.7582071943073555,269.37969699725284,261.84419150255735,284.4507079866438,261.84419150255735,stop,2,-0.030473546554150074,-1.0,2025-12-24,0.0025
2025-12-22,momentum,HINDCOPPER,bull,0.7503847606470267,404.1163684871705,378.65203744143975,455.04503057863207,455.04503057863207,target,3,0.12352474451137802,2.0,2025-12-26,0.0025
2025-12-22,momentum,M&MFIN,bull,0.748503732818014,387.2864680700959,364.8174429978813,432.2245182145251,364.8174429978813,stop,10,-0.06051655086009328,-1.0,2026-01-06,0.0025
2025-12-22,momentum,LTF,bull,0.7357723577235773,301.644335399546,289.10020415390267,326.7325978908326,289.10020415390267,stop,15,-0.04408583395583371,-1.0,2026-01-13,0.0025
2025-12-22,momentum,HINDALCO,bull,0.7211745206880726,866.4798004962512,834.9867957191458,929.465810050462,929.465810050462,target,9,0.07019183830729497,2.0,2026-01-05,0.0025
2025-12-22,momentum,BANKINDIA,bull,0.6977283596365375,138.48620733845212,133.5585788667293,148.34146428189774,148.34146428189774,target,10,0.06866417680036502,2.0,2026-01-06,0.0025
2025-12-22,momentum,KARURVYSYA,bull,0.6924916307986609,251.64287097890397,242.28272809179816,270.3631567531156,270.3631567531156,target,7,0.0718922754552464,2.000000000000003,2026-01-01,0.0025
2025-12-22,momentum,UPL,bull,0.6825190949836349,772.4231430936828,744.7084512049979,827.8525268710526,744.7084512049979,stop,19,-0.038380193565515086,-1.0,2026-01-20,0.0025
2025-12-22,momentum,BANKBARODA,bull,0.6692252510760403,285.7574582874265,276.1855718297902,304.90123120269914,289.6805725097656,time,20,0.01122882529768682,0.40985799818063096,2026-01-21,0.0025
2025-12-22,control_naive_low,AFCONS,bull,-1.0103641454589471,379.31541204498376,362.8658189385064,412.2145982579385,362.8658189385064,stop,13,-0.045866529764223174,-1.0,2026-01-09,0.0025
2025-12-22,control_naive_low,POLYMED,bull,-1.01476392892974,1801.2113790190429,1727.4032600804248,1948.8276168962789,1727.4032600804248,stop,5,-0.04347693352282428,-1.0,2025-12-30,0.0025
2025-12-22,control_naive_low,AAVAS,bull,-1.0158885357687282,1465.5,1391.5741971744087,1613.3516056511826,1391.5741971744087,stop,19,-0.05294408244666754,-1.0,2026-01-20,0.0025
2025-12-22,control_naive_low,COLPAL,bull,-1.0214146508045536,2085.4164190427837,2030.6944572768136,2194.8603425747237,2030.6944572768136,stop,5,-0.028740304462112006,-1.0,2025-12-30,0.0025
2025-12-22,control_naive_low,SAREGAMA,bull,-1.0215986081903337,349.20001220703125,325.8500106701197,395.9000152808544,325.8500106701197,stop,20,-0.0693671269205684,-1.0,2026-01-21,0.0025
2025-12-22,control_naive_low,UBL,bull,-1.0283336302685924,1619.9723262345485,1562.4298345238635,1735.0573096559185,1562.4298345238635,stop,10,-0.03802066339579785,-1.0,2026-01-06,0.0025
2025-12-22,control_naive_low,NCC,bull,-1.0288435645485792,154.51483814323086,148.29697101457342,166.95057240054575,148.29697101457342,stop,13,-0.04274122992572188,-1.0,2026-01-09,0.0025
2025-12-22,control_naive_low,TEJASNET,bull,-1.0301136363636363,457.0,427.66833184400406,515.6633363119919,427.66833184400406,stop,13,-0.06668308130414863,-1.0,2026-01-09,0.0025
2025-12-22,control_naive_low,JUBLFOOD,bull,-1.0366520767663905,566.8878237686977,546.9407152568256,606.7820407924419,546.9407152568256,stop,9,-0.037687047023276576,-1.0,2026-01-05,0.0025
2025-12-22,control_naive_low,CLEAN,bull,-1.0378254363990866,900.3179232449482,868.9475484611079,963.058672812629,868.9475484611079,stop,4,-0.037343663525851445,-1.0,2025-12-29,0.0025
2025-12-22,control_naive_low,RECLTD,bull,-1.0403382981088296,333.0257899334211,322.1354173116732,354.80653517691684,354.80653517691684,target,7,0.06290257812420535,2.0,2026-01-01,0.0025
2025-12-22,control_naive_low,PAGEIND,bull,-1.040356906444687,36421.633791723434,35220.07122833432,38824.75891850167,35220.07122833432,stop,5,-0.03549035321315447,-1.0,2025-12-30,0.0025
2025-12-22,control_naive_low,PFC,bull,-1.0409215716454066,331.72184546995396,321.20955845921276,352.74641949143637,352.74641949143637,target,8,0.06088013100010542,2.0,2026-01-02,0.0025
2025-12-22,control_naive_low,BRIGADE,bull,-1.0420393524992493,653.9504768254064,626.2464260618549,709.3585783525095,626.2464260618549,stop,17,-0.04486414185068027,-1.0,2026-01-16,0.0025
2025-12-30,momentum,CUB,bull,0.7870695509215553,221.35127154753917,210.09393713415864,243.86594037430024,210.09393713415864,stop,7,-0.05335732887223471,-1.0,2026-01-08,0.0025
2025-12-30,momentum,ASHOKLEY,bull,0.7567821500373177,175.48638086873217,169.81374985384235,186.8316428985118,186.8316428985118,target,4,0.06215038468293538,2.0,2026-01-05,0.0025
2025-12-30,momentum,JSL,bull,0.7290158855856137,833.6182521178426,799.9057266177385,901.0433031180509,799.9057266177385,stop,7,-0.04294120364981929,-1.0,2026-01-08,0.0025
2025-12-30,momentum,FEDERALBNK,bull,0.715585178915691,266.589244833349,259.87665524480667,280.01442401043374,259.87665524480667,stop,5,-0.02767952137468471,-1.0,2026-01-06,0.0025
2025-12-30,momentum,MCX,bull,0.7116603775539442,2204.5981934338756,2088.5251680116794,2436.744244278268,2436.744244278268,target,11,0.1028008441791392,2.0,2026-01-14,0.0025
2025-12-30,momentum,ABCAPITAL,bull,0.7007147223397752,350.8500061035156,337.6944542507948,377.16110980895724,337.6944542507948,stop,20,-0.039996228085683316,-1.0,2026-01-29,0.0025
2025-12-30,momentum,UNIONBANK,bull,0.6844453848685756,148.078049560293,142.61031124918497,159.01352618250908,159.01352618250908,target,5,0.07134941019069457,2.0,2026-01-06,0.0025
2025-12-30,momentum,ANANDRATHI,bull,0.6711618940142005,1543.471995169586,1490.5779736243187,1649.2600382601208,1490.5779736243187,stop,15,-0.03676950518752736,-1.0,2026-01-21,0.0025
2025-12-30,reversal,TCS,bull,0.7466187050359712,3122.461816571668,3017.689079338611,3384.39365965431,3085.41796875,time,20,-0.014363667195245454,-0.35356380676842886,2026-01-29,0.0025
2025-12-30,control_naive_low,COLPAL,bull,-1.0011701132831545,2032.4406861288733,1981.136936339158,2135.048185708304,2135.048185708304,target,13,0.047984867912610196,2.0000000000000044,2026-01-19,0.0025
2025-12-30,control_naive_low,WHIRLPOOL,bull,-1.0036137913122882,887.5923961029141,838.2900902297915,986.1970078491593,838.2900902297915,stop,8,-0.0580461111311798,-1.0,2026-01-09,0.0025
2025-12-30,control_naive_low,POLYMED,bull,-1.0038411536387877,1701.415751627823,1630.7847762065076,1842.677702470454,1630.7847762065076,stop,11,-0.044013060728243236,-1.0,2026-01-14,0.0025
2025-12-30,control_naive_low,PAGEIND,bull,-1.007221819539462,35370.43727079432,34112.59912101744,37886.113570348076,34112.59912101744,stop,8,-0.03806184901382287,-1.0,2026-01-09,0.0025
2025-12-30,control_naive_low,PCBL,bull,-1.009193798499804,282.90012306931305,268.1083810052641,312.48360719741095,268.1083810052641,stop,12,-0.05478609271557239,-1.0,2026-01-16,0.0025
2025-12-30,control_naive_low,ACC,bull,-1.0099708312454445,1727.0073226032468,1679.6253563128082,1821.7712551841241,1679.6253563128082,stop,9,-0.029935880363851804,-1.0,2026-01-12,0.0025
2025-12-30,control_naive_low,DIXON,bull,-1.0103898334191996,11856.0,11053.307218193462,13461.385563613076,11053.307218193462,stop,12,-0.07020350723739349,-1.0,2026-01-16,0.0025
2025-12-30,control_naive_low,IEX,bull,-1.0134347773160044,128.5953466819064,123.37422594994892,139.03758814582133,139.03758814582133,target,5,0.07870232755968137,2.0,2026-01-06,0.0025
2025-12-30,control_naive_low,BLUEJET,bull,-1.0144418253208591,518.7157842621598,490.91507419769465,574.3172043910901,490.91507419769465,stop,9,-0.056095265283877704,-1.0,2026-01-12,0.0025
2025-12-30,control_naive_low,ACE,bull,-1.0178767880729904,929.3430533507214,886.4269785518173,1015.1752029485297,886.4269785518173,stop,9,-0.048678937523846944,-1.0,2026-01-12,0.0025
2025-12-30,control_naive_low,LODHA,bull,-1.024376951531565,1059.1789690352177,1016.1586600550594,1145.2195869955344,1016.1586600550594,stop,14,-0.04311665708803164,-1.0,2026-01-20,0.0025
2025-12-30,control_naive_low,ZEEL,bull,-1.0251031476300236,87.88036206708107,84.43181685674777,94.77745248774765,84.43181685674777,stop,14,-0.04174136324906058,-1.0,2026-01-20,0.0025
2026-01-06,momentum,MUTHOOTFIN,bull,0.7537076109063521,3925.8053664575286,3787.1533638532333,4203.10937166612,3787.1533638532333,stop,2,-0.03781810409883074,-1.0,2026-01-08,0.0025
2026-01-06,momentum,MSUMI,bull,0.7385949433785972,50.46748948693652,47.670195544332834,56.0620773721439,47.670195544332834,stop,3,-0.057927642053163086,-1.0,2026-01-09,0.0025
2026-01-06,momentum,CRAFTSMAN,bull,0.7357334915853014,7968.276201674794,7615.346369697172,8674.135865630036,7615.346369697172,stop,3,-0.04679186728033374,-1.0,2026-01-09,0.0025
2026-01-06,momentum,EICHERMOT,bull,0.7256727742985107,7445.036541017557,7258.424545705784,7818.260531641104,7258.424545705784,stop,4,-0.027565289375499565,-1.0,2026-01-12,0.0025
2026-01-06,momentum,ANURAS,bull,0.7206510391900217,1363.5999755859375,1307.9232415881752,1474.9534435814621,1307.9232415881752,stop,3,-0.043330694481230114,-1.0,2026-01-09,0.0025
2026-01-06,momentum,MOTHERSON,bull,0.705656108597285,120.11777078679458,116.41827440773967,127.51676354490439,116.41827440773967,stop,3,-0.03329890972686628,-1.0,2026-01-09,0.0025
2026-01-06,momentum,SAILIFE,bull,0.703324869983252,976.0999755859375,937.9731246095766,1052.3536775386592,937.9731246095766,stop,3,-0.04156039537955519,-1.0,2026-01-09,0.0025
2026-01-06,momentum,KARURVYSYA,bull,0.6930590576247159,273.86999466818037,261.2835018930048,299.04298021853145,261.2835018930048,stop,3,-0.04845791076136424,-1.0,2026-01-09,0.0025
2026-01-06,momentum,INDIACEM,bull,0.6915286647785802,456.1000061035156,434.4642983632991,499.37142158394863,434.4642983632991,stop,12,-0.04993632416287691,-1.0,2026-01-23,0.0025
2026-01-06,momentum,KIRLOSENG,bull,0.6886736425339366,1242.181744557153,1168.6872986068875,1389.1706364576842,1168.6872986068875,stop,2,-0.06166561426884182,-1.0,2026-01-08,0.0025
2026-01-06,momentum,BHEL,bull,0.6885866645402907,295.99519026457324,285.1827589252565,317.6200529432067,285.1827589252565,stop,2,-0.03902907781931225,-1.0,2026-01-08,0.0025
2026-01-06,momentum,ASHOKLEY,bull,0.6855302782840638,183.07688995178987,176.57923420063196,196.07220145410568,176.57923420063196,stop,9,-0.0379914033817646,-1.0,2026-01-20,0.0025
2026-01-06,momentum,BANKINDIA,bull,0.6775075414781297,145.89422089753106,141.12595317186955,155.43075634885406,141.12595317186955,stop,3,-0.035183047322419336,-1.0,2026-01-09,0.0025
2026-01-06,momentum,SBILIFE,bull,0.6748782272871793,2087.098590107966,2044.1099332301735,2173.0759038635515,2044.1099332301735,stop,9,-0.02309732926922675,-1.0,2026-01-20,0.0025
2026-01-06,control_naive_low,MGL,bull,-1.0040183617664047,1053.0869442786334,1003.8630717948874,1151.5346892461253,1003.8630717948874,stop,13,-0.04924245820934031,-1.0,2026-01-27,0.0025
2026-01-06,control_naive_low,COHANCE,bull,-1.00520307288858,503.79998779296875,481.8217181055597,547.7565271677869,481.8217181055597,stop,3,-0.046124990511990205,-1.0,2026-01-09,0.0025
2026-01-06,control_naive_low,AWL,bull,-1.005795972562773,228.8047645743458,221.55109598008497,243.31210176286746,221.55109598008497,stop,3,-0.034202436825365556,-1.0,2026-01-09,0.0025
2026-01-06,control_naive_low,CLEAN,bull,-1.0107476778119524,863.6817555516816,829.9963985545207,931.0524695460033,829.9963985545207,stop,4,-0.041502047664702724,-1.0,2026-01-12,0.0025
2026-01-06,control_naive_low,TRENT,bull,-1.0134200625455987,2696.0161877770597,2425.9359088856286,3236.176745559922,2750.135986328125,time,20,0.017573988723223747,0.20038411828218217,2026-02-05,0.0025
2026-01-06,control_naive_low,ITC,bull,-1.0139156542029053,327.0491724258814,315.34588774584597,350.4557417859523,315.34588774584597,stop,7,-0.038284480337395566,-1.0,2026-01-16,0.0025
2026-01-06,control_naive_low,TATACHEM,bull,-1.0170428082372012,745.5374138611737,721.6389336395023,793.3343743045166,721.6389336395023,stop,9,-0.034555373449200955,-1.0,2026-01-20,0.0025
2026-01-06,control_naive_low,PREMIERENE,bull,-1.0185778710934583,767.1846673241037,715.5907629669707,870.3724760383695,715.5907629669707,stop,3,-0.06975095867346975,-1.0,2026-01-09,0.0025
2026-01-06,control_naive_low,KAYNES,bull,-1.0216652930055914,3805.0,3490.59719851142,4433.80560297716,3490.59719851142,stop,9,-0.08512885715862811,-1.0,2026-01-20,0.0025
2026-01-06,control_naive_low,JUBLFOOD,bull,-1.0258094965332842,546.246508221891,525.8239248733805,587.0916749189118,525.8239248733805,stop,2,-0.039887119260476,-1.0,2026-01-08,0.0025
2026-01-06,control_naive_low,SAPPHIRE,bull,-1.0289069978848588,227.6999969482422,211.79611875101037,259.5077533427058,211.79611875101037,stop,9,-0.07234575498631596,-1.0,2026-01-20,0.0025
2026-01-13,momentum,VEDL,bull,0.8160374715581042,636.3720426739387,604.8379261811119,699.4402756595923,699.4402756595923,target,9,0.09660591408235092,2.0,2026-01-28,0.0025
2026-01-13,momentum,SHRIRAMFIN,bull,0.7289085125575654,974.4876934931458,939.1416464174195,1045.1797876445985,939.1416464174195,stop,12,-0.038771414520408165,-1.0,2026-02-02,0.0025
2026-01-13,momentum,HINDZINC,bull,0.7148316953900204,628.5164492168757,588.8039567311673,707.9414341882924,719.8477125036038,target,8,0.1428124471133982,2.2998119123244707,2026-01-27,0.0025
2026-01-13,momentum,CUB,bull,0.7141907610501828,204.33566764293485,194.27038297088868,224.4662369870272,224.4662369870272,target,11,0.09601715843985387,2.0,2026-01-30,0.0025
2026-01-13,momentum,TVSMOTOR,bull,0.6970422067131937,3756.868741597412,3630.734791231449,4009.1366423293375,3630.734791231449,stop,2,-0.03607422338698235,-1.0,2026-01-16,0.0025
2026-01-13,momentum,AUBANK,bull,0.691307031287091,963.0647164589193,941.0411845792219,1007.1117802183142,1007.1117802183142,target,2,0.04323634876932364,2.0,2026-01-16,0.0025
2026-01-13,momentum,ANURAS,bull,0.6899729383278734,1337.199951171875,1291.4935784152199,1428.6126966851853,1291.4935784152199,stop,3,-0.03668065691417327,-1.0,2026-01-19,0.0025
2026-01-13,momentum,CANBK,bull,0.6886008640744434,146.46834506688438,141.00448176615225,157.39607166834864,136.5456728471187,stop,12,-0.07024618922084841,-1.8160542593435833,2026-02-02,0.0025
2026-01-13,momentum,EICHERMOT,bull,0.688045387646584,7313.41495531543,7137.557052893794,7665.130760158702,7137.557052893794,stop,4,-0.02654593524312759,-1.0,2026-01-20,0.0025
2026-01-13,momentum,BHARATFORG,bull,0.6851493139628733,1448.8425746744338,1410.3804205251126,1525.766882973076,1410.3804205251126,stop,3,-0.029046813864828488,-1.0,2026-01-19,0.0025
2026-01-13,momentum,MUTHOOTFIN,bull,0.6813844181740493,3902.9983213123896,3766.744571540099,4175.505820856971,3766.744571540099,stop,6,-0.037410020080786255,-1.0,2026-01-22,0.0025
2026-01-13,momentum,HINDALCO,bull,0.6812657266296349,936.1165247954091,901.0892418282424,1006.1710907297424,1006.1710907297424,target,10,0.07233530530522797,2.0,2026-01-29,0.0025
2026-01-13,momentum,BSE,bull,0.6776100270616723,2823.3617131316023,2702.085620870392,3065.9138976540225,2702.085620870392,stop,4,-0.045454500550584365,-1.0,2026-01-20,0.0025
2026-01-13,momentum,M&MFIN,bull,0.6764468499264114,354.8169857716561,332.9550175591139,398.5409221967405,370.7094421386719,time,20,0.042290573744525994,0.7269453606605409,2026-02-12,0.0025
2026-01-13,momentum,LTM,bull,0.6700185158809286,6024.266261980117,5851.443490530279,6369.911804879793,5851.443490530279,stop,4,-0.03118777108019671,-1.0,2026-01-20,0.0025
2026-01-13,control_naive_low,WHIRLPOOL,bull,-1.0032837972912794,807.1235590056835,764.6946242806617,891.9814284557272,764.6946242806617,stop,11,-0.0550680786437347,-1.0,2026-01-30,0.0025
2026-01-13,control_naive_low,IRCTC,bull,-1.0067092846757688,626.6938677389575,606.9365224139917,666.208558388889,606.9365224139917,stop,5,-0.03402631028008635,-1.0,2026-01-21,0.0025
2026-01-13,control_naive_low,FIRSTCRY,bull,-1.007676533998332,268.04998779296875,255.35047682043933,293.4490097380276,255.35047682043933,stop,8,-0.04987739806329711,-1.0,2026-01-27,0.0025
2026-01-13,control_naive_low,INDHOTEL,bull,-1.0082516111422404,676.0392146752233,653.4351122376329,721.2474195504042,653.4351122376329,stop,4,-0.0359360817344741,-1.0,2026-01-20,0.0025
2026-01-13,control_naive_low,AWL,bull,-1.0104827088833184,218.34937890546018,210.66313929170494,233.72185813297068,210.66313929170494,stop,2,-0.03770156389857743,-1.0,2026-01-16,0.0025
2026-01-13,control_naive_low,COHANCE,bull,-1.0104895658518136,448.0,424.99018366291784,494.0196326741643,424.99018366291784,stop,2,-0.053861197180986975,-1.0,2026-01-16,0.0025
2026-01-13,control_naive_low,GODREJPROP,bull,-1.0113036922424705,1865.9803630786166,1782.77225503562,2032.3965791646099,1782.77225503562,stop,3,-0.04709216703959013,-1.0,2026-01-19,0.0025
2026-01-13,control_naive_low,ACE,bull,-1.0117559575497241,886.4718015634951,844.7183923361617,969.9786200181618,844.7183923361617,stop,2,-0.049600662597153955,-1.0,2026-01-16,0.0025
2026-01-13,control_naive_low,ACC,bull,-1.0120331716316664,1699.0689508481164,1658.022733174064,1781.1613861962214,1658.022733174064,stop,7,-0.02665806471748172,-1.0,2026-01-23,0.0025
2026-01-13,control_naive_low,TIINDIA,bull,-1.0132851580538371,2383.980442624116,2283.6910886457267,2584.559150580895,2283.6910886457267,stop,5,-0.04456802714706759,-1.0,2026-01-21,0.0025
2026-01-13,control_naive_low,ABREL,bull,-1.0163730387230228,1549.1993757192083,1475.5460304339376,1696.5060662897497,1475.5460304339376,stop,3,-0.05004284467167269,-1.0,2026-01-19,0.0025
2026-01-13,control_naive_low,PAGEIND,bull,-1.0173248285676666,34146.5130458734,33223.301142027616,35992.93685356496,33223.301142027616,stop,4,-0.029536784183659178,-1.0,2026-01-20,0.0025
2026-01-13,control_naive_low,AFCONS,bull,-1.0196328239197843,355.5802457754486,344.50656785860053,377.7276016091447,344.50656785860053,stop,4,-0.033642556563283244,-1.0,2026-01-20,0.0025
2026-01-21,momentum,BANKINDIA,bull,0.7852161610659933,155.907136395073,145.9919072146775,175.737594755864,145.6811810183723,stop,7,-0.06809004041218375,-1.0313382767712072,2026-02-02,0.0025
2026-01-21,momentum,FEDERALBNK,bull,0.7781396665461101,279.09649262033963,263.7890369011147,309.7114040587895,287.3183898925781,time,20,0.026958977413316713,0.5371171684601017,2026-02-19,0.0025
2026-01-21,momentum,JKTYRE,bull,0.7608966259534841,507.88977675236424,481.9631042877371,559.7431216816185,559.7431216816185,target,12,0.09959566583683527,2.0,2026-02-09,0.0025
2026-01-21,momentum,ASHOKLEY,bull,0.730460012167158,182.1919883432162,170.95900144460632,204.65796214043596,204.65796214043596,target,13,0.12080933978775182,2.0,2026-02-10,0.0025
2026-01-21,momentum,CRAFTSMAN,bull,0.7120174083953391,7435.9260514747775,6998.368531750119,8311.041090924096,8040.68798828125,time,20,0.07882974058914,1.3821312845612388,2026-02-19,0.0025
2026-01-21,momentum,AUBANK,bull,0.7100332257007814,1002.2766774053894,955.9442313048248,1094.9415696065184,955.9442313048248,stop,3,-0.04872720167499672,-1.0,2026-01-27,0.0025
2026-01-21,momentum,SBILIFE,bull,0.703762459637793,2053.2458760733066,2003.7074546200565,2152.3227189798067,2003.7074546200565,stop,2,-0.026626882235842583,-1.0,2026-01-23,0.0025
2026-01-21,momentum,TECHM,bull,0.7035340250845267,1652.0675107270895,1590.1799029304163,1775.8427263204358,1798.2680548143705,target,8,0.08599550223461322,2.3623557169572855,2026-02-03,0.0025
2026-01-21,momentum,IIFL,bull,0.697678880621461,629.1448298199824,589.0784827989733,709.2775238620007,589.0784827989733,stop,1,-0.06618382146996798,-1.0,2026-01-22,0.0025
2026-01-21,momentum,MCX,bull,0.6945200992091347,2369.194894591177,2196.878992314252,2713.8266991450273,2196.878992314252,stop,7,-0.07523183927177907,-1.0,2026-02-02,0.0025
2026-01-21,momentum,SAGILITY,bull,0.6903130703355328,52.010874568811225,48.95890466108193,58.11481438426981,48.93791257725617,stop,6,-0.06158306708993094,-1.0068782079969387,2026-01-30,0.0025
2026-01-21,momentum,BANKBARODA,bull,0.6901446019935421,292.489722532319,279.76345246012505,317.94226267670683,270.25874959063464,stop,7,-0.0785059968918323,-1.7468569200222752,2026-02-02,0.0025
2026-01-21,momentum,HCLTECH,bull,0.6810645499915914,1642.0772742114043,1586.290276870267,1753.651268893679,1586.290276870267,stop,9,-0.03647343000677522,-1.0,2026-02-04,0.0025
2026-01-21,control_naive_low,ITC,bull,-1.0012332168612839,310.9351259007337,299.8182850364055,333.1688076293901,295.0593918522917,stop,7,-0.05355802698377127,-1.4280796354101066,2026-02-02,0.0025
2026-01-21,control_naive_low,TATACHEM,bull,-1.0026011384291456,696.2452770276037,655.9223555931383,776.8911198965346,694.4232788085938,time,20,-0.005116891315641579,-0.045185173945572366,2026-02-19,0.0025
2026-01-21,control_naive_low,IEX,bull,-1.0032812356948853,126.45532478890804,116.37722014492935,146.61153407686544,116.37722014492935,stop,7,-0.0821969574891534,-1.0,2026-02-02,0.0025
2026-01-21,control_naive_low,PREMIERENE,bull,-1.004023486580537,729.8621708005918,666.0381425306964,857.5102273403826,752.2456665039062,time,20,0.02816811323946528,0.35070640807346737,2026-02-19,0.0025
2026-01-21,control_naive_low,ABFRL,bull,-1.0041893605158394,65.5,60.76888089631344,74.96223820737312,60.76888089631344,stop,3,-0.07473082601048181,-1.0,2026-01-27,0.0025
2026-01-21,control_naive_low,BRIGADE,bull,-1.004693632693666,577.9757280848381,548.6014814936294,636.7242212672555,548.6014814936294,stop,3,-0.05332263002382859,-1.0,2026-01-27,0.0025
2026-01-21,control_naive_low,COHANCE,bull,-1.0047164112127174,385.0,358.78847685068365,437.4230462986327,358.78847685068365,stop,7,-0.07058187830991264,-1.0,2026-02-02,0.0025
2026-01-21,control_naive_low,PPLPHARMA,bull,-1.0052494980076057,157.3300018310547,147.79562303775168,176.3987594176607,163.0500030517578,time,20,0.03385670980825023,0.5999343370667087,2026-02-19,0.0025
2026-01-21,control_naive_low,SAREGAMA,bull,-1.0054347826086956,327.29998779296875,305.070525034655,371.7589133095962,341.3999938964844,time,20,0.04057976360950705,0.6342936064994319,2026-02-19,0.0025
2026-01-21,control_naive_low,AARTIIND,bull,-1.0057684137773895,341.3214812912146,326.47777943829544,371.00888499705286,371.00888499705286,target,6,0.0844778356566695,2.0,2026-01-30,0.0025
2026-01-21,control_naive_low,ZEEL,bull,-1.007037033269435,80.80929810881412,76.4089024093629,89.61008950771657,89.61008950771657,target,12,0.10640815295848388,2.0,2026-02-09,0.0025
2026-01-21,control_naive_low,MANKIND,bull,-1.0082617782407004,2111.0,2020.0470986652572,2292.9058026694856,2039.5,time,20,-0.036370203694931325,-0.7861211566726342,2026-02-19,0.0025
2026-01-21,control_naive_low,ACE,bull,-1.0086366279786374,804.6221638289418,753.4771281907798,906.9122351052657,917.315190283378,target,8,0.13755707463757377,2.203401073991042,2026-02-03,0.0025
2026-01-21,control_naive_low,IREDA,bull,-1.008790691691307,127.99406188316638,119.41458067654574,145.15302429640766,124.22924041748047,time,20,-0.03191403226285966,-0.4388169138689485,2026-02-19,0.0025
2026-01-21,control_naive_low,RAINBOW,bull,-1.009128998671744,1199.779382890539,1157.0934001054293,1285.1513484607583,1157.0934001054293,stop,3,-0.03807819328606027,-1.0,2026-01-27,0.0025
2026-01-21,control_naive_low,INOXWIND,bull,-1.0092547869797064,106.27999877929688,98.52001973820056,121.7999568614895,98.52001973820056,stop,17,-0.07551448184254156,-1.0,2026-02-16,0.0025
2026-01-21,control_naive_low,SYNGENE,bull,-1.0096622420364554,604.9380732830869,577.7548659643137,659.3044879206332,561.4112105130422,stop,2,-0.07445259265765508,-1.6012408785914056,2026-01-23,0.0025
2026-01-21,control_naive_low,TMPV,bull,-1.009822853618279,341.61618993402186,324.10487147609126,376.63882684988306,378.01424490971857,target,8,0.10404663346818083,2.0785445175438864,2026-02-03,0.0025
2026-01-21,control_naive_low,TIINDIA,bull,-1.010177734375,2271.936425172726,2167.7279865274977,2480.353302463183,2167.7279865274977,stop,3,-0.048367673712439274,-1.0,2026-01-27,0.0025
2026-01-21,control_naive_low,ATGL,bull,-1.0102334291239738,532.7639813568497,508.8871984424293,580.5175471856907,508.8871984424293,stop,2,-0.0473168114774028,-1.0,2026-01-23,0.0025
2026-01-29,momentum,GMDCLTD,bull,0.7725209415508447,602.9000244140625,574.3894929982046,659.9210872457784,574.3894929982046,stop,1,-0.049788986998410445,-1.0,2026-01-30,0.0025
2026-01-29,momentum,MUTHOOTFIN,bull,0.7681931288192748,3966.4616478777757,3905.637982446529,4088.1089787402693,3905.637982446529,stop,1,-0.017834489736914535,-1.0,2026-01-30,0.0025
2026-01-29,momentum,SBIN,bull,0.7681593937537878,1045.1609334664397,1022.0061985815178,1091.4704032362836,1001.841784674364,stop,2,-0.04394734787244764,-1.870854881620111,2026-02-02,0.0025
2026-01-29,momentum,GESHIP,bull,0.7649232266255636,1180.2394665373138,1109.1269565774712,1322.4644864569989,1322.4644864569989,target,8,0.11800522284003673,2.0,2026-02-10,0.0025
2026-01-29,momentum,JSWSTEEL,bull,0.7632266931517949,1220.9867824511866,1189.867994708449,1283.2243579366618,1189.867994708449,stop,1,-0.0279865885446075,-1.0,2026-01-30,0.0025
2026-01-29,momentum,COALINDIA,bull,0.7566318792996722,436.5950198885195,422.08968376421024,465.6056921371381,422.08968376421024,stop,1,-0.03572377824651568,-1.0,2026-01-30,0.0025
2026-01-29,momentum,KARURVYSYA,bull,0.7541709233344784,300.66163285246716,284.1595372270608,333.6658241032799,284.1595372270608,stop,2,-0.057385937619795435,-1.0,2026-02-02,0.0025
2026-01-29,momentum,APLAPOLLO,bull,0.7287397673912813,2024.3018234841923,1960.1708148110329,2152.5638408305113,2187.4731565333805,target,3,0.07810622736995837,2.544343780413358,2026-02-03,0.0025
2026-01-29,momentum,INDIANB,bull,0.7286069586642049,888.1304390135017,852.1229971644908,960.1453227115235,825.5633199436894,stop,2,-0.07294811924170647,-1.7376163330950707,2026-02-02,0.0025
2026-01-29,momentum,INDIACEM,bull,0.7077495437315737,442.0,419.24789444174104,487.5042111165179,419.24789444174104,stop,15,-0.05397535194176234,-1.0,2026-02-19,0.0025
2026-01-29,momentum,ECLERX,bull,0.7043427394824279,2348.697906223381,2197.543093907771,2651.0075308546006,2197.543093907771,stop,6,-0.06685685573487027,-1.0,2026-02-06,0.0025
2026-01-29,momentum,IOC,bull,0.7017782769432355,159.5484933441901,154.19475922544652,170.25596158167724,170.55047933685591,target,5,0.06645700336656585,2.05501165142803,2026-02-05,0.0025
2026-01-29,momentum,PTCIL,bull,0.6920585895456034,18200.0,17505.0883966404,19589.8232067192,17505.0883966404,stop,5,-0.040681956228549476,-1.0,2026-02-05,0.0025
2026-01-29,control_naive_low,EMAMILTD,bull,-1.0044960138887524,473.32967910873026,455.5768922381239,508.835252849943,508.835252849943,target,4,0.0725123546194461,2.0,2026-02-04,0.0025
2026-01-29,control_naive_low,NEWGEN,bull,-1.005099416088213,570.6613698049522,533.1056995964411,645.7727102219743,533.1056995964411,stop,6,-0.06831078060592627,-1.0,2026-02-06,0.0025
2026-01-29,control_naive_low,BAJAJHFL,bull,-1.0059428187779018,87.80000305175781,85.45830345083377,92.4834022536059,92.4834022536059,target,1,0.05084167470458095,2.0,2026-01-30,0.0025
2026-01-29,control_naive_low,SYNGENE,bull,-1.0066013757734753,467.1779091930455,441.1763487585931,519.1810300619502,441.1763487585931,stop,6,-0.058156656538757845,-1.0,2026-02-06,0.0025
2026-01-29,control_naive_low,ACC,bull,-1.0087745507403063,1661.3869572172234,1620.3634256670432,1743.4340203175839,1620.3634256670432,stop,1,-0.027192339958472752,-1.0,2026-01-30,0.0025
2026-01-29,control_naive_low,CLEAN,bull,-1.00916946012047,830.0736742065949,807.2452041927041,875.7306142343764,799.8910617608633,stop,2,-0.03886136572404958,-1.3221478455352447,2026-02-02,0.0025
2026-01-29,control_naive_low,LTTS,bull,-1.010737326713286,3716.09676396944,3543.355916510476,4061.5784588873676,3543.355916510476,stop,11,-0.048984485854573545,-1.0,2026-02-13,0.0025
2026-01-29,control_naive_low,HAVELLS,bull,-1.0127196118049626,1259.8203038719262,1215.1014872752976,1349.2579370651833,1349.2579370651833,target,4,0.06849237321257634,2.0,2026-02-04,0.0025
2026-01-29,control_naive_low,CROMPTON,bull,-1.0137174213162425,216.99038346432025,208.73453373658256,233.5020829197956,233.5020829197956,target,3,0.07359415307655975,2.0,2026-02-03,0.0025
2026-01-29,control_naive_low,FINCABLES,bull,-1.013763057653356,704.9799845250843,675.4808700195563,763.9782135361404,763.9782135361404,target,6,0.08118780718051272,2.0,2026-02-06,0.0025
2026-01-29,control_naive_low,MAXHEALTH,bull,-1.0145197404254884,943.3235457853942,915.1981042670303,999.5744288221221,1009.2064825722277,target,3,0.06734129366979874,2.342467646021366,2026-02-03,0.0025
2026-01-29,control_naive_low,JSWDULUX,bull,-1.0146721700748316,2745.235335518973,2625.385018799633,2984.9359689576527,2984.9359689576527,target,8,0.08481514939259854,2.0,2026-02-10,0.0025
2026-01-29,control_naive_low,BLUEJET,bull,-1.0148910301650422,419.12393840467905,390.2740158012345,476.82378361156816,366.18459857323825,stop,12,-0.12880951129383117,-1.8349907054904917,2026-02-16,0.0025
2026-01-29,control_naive_low,PATANJALI,bull,-1.014919254064223,494.88324373317806,472.69997404230304,539.249783114928,511.6597900390625,time,20,0.03140000877647359,0.7562702225445777,2026-02-26,0.0025
2026-01-29,control_naive_low,JUBLFOOD,bull,-1.0151735536770488,485.61892418980295,467.93264304744974,520.9914864745094,520.9914864745094,target,5,0.07034016442259,2.000000000000003,2026-02-05,0.0025
2026-01-29,control_naive_low,POLYMED,bull,-1.0152383679218429,1487.0547651397906,1421.563675656344,1618.0369441066837,1421.563675656344,stop,6,-0.046540805368247506,-1.0,2026-02-06,0.0025
2026-01-29,control_naive_low,ARE&M,bull,-1.0170291263878255,825.0555700577268,798.3049435893236,878.5568229945331,878.5568229945331,target,4,0.06234563571040813,2.0,2026-02-04,0.0025
2026-02-05,momentum,BHARATFORG,bull,0.7685223666102972,1566.6499656082156,1496.1776565012722,1707.5945838221023,1707.5945838221023,target,5,0.08746560897964745,2.0,2026-02-12,0.0025
2026-02-05,momentum,GMDCLTD,bull,0.7403699068279794,609.0,569.1848132691491,688.6303734617018,569.1848132691491,stop,6,-0.06787797492750552,-1.0,2026-02-13,0.0025
2026-02-05,momentum,SHRIRAMFIN,bull,0.7204793028322439,988.4088952423629,939.5856664741758,1086.055352778737,1086.055352778737,target,14,0.09629156086756047,2.0,2026-02-25,0.0025
2026-02-05,momentum,BPCL,bull,0.7197955477529852,382.5,366.05955457697104,415.3808908460579,366.05955457697104,stop,10,-0.0454815566615136,-1.0,2026-02-19,0.0025
2026-02-05,momentum,NAVINFLUOR,bull,0.7103340404663276,6289.9327691690805,5922.756714588048,7024.284878331145,5922.756714588048,stop,17,-0.06087519542033787,-1.0,2026-03-02,0.0025
2026-02-05,momentum,FORCEMOT,bull,0.6940203031567237,21040.141065115124,19512.456896849988,24095.509401645395,24095.509401645395,target,4,0.14271615264244203,2.0,2026-02-11,0.0025
2026-02-05,momentum,BSOFT,bull,0.6902360520551184,451.33454773258677,427.2411746099382,499.52129397788394,427.2411746099382,stop,1,-0.05588251468603239,-1.0,2026-02-06,0.0025
2026-02-05,momentum,VEDL,bull,0.6861122699670885,632.437753189486,601.9923594137447,693.3285407409686,693.3285407409686,target,4,0.09377949508769906,2.0,2026-02-11,0.0025
2026-02-05,momentum,IDFCFIRSTB,bull,0.6814490335141148,85.05014841456153,81.98501245224591,91.18042033919278,81.98501245224591,stop,4,-0.03853916065349089,-1.0,2026-02-11,0.0025
2026-02-05,momentum,SAIL,bull,0.6809669494275252,158.0,149.64634903975332,174.70730192049336,154.94000244140625,time,20,-0.021867073155656665,-0.3663066093083914,2026-03-06,0.0025
2026-02-05,momentum,TVSMOTOR,bull,0.679835905993603,3687.112453958527,3552.3456763976196,3956.646009080342,3770.81982421875,time,20,0.02020268978922885,0.6211276382444595,2026-03-06,0.0025
2026-02-05,momentum,AUBANK,bull,0.6778797571037873,985.9425637669984,943.2963888530588,1071.2349135948775,894.181601028957,stop,17,-0.09556927818132693,-2.151680963725727,2026-03-02,0.0025
2026-02-05,momentum,UNIONBANK,bull,0.6755620451490288,172.40966879357146,163.6888917959046,189.85122278890518,189.85122278890518,target,10,0.09866343310314413,2.0,2026-02-19,0.0025
2026-02-05,momentum,HINDALCO,bull,0.6700737032401614,921.1943487486254,884.8803002895993,993.8224456666777,884.8803002895993,stop,8,-0.04192061575644285,-1.0,2026-02-17,0.0025
2026-02-05,momentum,MCX,bull,0.6676818245028509,2374.182618097545,2203.3412446405364,2715.865365011562,2203.3412446405364,stop,7,-0.0744579749909488,-1.0,2026-02-16,0.0025
2026-02-05,control_naive_low,KPITTECH,bull,-1.006081603416987,951.4658873093877,892.0942733839843,1070.2091151601944,892.0942733839843,stop,5,-0.06490014982912101,-1.0,2026-02-12,0.0025
2026-02-05,control_naive_low,KEC,bull,-1.0113542793961476,602.9767158068263,561.6456178400814,685.6389117403161,544.6560704208887,stop,17,-0.09922122298769093,-1.4110596682638954,2026-03-02,0.0025
2026-02-05,control_naive_low,NAUKRI,bull,-1.01250436325056,1159.8630432460855,1095.1921744140966,1289.2047809100632,1095.1921744140966,stop,9,-0.05825733204758016,-1.0,2026-02-18,0.0025
2026-02-05,control_naive_low,IGL,bull,-1.018222517498762,169.83700376658177,162.84367216445278,183.82366697083975,162.84367216445278,stop,6,-0.04367672501889158,-1.0,2026-02-13,0.0025
2026-02-05,control_naive_low,AAVAS,bull,-1.0210199281527972,1380.0,1309.939990113111,1520.120019773778,1309.939990113111,stop,1,-0.0532681231064413,-1.0,2026-02-06,0.0025
2026-02-05,control_naive_low,NTPCGREEN,bull,-1.0278405265071753,86.19999694824219,82.75550374507428,93.088983354578,87.94000244140625,time,20,0.017685679289627335,0.505155734249606,2026-03-06,0.0025
2026-02-05,control_naive_low,SBICARD,bull,-1.0338549660998289,746.3851651722078,713.7072205620345,811.7410543925545,721.5222778320312,time,20,-0.03581106846749854,-0.7608461192028667,2026-03-06,0.0025
2026-02-05,control_naive_low,RAINBOW,bull,-1.035137717620683,1125.354382390409,1070.5563826769796,1234.9503818172677,1234.9503818172677,target,4,0.0948879883011266,2.0,2026-02-11,0.0025
2026-02-05,control_naive_low,CIPLA,bull,-1.0402591695579089,1315.6571384515978,1276.0581363313731,1394.8551426920471,1308.9202880859375,time,20,-0.007620521273185852,-0.1701267710031396,2026-03-06,0.0025
2026-02-05,control_naive_low,CYIENT,bull,-1.0414939236529956,1094.0,1044.581449398129,1192.837101203742,1044.581449398129,stop,1,-0.047672349727487184,-1.0,2026-02-06,0.0025
2026-02-05,control_naive_low,COLPAL,bull,-1.0418350095035458,2089.6662484927692,2018.6960649355965,2231.6066156071147,2231.6066156071147,target,14,0.06542489815860492,2.0,2026-02-25,0.0025
2026-02-05,control_naive_low,CHAMBLFERT,bull,-1.0420526623544206,421.77024028395266,402.4258542528745,460.459012346109,460.459012346109,target,4,0.08922949716914469,2.0,2026-02-11,0.0025
2026-02-05,control_naive_low,BERGEPAINT,bull,-1.0429501702348742,461.515564707958,448.68989261838345,487.16690888710707,448.68989261838345,stop,4,-0.030290334867016874,-1.0,2026-02-11,0.0025
2026-02-05,control_naive_low,IRCTC,bull,-1.0432046660936805,617.4953860385164,594.2145703303779,664.0570174547933,594.2145703303779,stop,15,-0.0402020075526302,-1.0,2026-02-26,0.0025
2026-02-12,momentum,JKTYRE,bull,0.7748538913086372,576.2024589916322,543.453793159191,641.6997906565144,543.453793159191,stop,6,-0.059335345496012104,-1.0,2026-02-20,0.0025
2026-02-12,momentum,TATASTEEL,bull,0.7553059203686567,202.41562482198435,195.10830475445348,217.03026495704609,195.10830475445348,stop,13,-0.03860057313489179,-1.0,2026-03-04,0.0025
2026-02-12,momentum,ASHOKLEY,bull,0.7542181544570997,206.59567641977753,197.98983487795002,223.80735950343256,196.6945960407497,stop,12,-0.05042491571270852,-1.1505069354234545,2026-03-02,0.0025
2026-02-12,momentum,KIRLOSENG,bull,0.7526893311866298,1334.8223823464339,1238.968578112306,1526.5299908146897,1526.5299908146897,target,15,0.1411203130870941,2.0,2026-03-06,0.0025
2026-02-12,momentum,INDUSTOWER,bull,0.7272664905689421,452.4715095912901,437.51582984681454,482.3828690802412,437.51582984681454,stop,11,-0.03555330706453713,-1.0,2026-02-27,0.0025
2026-02-12,momentum,BSE,bull,0.7154803156072976,3091.8545011313686,2977.5448681762755,3320.4737670415548,2802.616426417188,stop,2,-0.09604841070572462,-2.5303035906677147,2026-02-16,0.0025
2026-02-12,momentum,ABSLAMC,bull,0.709326915976392,847.4146916343111,809.826537220532,922.5910004618693,922.5910004618693,target,17,0.086212538937193,2.0,2026-03-10,0.0025
2026-02-12,momentum,IOC,bull,0.7006336772045791,173.52611192631366,167.73983650266345,185.09866277361408,167.73983650266345,stop,13,-0.03584527212888461,-1.0,2026-03-04,0.0025
2026-02-12,momentum,JSL,bull,0.6992462079171292,793.7215227630903,754.9617311538855,871.2411059815,754.9617311538855,stop,2,-0.05133298549631732,-1.0,2026-02-16,0.0025
2026-02-12,momentum,NATIONALUM,bull,0.6992462079171292,357.30748457390104,343.81224914670173,384.29795542829964,343.4122065584589,stop,2,-0.04138885236202833,-1.0296432463443046,2026-02-16,0.0025
2026-02-12,momentum,M&MFIN,bull,0.6944876063633,368.90017592475033,349.26548619006326,408.1695553941245,349.26548619006326,stop,16,-0.05572494001383249,-1.0,2026-03-09,0.0025
2026-02-12,momentum,INDIANB,bull,0.6922216056233814,856.7489464152972,818.8492616568391,932.5483159322133,932.5483159322133,target,5,0.08597325676216644,2.0,2026-02-19,0.0025
2026-02-12,control_naive_low,APTUS,bull,-1.0025855575618712,248.77327115753124,235.0809533518074,276.15790676897893,235.0809533518074,stop,8,-0.057539344629003286,-1.0,2026-02-24,0.0025
2026-02-12,control_naive_low,NEWGEN,bull,-1.0034584980237156,489.7670136927586,461.3976572021596,546.5057266739566,461.3976572021596,stop,2,-0.060424187822897546,-1.0,2026-02-16,0.0025
2026-02-12,control_naive_low,CYIENT,bull,-1.0049407114624507,990.0,958.8232993200262,1052.3534013599476,958.8232993200262,stop,8,-0.03399161684845836,-1.0,2026-02-24,0.0025
2026-02-12,control_naive_low,POLYMED,bull,-1.0049618320610687,1313.8095653342266,1198.7242531699194,1543.980189662841,1257.62451171875,time,20,-0.045264990526753646,-0.4882035123236338,2026-03-13,0.0025
2026-02-12,control_naive_low,WIPRO,bull,-1.0050727020982984,208.27137256697807,206.6662004694371,211.48171676206005,206.6662004694371,stop,1,-0.010207118255173451,-1.0,2026-02-13,0.0025
2026-02-12,control_naive_low,KPITTECH,bull,-1.0059805774316901,862.7152923557027,827.4581378299482,933.2296014072116,827.4581378299482,stop,1,-0.043367659166539674,-1.0,2026-02-13,0.0025
2026-02-12,control_naive_low,OFSS,bull,-1.007255468878891,6462.847486796769,6251.980701236986,6884.581057916335,6251.980701236986,stop,1,-0.03512753546181807,-1.0,2026-02-13,0.0025
2026-02-12,control_naive_low,AWL,bull,-1.0106800062299075,203.93467471687555,197.56943284956944,216.66515845148777,197.56943284956944,stop,6,-0.03371216083602774,-1.0,2026-02-20,0.0025
2026-02-12,control_naive_low,FSL,bull,-1.0140740085825286,259.33981645264333,253.13071642371557,271.75801651049886,253.13071642371557,stop,1,-0.026441946569787763,-1.0,2026-02-13,0.0025
2026-02-12,control_naive_low,SYNGENE,bull,-1.0167426656333074,442.2982868597706,417.77753906130266,491.3397824567065,417.77753906130266,stop,11,-0.057939391304362375,-1.0,2026-02-27,0.0025
2026-02-12,control_naive_low,AAVAS,bull,-1.024586974406335,1300.5,1235.5228722497618,1430.4542555004764,1222.0,stop,12,-0.06286139946174546,-1.2081174209752943,2026-03-02,0.0025
2026-02-12,control_naive_low,BERGEPAINT,bull,-1.0267409110596708,456.5530118075284,438.1923420748578,493.2743512728696,427.9191928823863,stop,12,-0.06521740232701251,-1.5595193063241932,2026-03-02,0.0025
2026-02-12,control_naive_low,CLEAN,bull,-1.026763132853645,766.3889604037699,732.0655465454497,835.0357881204104,732.0655465454497,stop,5,-0.047285892845112254,-1.0,2026-02-19,0.0025
2026-02-19,momentum,UNIONBANK,bull,0.8097168222547055,183.9198420636495,175.62460260918664,200.51032097257522,175.62460260918664,stop,11,-0.04760247160603864,-1.0,2026-03-09,0.0025
2026-02-19,momentum,MAHABANK,bull,0.7900194889533707,66.4862321538549,64.01990449535074,71.41888747086321,71.41888747086321,target,4,0.07169062800240694,2.0,2026-02-25,0.0025
2026-02-19,momentum,BANKINDIA,bull,0.7733708573957211,163.6540727592752,155.95158132118425,179.05905563545713,155.95158132118425,stop,8,-0.049565687448065165,-1.0,2026-03-04,0.0025
2026-02-19,momentum,INDIANB,bull,0.7594253690687577,908.0070030196914,864.9681118914266,994.084785276221,864.9681118914266,stop,11,-0.049899294262195804,-1.0,2026-03-09,0.0025
2026-02-19,momentum,RBLBANK,bull,0.7576394239633805,330.04550867236435,318.31510165397424,353.50632270914457,318.31510165397424,stop,3,-0.03804178654203366,-1.0,2026-02-24,0.0025
2026-02-19,momentum,ACUTAAS,bull,0.7463101104249814,2090.0,1990.043010737301,2289.913978525398,2289.913978525398,target,10,0.09315262130401808,2.0,2026-03-06,0.0025
2026-02-19,momentum,JINDALSTEL,bull,0.7452702145292114,1207.6375601633115,1162.498928837798,1297.9148228143383,1162.498928837798,stop,8,-0.03987763118216464,-1.0,2026-03-04,0.0025
2026-02-19,momentum,KARURVYSYA,bull,0.7248736846984657,317.0342696503259,301.6047270271208,347.893354896736,298.77628339213936,stop,11,-0.06008994533406192,-1.183313511233162,2026-03-09,0.0025
2026-02-19,momentum,CUMMINSIND,bull,0.707105177040837,4601.831021202932,4406.222747677173,4993.047568254449,4577.333984375,time,20,-0.00782332384980283,-0.12523517735923365,2026-03-20,0.0025
2026-02-19,momentum,FEDERALBNK,bull,0.7064478746581374,288.56415637603914,276.7355489668071,312.22137119450326,276.7355489668071,stop,11,-0.043491256702782366,-1.0,2026-03-09,0.0025
2026-02-19,momentum,VEDL,bull,0.7046539656051545,664.6006249785198,630.4308964374882,732.9400820605831,661.1581420898438,time,20,-0.00767977678517434,-0.1007465682538938,2026-03-20,0.0025
2026-02-19,momentum,FORCEMOT,bull,0.7018119036075124,24076.502589536514,22214.014051329625,27801.479665950294,22214.014051329625,stop,8,-0.07985710497322457,-1.0,2026-03-04,0.0025
2026-02-19,momentum,BAJAJ-AUTO,bull,0.696053942389926,9590.036433637963,9288.714646241991,10192.680008429905,9288.714646241991,stop,11,-0.03392029641712896,-1.0,2026-03-09,0.0025
2026-02-19,momentum,ONGC,bull,0.6894309013800276,276.22456543046064,262.41258964206133,303.84851700725926,262.41258964206133,stop,15,-0.05250270619260494,-1.0,2026-03-13,0.0025
2026-02-19,momentum,CRAFTSMAN,bull,0.6814722106336625,8020.712266149851,7633.763377403925,8794.610043641702,7633.763377403925,stop,4,-0.05074370653202237,-1.0,2026-02-25,0.0025
2026-02-19,control_naive_low,NAUKRI,bull,-1.004036719645929,1091.0324626490255,1024.463708397499,1224.1699711520787,1024.463708397499,stop,3,-0.06351445789238724,-1.0,2026-02-24,0.0025
2026-02-19,control_naive_low,MANKIND,bull,-1.0041851304775973,2047.0999755859375,1966.60664290182,2208.0866409541727,2208.0866409541727,target,5,0.0761413303151725,2.0,2026-02-26,0.0025
2026-02-19,control_naive_low,INOXWIND,bull,-1.0057232368417355,96.45999908447266,90.10221664015651,109.17556397310494,88.05999755859375,stop,7,-0.08958274523746151,-1.3212156281611218,2026-03-02,0.0025
2026-02-19,control_naive_low,MAPMYINDIA,bull,-1.0066606880414604,1124.59936986439,1029.1254246307085,1315.5472603317528,1029.1254246307085,stop,6,-0.08739596187946835,-1.0,2026-02-27,0.0025
2026-02-19,control_naive_low,CLEAN,bull,-1.0066940224235825,731.5531505446039,696.8302398912133,800.9989718513851,696.8302398912133,stop,15,-0.049964645087702986,-1.0,2026-03-13,0.0025
2026-02-19,control_naive_low,ABBOTINDIA,bull,-1.007058369810253,25889.188695123834,25003.023317806572,27661.519449758358,27661.519449758358,target,9,0.06595833507978316,2.0,2026-03-05,0.0025
2026-02-19,control_naive_low,LTTS,bull,-1.0104667382024168,3399.9615414875393,3240.4305176574767,3719.0235891476646,3240.4305176574767,stop,3,-0.049421420105318414,-1.0,2026-02-24,0.0025
2026-02-19,control_naive_low,WIPRO,bull,-1.0105258522687708,207.33211373068798,198.8038958162181,224.38854955962773,198.8038958162181,stop,3,-0.043633125790380534,-1.0,2026-02-24,0.0025
2026-02-19,control_naive_low,BAJAJHFL,bull,-1.0123981382560838,88.19000244140625,85.69984161004838,93.17032410412199,82.5,stop,7,-0.06701981272125163,-2.284993952902041,2026-03-02,0.0025
2026-02-19,control_naive_low,ACC,bull,-1.0154425350495897,1600.73785774698,1558.6028710012365,1685.0078312384667,1558.6028710012365,stop,7,-0.028822227928717744,-1.0,2026-03-02,0.0025
2026-02-19,control_naive_low,CONCORDBIO,bull,-1.015727283246764,1118.3040337905384,1029.234720215961,1296.442660939693,1085.7987060546875,time,20,-0.03156662835300045,-0.3649441814619387,2026-03-20,0.0025
2026-02-19,control_naive_low,HONAUT,bull,-1.01667212151779,31012.316553548306,29845.49750152325,33345.95465759842,29845.49750152325,stop,8,-0.04012437578664391,-1.0,2026-03-04,0.0025
2026-02-19,control_naive_low,RVNL,bull,-1.0219574363101478,304.5507205854212,290.66495416627333,332.32225342371686,290.66495416627333,stop,8,-0.04809426552153934,-1.0,2026-03-04,0.0025
2026-02-26,momentum,SHRIRAMFIN,bull,0.7632782859535825,1092.8183428904563,1055.4771854007129,1167.500657869943,1038.1276453013659,stop,2,-0.05254555235084718,-1.4646224505523815,2026-03-02,0.0025
2026-02-26,momentum,GRAPHITE,bull,0.7550171037296919,720.7873644694366,677.7335412003872,806.8950110075355,677.5618371357067,stop,2,-0.06246987386917885,-1.0039881258304868,2026-03-02,0.0025
2026-02-26,momentum,AJANTPHARM,bull,0.7472846906147059,2977.919638308785,2854.1992917255566,3225.360331475242,2804.3099950814853,stop,2,-0.060798968512762064,-1.403242457864519,2026-03-02,0.0025
2026-02-26,momentum,MRPL,bull,0.7467866676432208,192.929749665843,181.6473038372996,215.49464132292977,181.6473038372996,stop,3,-0.06097955459479293,-1.0,2026-03-04,0.0025
2026-02-26,momentum,EICHERMOT,bull,0.7147433808956664,8134.813252918045,7826.728758751828,8750.98224125048,7719.165931270764,stop,2,-0.05359488180299449,-1.3491341807777941,2026-03-02,0.0025
2026-02-26,momentum,JSWSTEEL,bull,0.7116981015736468,1264.735530656956,1236.5619974770932,1321.0825970166813,1228.941155870002,stop,3,-0.030801865425067073,-1.2704964818732194,2026-03-04,0.0025
2026-02-26,momentum,TORNTPHARM,bull,0.7079959726593671,4411.533019210309,4249.269759215498,4736.059539199931,4182.687900880207,stop,2,-0.05437428436635999,-1.4103323102063914,2026-03-02,0.0025
2026-02-26,momentum,NTPC,bull,0.7016080799670443,376.9282583588319,366.89787309207935,396.989028892337,361.09924028970323,stop,2,-0.044494776772771416,-1.5781066876460563,2026-03-02,0.0025
2026-02-26,momentum,LUPIN,bull,0.6954850472309259,2313.2274078965424,2239.9575587042586,2459.76710628111,2239.9575587042586,stop,11,-0.0341742958094679,-1.0,2026-03-16,0.0025
2026-02-26,momentum,INDUSINDBK,bull,0.6954014081856775,961.4427742540664,928.1563202842726,1028.015682193654,928.1563202842726,stop,3,-0.03712135746521056,-1.0,2026-03-04,0.0025
2026-02-26,control_naive_low,CYIENT,bull,-1.0030465116989475,925.2000122070312,870.4651708924854,1034.669694836123,870.0,stop,5,-0.06216278802283365,-1.0084986250313979,2026-03-06,0.0025
2026-02-26,control_naive_low,IRCTC,bull,-1.0038230148572787,594.0999755859375,570.0026310634826,642.2946646308474,570.0026310634826,stop,1,-0.043061093271698325,-1.0,2026-02-27,0.0025
2026-02-26,control_naive_low,LATENTVIEW,bull,-1.004213676136898,335.1499938964844,309.2485248425947,386.95293200426374,309.2485248425947,stop,4,-0.0797832150547188,-1.0,2026-03-05,0.0025
2026-02-26,control_naive_low,IRFC,bull,-1.006729105083339,101.9176296551278,97.75091599387025,110.25105697764289,96.47542830288897,stop,2,-0.05589803693094436,-1.3061135932715682,2026-03-02,0.0025
2026-02-26,control_naive_low,AWL,bull,-1.0070714686203022,187.81886554525695,180.6907552157601,202.07508620425065,179.26355972094098,stop,2,-0.048050833242864466,-1.2002207357696542,2026-03-02,0.0025
2026-02-26,control_naive_low,FIVESTAR,bull,-1.0072524582655698,420.5235994555536,398.7634399470514,464.04391847255806,398.7634399470514,stop,2,-0.05424539440039705,-1.0,2026-03-02,0.0025
2026-02-26,control_naive_low,SONATSOFTW,bull,-1.007436323637222,267.2612733123645,248.26964071965725,305.244538497779,248.26964071965725,stop,2,-0.07356017402869502,-1.0,2026-03-02,0.0025
2026-02-26,control_naive_low,WIPRO,bull,-1.0098433445255646,201.69647751747044,189.26088481109113,226.56766293022906,189.26088481109113,stop,12,-0.06415498207722631,-1.0,2026-03-17,0.0025
2026-02-26,control_naive_low,FSL,bull,-1.0112799124432124,220.0,202.27684551566898,255.44630896866204,202.0,stop,2,-0.08431818181818179,-1.0156205553539432,2026-03-02,0.0025
2026-02-26,control_naive_low,TATAELXSI,bull,-1.011784485045774,4442.3350976952,4161.1340331418705,5004.737226801858,4161.1340331418705,stop,6,-0.06580028202942717,-1.0,2026-03-09,0.0025
2026-02-26,control_naive_low,COFORGE,bull,-1.014789637667113,1214.2711230109232,1107.3502391126638,1428.1128908074422,1107.3502391126638,stop,8,-0.09055355070384691,-1.0,2026-03-11,0.0025
2026-02-26,control_naive_low,BRIGADE,bull,-1.0158156080640055,540.0070737203532,509.4229737913256,601.1752735784085,508.2419860703854,stop,2,-0.06132346583188947,-1.038614434417909,2026-03-02,0.0025
2026-02-26,control_naive_low,COHANCE,bull,-1.0174889243492318,306.6000061035156,281.185398541641,357.42922122726486,281.185398541641,stop,5,-0.08539173860386035,-1.0,2026-03-06,0.0025
2026-03-06,momentum,KIRLOSENG,neutral,0.8380015323513775,1511.8036542554023,1415.256114535138,1704.8987336959308,1415.256114535138,stop,4,-0.0663624860103385,-1.0,2026-03-12,0.0025
2026-03-06,momentum,ACUTAAS,neutral,0.821623418596064,2163.5,2125.317406836975,2239.86518632605,2125.317406836975,stop,1,-0.020148529310388293,-1.0,2026-03-09,0.0025
2026-03-06,momentum,GESHIP,neutral,0.7643133607300244,1385.480384299414,1325.562836873025,1505.3154791521922,1325.562836873025,stop,1,-0.04574676704584829,-1.0,2026-03-09,0.0025
2026-03-06,momentum,BEL,neutral,0.7535916936314683,469.3628248727434,449.0966860653111,509.89510248760797,449.0966860653111,stop,4,-0.04567798030324827,-1.0,2026-03-12,0.0025
2026-03-06,momentum,NATIONALUM,neutral,0.7408997091659629,393.0382348840682,370.6377395548702,437.8392255424641,370.6377395548702,stop,6,-0.059493170997232,-1.0,2026-03-16,0.0025
2026-03-06,momentum,CHENNPETRO,neutral,0.7400221961535763,969.6963759142815,895.4908258081904,1118.1074761264636,895.4908258081904,stop,1,-0.0790245204058086,-1.0,2026-03-09,0.0025
2026-03-06,momentum,GVT&D,neutral,0.7298456703255464,3743.7335860684757,3614.3149772366496,4002.570803732128,3614.3149772366496,stop,5,-0.03706939599372944,-1.0,2026-03-13,0.0025
2026-03-06,momentum,APLAPOLLO,neutral,0.7176142227225818,2085.4663471933777,2063.487875832091,2129.423289915951,2063.487875832091,stop,1,-0.013038876060438574,-1.0,2026-03-09,0.0025
2026-03-06,momentum,HINDALCO,neutral,0.7113472183131627,935.1216977839334,907.6920069189666,989.981079513867,907.6920069189666,stop,5,-0.03183274987626755,-1.0,2026-03-13,0.0025
2026-03-06,momentum,SAILIFE,neutral,0.7055700902333123,1035.0,978.4577418278144,1148.0845163443712,978.4577418278144,stop,5,-0.057130201132546465,-1.0,2026-03-13,0.0025
2026-03-06,momentum,GRAPHITE,neutral,0.6969274791256216,655.7018781301155,611.6860052974406,743.7336237954652,611.6860052974406,stop,5,-0.06962787365837081,-1.0,2026-03-13,0.0025
2026-03-06,momentum,MCX,neutral,0.6902570597617037,2472.9407087211375,2385.9244352649184,2646.9732556335757,2646.9732556335757,target,7,0.06787473494560164,2.0,2026-03-17,0.0025
2026-03-06,momentum,AJANTPHARM,neutral,0.6832981517966038,2893.988572848176,2852.534108296087,2976.897501952353,2852.534108296087,stop,1,-0.01682433594970639,-1.0,2026-03-09,0.0025
2026-03-06,momentum,NAVINFLUOR,neutral,0.6806900272070551,6426.268832100049,6180.600303032726,6917.605890234695,6180.600303032726,stop,4,-0.040728797376197,-1.0,2026-03-12,0.0025
2026-03-06,momentum,JINDALSTEL,neutral,0.6795431091096725,1154.9318976529871,1130.5222502649456,1203.7511924290702,1130.5222502649456,stop,1,-0.023635140035222876,-1.0,2026-03-09,0.0025
2026-03-06,momentum,PFOCUS,neutral,0.6789708227788724,271.0,252.188547286138,308.622905427724,308.622905427724,target,12,0.1363299093273948,2.0,2026-03-24,0.0025
2026-03-06,momentum,TORNTPHARM,neutral,0.6752884886011821,4286.481768913934,4159.941538112893,4539.562230516015,4159.941538112893,stop,11,-0.032020767291890795,-1.0,2026-03-23,0.0025
2026-03-06,momentum,ASTRAL,neutral,0.6750562904587672,1674.3664964391787,1623.2233694254978,1776.6527504665405,1623.2233694254978,stop,1,-0.03304476252507765,-1.0,2026-03-09,0.0025
2026-03-06,momentum,OIL,neutral,0.6735575569940895,501.9734812829164,457.2348819549669,591.4506799388154,457.2348819549669,stop,6,-0.09162542394392831,-1.0,2026-03-16,0.0025
2026-03-06,reversal,AMBER,neutral,0.8123803827751196,7700.0,7390.538752139604,8473.65311965099,7390.538752139604,stop,1,-0.04268977244940203,-1.0,2026-03-09,0.0025
2026-03-06,control_naive_low,ACC,neutral,-1.0014676125229318,1467.5088203690539,1446.219589794325,1510.0872815185116,1446.219589794325,stop,1,-0.01700705459431245,-1.0,2026-03-09,0.0025
2026-03-06,control_naive_low,AWL,neutral,-1.0017521854087497,173.0957780948099,168.15326166452033,182.98081095538905,182.98081095538905,target,3,0.05460730191908442,2.0,2026-03-11,0.0025
2026-03-06,control_naive_low,NAUKRI,neutral,-1.0021472143005496,963.027618392966,918.9064393929309,1051.2699763930364,1029.5223388671875,time,20,0.06654757371879255,1.5070930102336695,2026-04-08,0.0025
2026-03-06,control_naive_low,SONATSOFTW,neutral,-1.0030525030904172,238.81038934499145,225.1946586541008,266.04185072677274,225.1946586541008,stop,11,-0.0595148171871242,-1.0,2026-03-23,0.0025
2026-03-06,control_naive_low,INOXWIND,neutral,-1.003350069073495,82.0,77.90778965012828,90.18442069974344,77.90778965012828,stop,6,-0.05240500426672828,-1.0,2026-03-16,0.0025
2026-03-06,control_naive_low,HONAUT,neutral,-1.0040207760794624,29666.12270162563,28882.095171704324,31234.177761468243,28882.095171704324,stop,9,-0.028928378855129052,-1.0,2026-03-19,0.0025
2026-03-06,control_naive_low,TCS,neutral,-1.0043984596410913,2482.542780637602,2402.6066044672225,2642.415132978361,2402.6066044672225,stop,4,-0.03469931466794268,-1.0,2026-03-12,0.0025
2026-03-06,control_naive_low,KPITTECH,neutral,-1.0045297142196112,686.4536393750014,637.6740301817167,784.0128577615709,637.6740301817167,stop,6,-0.07356031113433575,-1.0,2026-03-16,0.0025
2026-03-06,control_naive_low,SHREECEM,neutral,-1.004644556504463,24536.223323574606,23829.16071249506,25950.348545733697,23829.16071249506,stop,1,-0.031317092253973444,-1.0,2026-03-09,0.0025
2026-03-06,control_naive_low,SYNGENE,neutral,-1.0055345542592582,395.4808215796833,378.08673553640085,430.26899366624826,397.92388916015625,time,20,0.0036774615788308118,0.14045392062530535,2026-04-08,0.0025
2026-03-06,control_naive_low,SWANCORP,neutral,-1.0058988935492013,348.8776413357506,334.67311553874947,377.2866929297528,334.67311553874947,stop,1,-0.04321492154847223,-1.0,2026-03-09,0.0025
2026-03-06,control_naive_low,OLECTRA,neutral,-1.0073227967496765,899.0,855.050449854849,986.8991002903019,986.8991002903019,target,8,0.09527430510600893,2.0,2026-03-18,0.0025
2026-03-06,control_naive_low,IGL,neutral,-1.0076243107857876,154.0500030517578,150.18572968828227,161.7785497787089,161.7785497787089,target,2,0.04766907870072851,2.0,2026-03-10,0.0025
2026-03-06,control_naive_low,MAPMYINDIA,neutral,-1.0077683201376166,993.0852944611278,930.9099471501876,1117.4359890830083,930.9099471501876,stop,5,-0.06510826502790784,-1.0,2026-03-13,0.0025
2026-03-06,control_naive_low,INDGN,neutral,-1.0079016593511763,452.5131645065207,433.69477001641565,490.1499534867308,433.69477001641565,stop,5,-0.04408640226661048,-1.0,2026-03-13,0.0025
2026-03-06,control_naive_low,SBICARD,neutral,-1.0087071733774586,712.5038471964945,688.9308236355348,759.6498943184138,688.9308236355348,stop,6,-0.03558476670506833,-1.0,2026-03-16,0.0025
2026-03-06,control_naive_low,IRCTC,neutral,-1.0097725371570807,542.0,525.0357236704565,575.928552659087,525.0357236704565,stop,4,-0.03379940282203603,-1.0,2026-03-12,0.0025
2026-03-06,control_naive_low,ATGL,neutral,-1.011844861349927,480.8320657243894,462.5775968768288,517.3410034195106,517.3410034195106,target,3,0.07342866677915766,2.0,2026-03-11,0.0025
2026-03-13,momentum,NTPC,neutral,0.8053782571540716,380.3908568408736,366.1153732426931,408.94182403723454,366.1153732426931,stop,6,-0.04002846142711641,-1.0,2026-03-23,0.0025
2026-03-13,momentum,ABB,neutral,0.8040842033401197,6299.76781119331,6000.365301828859,6898.572829922213,6000.365301828859,stop,6,-0.0500259594222629,-1.0,2026-03-23,0.0025
2026-03-13,momentum,GESHIP,neutral,0.8032031637480563,1424.7848904082546,1357.156665942771,1560.0413393392216,1357.156665942771,stop,1,-0.04996556825578452,-1.0,2026-03-16,0.0025
2026-03-13,momentum,AJANTPHARM,neutral,0.7794750624839494,2992.585374835723,2863.331002082614,3251.0941203419416,2863.331002082614,stop,5,-0.0456915406123391,-1.0,2026-03-20,0.0025
2026-03-13,momentum,COALINDIA,neutral,0.7665261829246509,455.083645150105,436.2803424491434,492.69025055202815,436.2803424491434,stop,7,-0.04381834422386127,-1.0,2026-03-24,0.0025
2026-03-13,momentum,KIRLOSENG,neutral,0.7494498518831992,1445.9429207104224,1351.9149759373347,1633.9988102565978,1351.9149759373347,stop,6,-0.067528808140566,-1.0,2026-03-23,0.0025
2026-03-13,momentum,AUROPHARMA,neutral,0.7407441664034398,1302.0,1238.478556855201,1429.0428862895978,1386.5,time,20,0.06240015360983103,1.330259449669301,2026-04-16,0.0025
2026-03-13,momentum,ASTRAL,neutral,0.7205000459077732,1602.7792043386848,1522.0198595112377,1764.2978939935792,1522.0198595112377,stop,12,-0.05288706804332971,-1.0,2026-04-02,0.0025
2026-03-13,momentum,ADANIENSOL,neutral,0.7180914092255607,987.5,936.452367551781,1089.595264896438,936.452367551781,stop,6,-0.054193805010854745,-1.0,2026-03-23,0.0025
2026-03-13,momentum,GVT&D,neutral,0.7149715521700287,3566.173103207306,3353.156824497137,3992.205660627644,3992.205660627644,target,11,0.11696491241190093,2.0,2026-04-01,0.0025
2026-03-13,momentum,IPCALAB,neutral,0.7082263600883998,1560.1832581999101,1483.2631637123527,1714.023447175025,1483.2631637123527,stop,6,-0.051801961217238957,-1.0,2026-03-23,0.0025
2026-03-13,momentum,ACUTAAS,neutral,0.7031128038745474,2062.199951171875,1950.8231428917989,2284.9535677320273,2284.9535677320273,target,2,0.10551746767260334,2.0,2026-03-17,0.0025
2026-03-13,momentum,POWERINDIA,neutral,0.6982084920299055,24189.22504308898,22768.181940005186,27031.311249256567,27031.311249256567,target,16,0.11499389247092012,2.0,2026-04-09,0.0025
2026-03-13,momentum,J&KBANK,neutral,0.6978781788419539,121.13999938964844,112.63905689410676,138.1418843807318,112.63905689410676,stop,6,-0.07267452978679884,-1.0,2026-03-23,0.0025
2026-03-13,control_naive_low,VBL,neutral,-1.0021225510301597,400.27177372908926,379.0576496275785,442.7000219321108,442.7000219321108,target,19,0.10349860141958883,2.0,2026-04-15,0.0025
2026-03-13,control_naive_low,AMBUJACEM,neutral,-1.002238483083633,423.45394369949406,401.51288564115066,467.33605981618086,401.51288564115066,stop,6,-0.05431450872001792,-1.0,2026-03-23,0.0025
2026-03-13,control_naive_low,EMAMILTD,neutral,-1.0025300910673947,416.1499938964844,396.09879211908395,456.2523974512852,396.09879211908395,stop,6,-0.05068263143454016,-1.0,2026-03-23,0.0025
2026-03-13,control_naive_low,BAJAJHLDNG,neutral,-1.0025311115798354,9389.329096391211,8942.722012014297,10282.54326514504,8915.219678996113,stop,10,-0.052994493539194665,-1.0615806017868141,2026-03-30,0.0025
2026-03-13,control_naive_low,TITAGARH,neutral,-1.0026658494189888,635.0,603.0724146495882,698.8551707008237,603.0724146495882,stop,6,-0.05277966196915257,-1.0,2026-03-23,0.0025
2026-03-13,control_naive_low,LEMONTREE,neutral,-1.0028764224995552,101.11000061035156,94.68584114428684,113.95831954248101,114.0,target,15,0.12498491061060063,2.0064880795284066,2026-04-08,0.0025
2026-03-13,control_naive_low,CONCOR,neutral,-1.00309733162939,452.21758740791404,432.48866760037134,491.67542702299943,432.48866760037134,stop,6,-0.046127051129585095,-1.0,2026-03-23,0.0025
2026-03-13,control_naive_low,IRCON,neutral,-1.0031584906387838,129.37995190037122,120.31624526229014,147.5073651765334,120.31624526229014,stop,6,-0.07255495445739985,-1.0,2026-03-23,0.0025
2026-03-13,control_naive_low,COLPAL,neutral,-1.00317783248174,1937.1639502232842,1851.6744947441034,2108.142861181646,1851.6744947441034,stop,6,-0.046631244270433136,-1.0,2026-03-23,0.0025
2026-03-13,control_naive_low,LATENTVIEW,neutral,-1.003221742891786,280.95001220703125,257.4950211244507,327.8599943721923,257.4950211244507,stop,6,-0.08598457043417612,-1.0,2026-03-23,0.0025
2026-03-13,control_naive_low,RVNL,neutral,-1.0033289952882034,270.4071571956144,252.35146077143776,306.51855004396765,252.35146077143776,stop,6,-0.06927225784787577,-1.0,2026-03-23,0.0025
2026-03-13,control_naive_low,PATANJALI,neutral,-1.0033333886262683,479.88827192473576,456.5586009367858,526.5476139006357,456.5586009367858,stop,6,-0.05111479713679873,-1.0,2026-03-23,0.0025
2026-03-13,control_naive_low,EXIDEIND,neutral,-1.0037225248849937,295.18543677654833,281.16699113607024,323.2223280575045,323.2223280575045,target,17,0.09248060469080571,2.0,2026-04-10,0.0025
2026-03-13,control_naive_low,TATACHEM,neutral,-1.004041329599905,659.8547746990986,634.5513344025173,710.4616552922611,634.5513344025173,stop,4,-0.040846983710347284,-1.0,2026-03-19,0.0025
2026-03-13,control_naive_low,DLF,neutral,-1.0042556901489859,536.2672217891202,508.7825063164496,591.2366527344614,508.7825063164496,stop,6,-0.05375190270062519,-1.0,2026-03-23,0.0025
2026-03-13,control_naive_low,PIDILITIND,neutral,-1.004347211093083,1331.2145546457368,1277.4973712769206,1438.6489213833693,1277.4973712769206,stop,10,-0.042852010261119344,-1.0,2026-03-30,0.0025
2026-03-13,control_naive_low,PCBL,neutral,-1.0043633114561485,251.34075841716128,229.10288138639834,295.8165124786872,229.10288138639834,stop,6,-0.09097700297718431,-1.0,2026-03-23,0.0025
2026-03-13,control_naive_low,DEEPAKNTR,neutral,-1.0044382970971308,1433.452883945223,1370.9504374048936,1558.4577770258818,1370.9504374048936,stop,6,-0.04610272126162035,-1.0,2026-03-23,0.0025
2026-03-13,control_naive_low,ABFRL,neutral,-1.0045755035662345,59.279998779296875,55.29532709375889,67.24934215037284,55.29532709375889,stop,6,-0.06971780984465209,-1.0,2026-03-23,0.0025
2026-03-13,control_naive_low,INFY,neutral,-1.004587214996121,1213.931245180508,1166.2966072928184,1309.2005209558874,1309.2005209558874,target,14,0.07597996017370251,2.0,2026-04-07,0.0025
2026-03-20,momentum,CCL,bear,0.754857247073737,1079.1933031108733,1028.0609606170535,1181.457988098513,1028.0609606170535,stop,5,-0.04988015177301991,-1.0,2026-03-30,0.0025
2026-03-20,momentum,SAIL,bear,0.7486820199778026,153.0399932861328,146.1493256870819,166.82132848423464,146.1493256870819,stop,1,-0.04752527379341759,-1.0,2026-03-23,0.0025
2026-03-20,momentum,NMDC,bear,0.7431557528671846,78.75,75.81742703293226,84.61514593413548,75.81742703293226,stop,1,-0.039739021804034824,-1.0,2026-03-23,0.0025
2026-03-20,momentum,PFC,bear,0.7169056654919069,394.9397762881536,378.65101632487017,427.5172962147205,378.65101632487017,stop,5,-0.043743655213393684,-1.0,2026-03-30,0.0025
2026-03-20,momentum,TATASTEEL,bear,0.7089576396596374,189.10023150282484,182.84015863125128,201.62037724597195,182.84015863125128,stop,1,-0.03560452251603957,-1.0,2026-03-23,0.0025
2026-03-20,momentum,JINDALSTEL,bear,0.6976045135035145,1159.9229643819956,1123.009174153139,1233.750544839709,1123.009174153139,stop,1,-0.034324346411250095,-1.0,2026-03-23,0.0025
2026-03-20,momentum,LUPIN,bear,0.6924805771365151,2303.001425041279,2230.2285141667376,2448.5472467903624,2230.2285141667376,stop,7,-0.03409916015824316,-1.0,2026-04-02,0.0025
2026-03-20,momentum,OIL,bear,0.6781631520532743,474.7790740441903,448.3137262393149,527.7097696539411,472.932861328125,time,20,-0.006388572215997588,-0.06975962415748709,2026-04-23,0.0025
2026-03-20,momentum,POWERGRID,bear,0.6771550129485757,298.0,285.9711520059037,322.05769598819256,285.9711520059037,stop,7,-0.04286526172515531,-1.0,2026-04-02,0.0025
2026-03-20,momentum,SAILIFE,bear,0.6759942656307806,990.0,942.8084556034288,1084.3830887931424,942.8084556034288,stop,8,-0.05016822666320325,-1.0,2026-04-06,0.0025
2026-03-20,momentum,VTL,bear,0.6736080281169073,529.5096013128676,498.0168493114887,592.4951053156254,592.4951053156254,target,17,0.11645063629930669,2.0,2026-04-20,0.0025
2026-03-20,momentum,SUNPHARMA,bear,0.6729189789123197,1770.1607438237093,1721.5458156749096,1867.3906001213086,1721.5458156749096,stop,6,-0.029963566977418695,-1.0,2026-04-01,0.0025
2026-03-20,momentum,GPIL,bear,0.6714576396596375,256.6408736601335,244.989774085964,279.94307280847244,279.94307280847244,target,3,0.08829691327421901,2.0,2026-03-25,0.0025
2026-03-20,control_naive_low,APTUS,bear,-1.0027851228381979,203.0112793776664,195.05011191144354,218.93361431011212,195.05011191144354,stop,4,-0.04171539478312697,-1.0,2026-03-27,0.0025
2026-03-20,control_naive_low,GAIL,bear,-1.0030187634682057,140.82108709047446,134.97222162186586,152.51881802769168,134.97222162186586,stop,1,-0.044034017308436535,-1.0,2026-03-23,0.0025
2026-03-20,control_naive_low,TATACHEM,bear,-1.003485996343113,609.5285457234158,598.345718703813,631.8941997626216,598.345718703813,stop,1,-0.020846683019300757,-1.0,2026-03-23,0.0025
2026-03-20,control_naive_low,PETRONET,bear,-1.0042876872183029,244.92448489168373,237.01026171248716,260.75293125007687,237.01026171248716,stop,1,-0.034812911396737534,-1.0,2026-03-23,0.0025
2026-03-20,control_naive_low,IRFC,bear,-1.0044674678463679,93.5,90.15616287393473,100.18767425213053,90.15616287393473,stop,1,-0.03826296391513656,-1.0,2026-03-23,0.0025
2026-03-20,control_naive_low,HONAUT,bear,-1.0046099290780142,28070.633375149275,27139.346283240247,29933.20755896733,27139.346283240247,stop,1,-0.03567656140717829,-1.0,2026-03-23,0.0025
2026-03-20,control_naive_low,BAJAJFINSV,bear,-1.004817683884172,1698.3508647451185,1640.2351801958434,1814.5822338436687,1640.2351801958434,stop,5,-0.036718891841290346,-1.0,2026-03-30,0.0025
2026-03-20,control_naive_low,ARE&M,bear,-1.0048312699061053,753.4348293915289,723.858456916841,812.5875743409047,723.858456916841,stop,1,-0.04175538257711514,-1.0,2026-03-23,0.0025
2026-03-20,control_naive_low,CYIENT,bear,-1.0050535354569137,820.0,774.5169183069103,910.9661633861795,774.5169183069103,stop,5,-0.05796717279645086,-1.0,2026-03-30,0.0025
2026-03-20,control_naive_low,MEDANTA,bear,-1.0057000122070312,997.4462401089338,955.1906999116602,1081.957320503481,1081.957320503481,target,12,0.08222745396816328,2.0,2026-04-10,0.0025
2026-03-20,control_naive_low,LODHA,bear,-1.0058059279212002,786.2378846602448,741.802273511922,875.1091069568906,741.802273511922,stop,1,-0.059016751501391684,-1.0,2026-03-23,0.0025
2026-03-20,control_naive_low,HINDUNILVR,bear,-1.0066215327075276,2041.534531517212,1989.3711030870809,2145.861388377474,2145.861388377474,target,10,0.04860217596110389,2.0000000000000044,2026-04-08,0.0025
2026-03-20,control_naive_low,BALKRISIND,bear,-1.0070803465925489,2082.7543543418487,1970.9549518784802,2306.353159268586,2306.353159268586,target,14,0.10485726201249229,2.0,2026-04-15,0.0025
2026-03-20,control_naive_low,JUBLFOOD,bear,-1.0071372364448996,446.72953462102817,425.8560299494372,488.4765439642101,425.8560299494372,stop,9,-0.04922515035142799,-1.0,2026-04-07,0.0025
2026-03-30,momentum,NATIONALUM,bear,0.7892383805374001,393.4848705575685,357.50368747135695,465.44723672999163,396.3135681152344,time,20,0.0046888343601562705,0.07861602412817421,2026-04-30,0.0025
2026-03-30,momentum,EMCURE,bear,0.7683369042637173,1656.7778964369916,1495.4558600591404,1979.421969192694,1495.4558600591404,stop,2,-0.09987094919287892,-1.0,2026-04-02,0.0025
2026-03-30,momentum,GRANULES,bear,0.7584149876349755,627.6924650099749,589.1008218897628,704.875751250399,704.875751250399,target,17,0.12046353794719783,2.0,2026-04-27,0.0025
2026-03-30,momentum,TORNTPHARM,bear,0.7260666303558461,4269.115963011278,4057.3309718196297,4692.685945394574,4057.3309718196297,stop,2,-0.052108629286861274,-1.0,2026-04-02,0.0025
2026-03-30,momentum,ONGC,bear,0.7186002178649239,288.77118670105233,271.40138376576294,323.5107925716311,298.28070068359375,time,20,0.03043096548578456,0.5474739130874884,2026-04-30,0.0025
2026-03-30,momentum,NATCOPHARM,bear,0.7171704793028322,996.9109162655335,915.2820216155038,1160.168705565593,1093.8966064453125,time,20,0.09478621544549942,1.1881294068183703,2026-04-30,0.0025
2026-03-30,momentum,NTPC,bear,0.7162717864923748,377.2250466508289,353.60335108924914,424.46843777398846,353.60335108924914,stop,2,-0.06511963719350994,-1.0,2026-04-02,0.0025
2026-03-30,momentum,ABB,bear,0.6962962962962962,6083.213533291069,5558.225776392065,7133.189047089078,7133.189047089078,target,12,0.17010211367756528,2.0,2026-04-20,0.0025
2026-03-30,momentum,COALINDIA,bear,0.6809958242556281,452.1601997672271,419.45708169214913,517.5664359173829,419.45708169214913,stop,7,-0.07482639690957665,-1.0,2026-04-10,0.0025
2026-03-30,momentum,GLENMARK,bear,0.6749137618010168,2177.8329455853786,2025.6871994131557,2482.1244379298246,2025.6871994131557,stop,2,-0.07236107289846688,-1.0,2026-04-02,0.0025
2026-03-30,momentum,NLCINDIA,bear,0.6666394335511983,274.79998779296875,251.89720196170651,320.6055594554932,320.6055594554932,target,17,0.16418694940785022,2.0,2026-04-27,0.0025
2026-03-30,control_naive_low,IEX,bear,-1.0013089138558129,115.17813793920222,106.9625674444109,131.60927892878487,132.28751546386502,target,10,0.14604709262355103,2.082555013740088,2026-04-16,0.0025
2026-03-30,control_naive_low,SBICARD,bear,-1.0022870855000492,647.5499877929688,595.8131840195974,751.0235953397114,643.9000244140625,time,20,-0.008136573928981648,-0.0705486831945515,2026-04-30,0.0025
2026-03-30,control_naive_low,ACC,bear,-1.0023168686803474,1272.7356824825981,1184.2271659188186,1449.752715610157,1449.752715610157,target,17,0.13658389272332622,2.0,2026-04-27,0.0025
2026-03-30,control_naive_low,HAL,bear,-1.0023281461551168,3574.1573535157477,3307.1629845601965,4108.14609142685,4108.14609142685,target,7,0.1469026941443527,2.0,2026-04-10,0.0025
2026-03-30,control_naive_low,ITC,bear,-1.0024390669234537,285.22940879596706,270.2261248531633,315.2359766815746,306.548583984375,time,20,0.0722439588309009,1.4209672542146052,2026-04-30,0.0025
2026-03-30,control_naive_low,KEC,bear,-1.0025489956724876,520.7840908315212,470.25559016555536,621.8410921634529,554.244384765625,time,20,0.06174983889327085,0.6622063487555928,2026-04-30,0.0025
2026-03-30,control_naive_low,TATAELXSI,bear,-1.0026221941940427,4036.9053884549503,3672.6957261707676,4765.324713023316,4057.142578125,time,20,0.0025130453212813286,0.05556466992975925,2026-04-30,0.0025
2026-03-30,control_naive_low,IRFC,bear,-1.002643716746363,90.83000183105469,82.10428242133564,108.28144065049278,108.28144065049278,target,15,0.18963297883554014,2.0,2026-04-23,0.0025
2026-03-30,control_naive_low,BAJAJFINSV,bear,-1.0029502451309926,1677.5685431104614,1556.193896218801,1920.3178368937822,1745.7103271484375,time,20,0.03811937398494075,0.5614169497753495,2026-04-30,0.0025
2026-03-30,control_naive_low,DEVYANI,bear,-1.002968919378064,96.58999633789062,86.6254208018333,116.51914741000527,116.51914741000527,target,19,0.20382727847300658,2.0,2026-04-29,0.0025
2026-03-30,control_naive_low,CAPLIPOINT,bear,-1.0029994000223588,1561.9060784734625,1434.148162787847,1817.4219098446933,1705.621337890625,time,20,0.08951274096943357,1.124902974863919,2026-04-30,0.0025
2026-03-30,control_naive_low,IREDA,bear,-1.003037292465901,112.6185731151818,101.01746055116918,135.82079824320704,135.82079824320704,target,14,0.2035248543931995,1.9999999999999987,2026-04-22,0.0025
2026-03-30,control_naive_low,NEWGEN,bear,-1.0031168184466952,415.3501217240072,360.13413942580115,525.7820863204192,525.7820863204192,target,20,0.2633768080722802,2.0,2026-04-30,0.0025
2026-03-30,control_naive_low,ADANIENT,bear,-1.0033086416589418,1824.1843351159685,1653.314630699905,2165.9237439480958,2186.0227116597075,target,9,0.19585625686410463,2.117627450578784,2026-04-15,0.0025
2026-03-30,control_naive_low,CYIENT,bear,-1.0033986243295427,792.2000122070312,700.7060832216978,975.1878701776982,975.1878701776982,target,9,0.22848694161954314,2.0,2026-04-15,0.0025
2026-03-30,control_naive_low,INDHOTEL,bear,-1.0034270864798442,594.3530155715782,536.7430570186433,709.5729326774481,633.03076171875,time,20,0.06257537630641291,0.6713725737475182,2026-04-30,0.0025
2026-03-30,control_naive_low,RECLTD,bear,-1.0034534397391979,314.7602754171467,282.3121260582759,379.65657413488833,379.65657413488833,target,13,0.20367690282465162,2.0,2026-04-21,0.0025
2026-03-30,control_naive_low,TATATECH,bear,-1.0035475331734318,511.1500913199972,472.7541419340899,587.9419900918119,587.9419900918119,target,17,0.14773356167951918,2.0000000000000013,2026-04-27,0.0025
2026-03-30,control_naive_low,GODREJCP,bear,-1.0035666972827257,999.4823511387366,928.4375078180378,1141.572037780134,1055.98779296875,time,20,0.05403470695669149,0.7953489541098147,2026-04-30,0.0025
2026-04-08,momentum,ADANIENSOL,bear,0.7393326786237446,1073.199951171875,1005.7824981101294,1208.0348572953662,1208.0348572953662,target,5,0.12313819628975836,2.0,2026-04-16,0.0025
2026-04-08,momentum,CCL,bear,0.7377884542842081,1101.4314059370488,1053.0731463452507,1198.147925120645,1053.0731463452507,stop,3,-0.046404921660243625,-1.0,2026-04-13,0.0025
2026-04-08,momentum,GPIL,bear,0.7344138993449284,282.832759922494,266.0674334802499,316.3634128069822,293.1402282714844,time,20,0.03394368619750748,0.6148086877102695,2026-05-08,0.0025
2026-04-08,momentum,ADANIPOWER,bear,0.7206380143762618,168.9499969482422,159.69103926930197,187.46791230612263,187.46791230612263,target,5,0.1071058934144486,2.0,2026-04-16,0.0025
2026-04-08,momentum,KIRLOSENG,bear,0.717492737835875,1475.8795548096866,1363.1780050825885,1701.282654263883,1701.282654263883,target,13,0.1502245896995042,2.0,2026-04-28,0.0025
2026-04-08,momentum,TITAN,bear,0.7035178243507816,4460.364368818537,4280.651167919609,4819.7907706163915,4280.651167919609,stop,19,-0.04279114799572531,-1.0,2026-05-07,0.0025
2026-04-08,momentum,HINDALCO,bear,0.6888843500363109,954.0231308158022,899.0793114193041,1063.9107696087985,1063.9107696087985,target,13,0.11268341143262378,2.0,2026-04-28,0.0025
2026-04-08,momentum,TATASTEEL,bear,0.6850717138707335,200.37765073543454,190.17597322357014,220.78100575916335,210.156005859375,time,20,0.04629962953977923,0.9585046295149373,2026-05-08,0.0025
2026-04-08,momentum,NTPC,bear,0.6768972403776325,372.92154904467407,355.90573571112276,406.9531757117767,406.9531757117767,target,12,0.08875679852580948,2.0,2026-04-27,0.0025
2026-04-08,momentum,DATAPATTNS,bear,0.6767338416848221,3257.898225151079,3024.968979246136,3723.7567169609647,3723.7567169609647,target,9,0.14049356812728026,2.0,2026-04-22,0.0025
2026-04-08,momentum,SAIL,bear,0.6695261437908497,164.41000366210938,154.05362705807855,185.12275687017103,185.12275687017103,target,12,0.1234823170531027,2.0,2026-04-27,0.0025
2026-04-08,momentum,BHARATFORG,bear,0.6675472040668119,1772.6218899142511,1672.9744424958035,1971.9167847511465,1971.9167847511465,target,19,0.10992944475120753,2.0,2026-05-07,0.0025
2026-04-08,momentum,BSE,bear,0.6621368917937547,3141.723119909521,2969.3910568907213,3486.38724594712,3486.38724594712,target,6,0.10720544280411487,2.0,2026-04-17,0.0025
2026-04-08,control_naive_low,ABBOTINDIA,bear,-1.0197238979469958,25503.220269770656,24272.561185365146,27964.538438581676,26089.501953125,time,20,0.020488535453668747,0.4763965023161202,2026-05-08,0.0025
2026-04-08,control_naive_low,UNITDSPR,bear,-1.0313841940394963,1232.0123716220162,1180.0568215827452,1335.9234717005581,1335.9234717005581,target,8,0.08184257842860537,2.0,2026-04-21,0.0025
2026-04-08,control_naive_low,PATANJALI,bear,-1.0320484258064533,464.9922526779553,442.6714610924528,509.6338358489604,458.58642578125,time,20,-0.01627620134488966,-0.2869892347754339,2026-05-08,0.0025
2026-04-08,control_naive_low,SRF,bear,-1.03401279053884,2430.4821285973035,2285.209534169604,2721.0273174527024,2721.0273174527024,target,18,0.11704220335003263,2.0,2026-05-06,0.0025
2026-04-08,control_naive_low,HONAUT,bear,-1.0354691011668289,27472.324503697993,25738.71606871501,30939.54137366396,30939.54137366396,target,5,0.12370762649695893,2.0,2026-04-16,0.0025
2026-04-08,control_naive_low,MAXHEALTH,bear,-1.0422481111392914,939.8297686723187,897.9271895509753,1023.6349269150054,1023.6349269150054,target,8,0.0866705721995557,2.0,2026-04-21,0.0025
2026-04-08,control_naive_low,CIPLA,bear,-1.043064240038714,1203.9054550087053,1161.1177008328254,1289.480963360465,1289.480963360465,target,10,0.06858158534852804,2.0,2026-04-23,0.0025
2026-04-08,control_naive_low,CRISIL,bear,-1.0451166313108413,3855.590501707951,3648.56293461784,4269.645635888173,4269.645635888173,target,6,0.10489084817145494,2.000000000000002,2026-04-17,0.0025
2026-04-08,control_naive_low,SAREGAMA,bear,-1.045269581392834,323.0,299.92500179367664,369.1499964126467,369.1499964126467,target,20,0.14037924585958733,2.0,2026-05-08,0.0025
2026-04-08,control_naive_low,AWL,bear,-1.0455049543037334,179.8902843365874,166.57614387449112,206.51856526077995,206.51856526077995,target,12,0.14552511999130074,2.0,2026-04-27,0.0025
2026-04-16,momentum,J&KBANK,bear,0.7429984797789846,133.0,123.8920194636001,151.2159610727998,130.6999969482422,time,20,-0.019793256028254266,-0.25252612723159523,2026-05-15,0.0025
2026-04-16,momentum,POWERGRID,bear,0.742446957791608,313.29998779296875,299.948646082788,340.00267121333025,299.948646082788,stop,18,-0.04511520022465948,-1.0,2026-05-13,0.0025
2026-04-16,momentum,SONACOMS,bear,0.7338203642805995,576.3249257577722,546.9321177229295,635.1105418274576,571.8877563476562,time,20,-0.010199076010432516,-0.15096105839415191,2026-05-15,0.0025
2026-04-16,momentum,AUROPHARMA,bear,0.7337516560244884,1388.9000244140625,1331.8819124692143,1502.936248303759,1502.936248303759,target,15,0.07960542291393863,2.0,2026-05-08,0.0025
2026-04-16,momentum,PFC,bear,0.7267924034157645,450.85566009648636,426.11999921671344,500.3269818560322,436.8889465332031,time,20,-0.033478237159747015,-0.564638787343023,2026-05-15,0.0025
2026-04-16,momentum,APARINDS,bear,0.7253058103975535,11300.267437577226,10470.363954056627,12960.074404618423,12960.074404618423,target,20,0.14438209603976054,2.0,2026-05-15,0.0025
2026-04-16,momentum,ABSLAMC,bear,0.7242658545950749,1029.3065781955024,959.1054624192752,1169.7088097479568,1005.2105102539062,time,20,-0.025910000919103723,-0.3432433754814483,2026-05-15,0.0025
2026-04-16,momentum,MCX,bear,0.7233245261435974,2876.950849273579,2696.7342618546404,3237.3840241114563,3237.3840241114563,target,17,0.12278304921472166,2.0,2026-05-12,0.0025
2026-04-16,momentum,NMDC,bear,0.7077019815934583,87.5,83.14567192753927,96.20865614492146,91.41000366210938,time,20,0.04218575613839287,0.8979579850306827,2026-05-15,0.0025
2026-04-16,momentum,GRAPHITE,bear,0.6975580140313006,677.3145516185144,630.1170636186806,771.709527618182,771.709527618182,target,20,0.1368665258986403,2.0,2026-05-15,0.0025
2026-04-16,momentum,POWERINDIA,bear,0.6875966900521676,28493.197149146497,26730.48075737237,32018.629932694752,32018.629932694752,target,6,0.12122892957903314,2.0,2026-04-24,0.0025
2026-04-16,reversal,TARIL,bear,0.783348623853211,322.0,244.9621808999053,514.5945477502368,300.79998779296875,time,20,-0.06833854722680516,-0.2751896724839292,2026-05-15,0.0025
2026-04-16,reversal,AARTIIND,bear,0.7027752293577982,437.13102054144144,385.3972826334655,566.4653653113812,465.3249816894531,time,20,0.06199773597190589,0.5449821004266724,2026-05-15,0.0025
2026-04-16,control_naive_low,JYOTICNC,bear,-1.0235165990739898,709.0,645.5079136961526,835.9841726076947,707.3499755859375,time,20,-0.0048272558731487485,-0.025987875184415147,2026-05-15,0.0025
2026-04-16,control_naive_low,UBL,bear,-1.0414674546157336,1454.847392539449,1375.4733554003046,1613.5954668177376,1375.4733554003046,stop,13,-0.0570583251866687,-1.0,2026-05-06,0.0025
2026-04-23,momentum,TIMKEN,bear,0.7811596131665337,3537.143055047546,3399.5454406072463,3812.3382839281458,3399.5454406072463,stop,5,-0.041400777350225126,-1.0,2026-04-30,0.0025
2026-04-23,momentum,GLENMARK,bear,0.741653397806774,2348.6631657782264,2228.5745572829555,2588.840382768768,2228.5745572829555,stop,20,-0.0536306219831994,-1.0,2026-05-22,0.0025
2026-04-23,momentum,CHENNPETRO,bear,0.6644441487002041,1029.121873230865,950.0847996755458,1187.1960203415035,950.0847996755458,stop,2,-0.07930049915486409,-1.0,2026-04-27,0.0025
2026-04-23,momentum,LAURUSLABS,bear,0.6574838080028392,1128.0768645653684,1079.1675161382022,1225.8955614197007,1079.1675161382022,stop,5,-0.0458563970359504,-1.0,2026-04-30,0.0025
2026-04-23,momentum,SAILIFE,bear,0.6566852985538107,1051.4000244140625,986.548585266336,1181.1029027095155,986.548585266336,stop,15,-0.06418103256785418,-1.0,2026-05-15,0.0025
2026-04-23,momentum,CUMMINSIND,bear,0.655350013308491,5136.397405221922,4895.867134512551,5617.457946640663,5308.9658203125,time,20,0.031097169665091854,0.7174498851293863,2026-05-22,0.0025
2026-04-23,momentum,LINDEINDIA,bear,0.6547821843669593,7251.202654006335,6847.953123549757,8057.701714919492,7209.77294921875,time,20,-0.008213494266319397,-0.10273962313279467,2026-05-22,0.0025
2026-04-23,reversal,ACMESOLAR,bear,0.9209276018099548,309.8999938964844,252.34026310426802,453.79932087702525,290.20001220703125,time,20,-0.0660688353580074,-0.342252846188035,2026-05-22,0.0025
2026-04-23,reversal,ENGINERSIN,bear,0.838868778280543,243.5,183.6969241457767,393.0076896355582,216.0,time,20,-0.11543634496919913,-0.45984256841628574,2026-05-22,0.0025
2026-04-23,reversal,FINCABLES,bear,0.7903619909502263,961.552985921067,741.7832387578238,1510.9773538291752,1023.9088745117188,time,20,0.062349144564739,0.28373281307155646,2026-05-22,0.0025
2026-04-23,reversal,BALRAMCHIN,bear,0.6654977375565612,540.1500244140625,453.1876497856668,757.5559609850518,535.0999755859375,time,20,-0.01184934481138483,-0.05807165282347309,2026-05-22,0.0025
2026-04-23,reversal,ETERNAL,bear,0.4330995475113122,259.8999938964844,219.3112713408563,361.3718002855545,241.9499969482422,time,20,-0.07156501488950201,-0.44224099252301363,2026-05-22,0.0025
2026-04-23,control_naive_low,HCLTECH,bear,-1.004402496529825,1251.6218619302792,1173.352491594751,1408.1606026013358,1173.352491594751,stop,5,-0.06503435859199475,-1.0,2026-04-30,0.0025
2026-04-23,control_naive_low,INFY,bear,-1.0209859335846736,1174.5826894228176,1159.9426226232363,1203.8628230219801,1159.9426226232363,stop,1,-0.014964058027941261,-1.0,2026-04-24,0.0025
2026-04-30,momentum,KIRLOSENG,bear,0.767229621739195,1697.5109717817782,1595.6241433675223,1901.28462861029,1595.6241433675223,stop,7,-0.0625213077311137,-1.0,2026-05-12,0.0025
2026-04-30,momentum,SAIL,bear,0.742368600292419,185.25,175.8567221259458,204.0365557481084,175.8567221259458,stop,7,-0.05320595343619,-1.0,2026-05-12,0.0025
2026-04-30,momentum,HINDALCO,bear,0.7388545318482923,1037.8856796444354,990.0500180986633,1133.5570027359797,1133.5570027359797,target,18,0.08967905687293037,2.0,2026-05-27,0.0025
2026-04-30,momentum,GESHIP,bear,0.7211195218897838,1562.3502553642863,1463.9989799083446,1759.0528062761698,1463.9989799083446,stop,9,-0.06545084928507888,-1.0,2026-05-14,0.0025
2026-04-30,momentum,RRKABEL,bear,0.7121568919901967,1605.951761320901,1473.2224815684056,1871.4103208258916,1871.4103208258916,target,4,0.16279672054822497,2.0,2026-05-07,0.0025
2026-04-30,momentum,CHENNPETRO,bear,0.7095111375774608,1083.7400865941086,993.5475602291081,1264.1251393241096,993.5475602291081,stop,7,-0.08572339228813647,-1.0,2026-05-12,0.0025
2026-04-30,momentum,NAVINFLUOR,bear,0.7078896660993262,6846.762711477185,6460.888412233944,7618.5113099636665,6990.09033203125,time,20,0.01843363339637966,0.37143603716327506,2026-06-01,0.0025
2026-04-30,momentum,ONGC,bear,0.7033309845853313,297.1356001849412,287.54614860143727,316.3145033519491,287.54614860143727,stop,2,-0.03477298101451104,-1.0,2026-05-05,0.0025
2026-04-30,momentum,TATAPOWER,bear,0.6835546735200796,442.7564277217701,423.5335594645751,481.20216423616006,423.5335594645751,stop,7,-0.045916350511515824,-1.0,2026-05-12,0.0025
2026-04-30,momentum,VTL,bear,0.6808378274403244,614.5385045479528,576.6519590823515,690.3115954791555,576.6519590823515,stop,5,-0.06415040137471978,-1.0,2026-05-08,0.0025
2026-04-30,momentum,GVT&D,bear,0.678953049109552,4488.8892782620815,4181.179725502674,5104.308383780896,5104.308383780896,target,18,0.13459830369375475,2.0,2026-05-27,0.0025
2026-04-30,momentum,SYRMA,bear,0.6651241230437129,962.6152952045823,903.1896666431342,1081.4665523274784,1081.4665523274784,target,4,0.12096703580856455,2.0,2026-05-07,0.0025
2026-04-30,momentum,THERMAX,bear,0.6598398992624573,4061.014333278389,3827.088065876009,4528.86686808315,4528.86686808315,target,5,0.11270583194471778,2.0,2026-05-08,0.0025
2026-04-30,momentum,COALINDIA,bear,0.6586041733470873,469.31107723777467,450.6367671654233,506.6596973824774,450.6367671654233,stop,4,-0.04229089984890794,-1.0,2026-05-07,0.0025
2026-04-30,reversal,MMTC,bear,0.6732339449541286,65.19999694824219,55.688619315658485,88.97844102970144,64.04000091552734,time,20,-0.02029135102775675,-0.12195878215800991,2026-06-01,0.0025
2026-04-30,reversal,WHIRLPOOL,bear,0.6326146788990826,979.6916339754831,776.1903151094183,1488.4449311406452,825.8615112304688,time,20,-0.15951892045437638,-0.7559170800571482,2026-06-01,0.0025
2026-04-30,reversal,PNBHOUSING,bear,0.6321559633027524,1041.8691645597376,812.5629939932525,1615.1345909759502,995.2330932617188,time,20,-0.04726192681806246,-0.20337905073730728,2026-06-01,0.0025
2026-04-30,reversal,ELECON,bear,0.6217201834862385,510.5457291648524,387.2095516455262,818.8861729631678,503.1168518066406,time,20,-0.017050855944606366,-0.06023275171672718,2026-06-01,0.0025
2026-04-30,reversal,RKFORGE,bear,0.6003899082568808,606.5232841522096,506.80507443308977,855.8188084500092,574.75,time,20,-0.05488592644736118,-0.3186307119001299,2026-06-01,0.0025
2026-04-30,reversal,CROMPTON,bear,0.545802752293578,269.7557842858031,226.68953919136442,377.4213970218998,270.1510314941406,time,20,-0.001034796169861627,0.009177656595572965,2026-06-01,0.0025
2026-04-30,reversal,KPRMILL,bear,0.5392431192660551,938.937000223769,832.1019390064258,1206.024653267127,989.8750610351562,time,20,0.051750775929852055,0.4767916097109714,2026-06-01,0.0025
2026-04-30,reversal,MOTILALOFS,bear,0.5101376146788991,821.3499755859375,736.3498752978277,1033.850226306212,851.7000122070312,time,20,0.034451406249744465,0.3570588330863328,2026-06-01,0.0025
2026-04-30,reversal,NUVAMA,bear,0.39041284403669724,1323.0470405794372,1227.0615097751922,1563.0108675900497,1563.0108675900497,target,5,0.17887210518646318,2.5000000000000013,2026-05-08,0.0025
2026-04-30,control_naive_low,ZENSARTECH,bear,-1.0058725055233022,505.71890495547524,470.7554710721398,575.6457727221461,470.7554710721398,stop,9,-0.07163610217204303,-1.0,2026-05-14,0.0025
2026-04-30,control_naive_low,VEDL,bear,-1.010606533146495,277.0,180.70412760686622,469.59174478626755,337.1499938964844,time,20,0.21464799240608085,0.6246373016998937,2026-06-01,0.0025
2026-04-30,control_naive_low,HCLTECH,bear,-1.0127533577583931,1195.7918803363182,1123.750098590593,1339.8754438277683,1123.750098590593,stop,9,-0.06274608707450263,-1.0,2026-05-14,0.0025
2026-04-30,control_naive_low,INFY,bear,-1.0278309712539966,1169.6886601132755,1102.638425702051,1303.7891289357244,1102.638425702051,stop,7,-0.059823146489879686,-1.0,2026-05-12,0.0025
2026-04-30,control_naive_low,KFINTECH,bear,-1.0342955925160962,890.443251964665,832.6728136396124,1005.9841286147703,832.6728136396124,stop,8,-0.06737829313949933,-1.0,2026-05-13,0.0025
2026-04-30,control_naive_low,TATAELXSI,bear,-1.0412737599312525,4076.888430888698,3849.0766438905475,4532.512004884999,4227.0947265625,time,20,0.03434336675386013,0.6593438278723532,2026-06-01,0.0025
2026-04-30,control_naive_low,APOLLOTYRE,bear,-1.0417038928632578,408.9114870448804,387.70698449101127,451.32049215261867,387.70698449101127,stop,11,-0.05435597183172752,-1.0,2026-05-18,0.0025
2026-04-30,control_naive_low,NAUKRI,bear,-1.045513174212325,973.1463749441416,920.8057134577688,1077.8276979168872,920.8057134577688,stop,8,-0.05628498326048553,-1.0,2026-05-13,0.0025
2026-04-30,control_naive_low,ICICIPRULI,bear,-1.045579284088345,517.5538888553654,486.40537485311023,579.8509168598756,486.40537485311023,stop,20,-0.06268409806782421,-1.0,2026-06-01,0.0025
2026-04-30,control_naive_low,SBICARD,bear,-1.0461413881625712,646.9500122070312,611.9566401124745,716.9367563961448,611.9566401124745,stop,20,-0.05658976185838377,-1.0,2026-06-01,0.0025
2026-05-08,momentum,NATCOPHARM,bear,0.758446053851395,1153.0464650623835,1116.8172481211705,1225.5048989448096,1116.8172481211705,stop,14,-0.03392043103983061,-1.0,2026-05-29,0.0025
2026-05-08,momentum,AUROPHARMA,bear,0.7348235620430363,1487.300048828125,1430.0799488822279,1601.7402487199192,1430.0799488822279,stop,11,-0.04097246558687467,-1.0,2026-05-25,0.0025
2026-05-08,momentum,BHARATFORG,bear,0.7313434046409985,1977.0018452460527,1881.2840775292593,2168.4373806796393,1881.2840775292593,stop,6,-0.05091561880529277,-1.0,2026-05-18,0.0025
2026-05-08,momentum,CGPOWER,bear,0.7248672495515422,875.0,832.1787030894764,960.6425938210473,832.1787030894764,stop,2,-0.05143862504059843,-1.0,2026-05-12,0.0025
2026-05-08,momentum,GRANULES,bear,0.7171093826667653,748.4409014721622,715.613043980249,814.0966164559885,764.7568969726562,time,20,0.019299978419673406,0.4970167640246812,2026-06-08,0.0025
2026-05-08,momentum,LAURUSLABS,bear,0.70086538196238,1232.5,1175.9078931573042,1345.6842136853916,1345.6842136853916,target,7,0.08933303341613924,2.0,2026-05-19,0.0025
2026-05-08,momentum,MAHABANK,bear,0.6998920633075995,81.26095565899249,78.39521034970433,86.9924462775688,78.39521034970433,stop,2,-0.03776595627688789,-1.0,2026-05-12,0.0025
2026-05-08,momentum,APOLLOHOSP,bear,0.687445812769256,8036.644398576698,7846.505862282664,8416.921471164767,7846.505862282664,stop,8,-0.026158946055608475,-1.0,2026-05-20,0.0025
2026-05-08,momentum,SIEMENS,bear,0.6779750609921389,3701.8092379895697,3634.267165573973,3836.893382820763,3634.267165573973,stop,1,-0.020745692328618833,-1.0,2026-05-11,0.0025
2026-05-08,momentum,LUPIN,bear,0.6756292086079557,2313.6243509192086,2270.4744013100576,2399.9242501375106,2270.4744013100576,stop,1,-0.021150369750822903,-1.0,2026-05-11,0.0025
2026-05-08,reversal,PREMIERENE,bear,0.7812327188940092,1011.5999755859375,940.3255012242028,1189.7861614902745,1090.5,time,20,0.0754952810579716,1.1069885133578998,2026-06-08,0.0025
2026-05-08,reversal,BOSCHLTD,bear,0.7295276497695853,37771.44179828822,34724.18281496876,45389.589256586885,34724.18281496876,stop,9,-0.08317626858388988,-1.0,2026-05-21,0.0025
2026-05-08,reversal,NUVAMA,bear,0.6592396313364055,1610.5970740690689,1272.3190956841745,2456.2920200313047,1539.800048828125,time,20,-0.04645700599534791,-0.20928653286555549,2026-06-08,0.0025
2026-05-08,reversal,RAINBOW,bear,0.6234792626728111,1307.8254268257808,1202.1720152906375,1571.958955663639,1340.0496826171875,time,20,0.022139569724239198,0.3049996713138599,2026-06-08,0.0025
2026-05-08,reversal,POONAWALLA,bear,0.46891705069124434,459.5,393.82544387993687,623.6863903001579,393.82544387993687,stop,12,-0.14542612866172605,-1.0,2026-05-26,0.0025
2026-05-08,reversal,GLAXO,bear,0.2896082949308756,2415.4142397572978,2229.30831336708,2880.6790557328427,2229.30831336708,stop,12,-0.07954927930246786,-1.0,2026-05-26,0.0025
2026-05-08,reversal,JKCEMENT,bear,0.22025345622119819,5470.140305003788,5102.5305138433805,6389.164782904807,5102.5305138433805,stop,15,-0.06970299126955443,-1.0,2026-06-01,0.0025
2026-05-08,control_naive_low,TCS,bear,-1.020543894615144,2326.5252955775945,2260.971707636943,2457.6324714588977,2260.971707636943,stop,2,-0.030676606575161632,-1.0,2026-05-12,0.0025
2026-05-08,control_naive_low,UBL,bear,-1.0273516258022983,1409.9667379564692,1348.5183202727665,1532.8635733238746,1348.5183202727665,stop,6,-0.04608146616477121,-1.0,2026-05-18,0.0025
2026-05-08,control_naive_low,PATANJALI,bear,-1.0282466005546356,457.59294017923554,443.2224045544951,486.33401142871645,443.2224045544951,stop,2,-0.0339046270449706,-1.0,2026-05-12,0.0025
2026-05-08,control_naive_low,BHARTIHEXA,bear,-1.0407836331470064,1483.5770099391425,1416.0650210057895,1618.6009878058485,1438.9678955078125,time,20,-0.032568620727116804,-0.6607584095229007,2026-06-08,0.0025
2026-05-15,momentum,GRAPHITE,bear,0.7873657339985409,764.5074339237124,717.3222876614825,858.8777264481721,717.3222876614825,stop,9,-0.0642196696440997,-1.0,2026-05-29,0.0025
2026-05-15,momentum,NMDC,bear,0.766930762591425,90.87000274658203,87.49113782870936,97.62773258232738,87.49113782870936,stop,3,-0.039683501879004435,-1.0,2026-05-20,0.0025
2026-05-15,momentum,TATASTEEL,bear,0.7552462390429496,206.73650747568587,204.88908355151767,210.43135532402226,204.88908355151767,stop,1,-0.011436128150396794,-1.0,2026-05-18,0.0025
2026-05-15,momentum,SAIL,bear,0.7482108787303531,192.0,181.51781368881467,212.96437262237066,181.51781368881467,stop,17,-0.05709472037075697,-1.0,2026-06-10,0.0025
2026-05-15,momentum,APARINDS,bear,0.7362925815487484,12527.506469385078,11871.823323412715,13838.872761329805,11871.823323412715,stop,1,-0.054839477738425624,-1.0,2026-05-18,0.0025
2026-05-15,momentum,AJANTPHARM,bear,0.7310271034635616,3153.411963519559,3005.5579960118466,3449.1198985349833,3005.5579960118466,stop,8,-0.04938698121849289,-1.0,2026-05-27,0.0025
2026-05-15,momentum,KIRLOSENG,bear,0.7229533748983464,1735.3310476505055,1614.7918918993496,1976.4093591528174,1976.4093591528174,target,10,0.13642352806613584,2.0,2026-06-01,0.0025
2026-05-15,momentum,POWERINDIA,bear,0.711918315713382,32392.267339939026,30788.5349547102,35599.732110396675,35599.732110396675,target,3,0.09651945846510429,2.0,2026-05-20,0.0025
2026-05-15,momentum,ACUTAAS,bear,0.6974789915966387,2725.0,2565.3586122756587,3044.2827754486825,3044.2827754486825,target,7,0.11466799099034225,2.0,2026-05-26,0.0025
2026-05-15,momentum,DATAPATTNS,bear,0.6878151260504202,3861.2830010071752,3541.1766811718167,4501.495640677893,4501.495640677893,target,16,0.1633030865657154,2.0000000000000013,2026-06-09,0.0025
2026-05-15,momentum,GESHIP,bear,0.6821631878557874,1507.225777803367,1409.0264365857051,1703.6244602386907,1703.6244602386907,target,2,0.12780475282976872,2.0,2026-05-19,0.0025
2026-05-15,momentum,ADANIPORTS,bear,0.6779674296179111,1778.0066692099974,1707.5645947642986,1918.890818101395,1804.800048828125,time,20,0.012569335836649155,0.38036045685709596,2026-06-15,0.0025
2026-05-15,momentum,ATHERENERG,bear,0.6741348152164092,930.0,868.8169611575631,1052.3660776848737,1052.3660776848737,target,15,0.12907642761814392,2.0,2026-06-08,0.0025
2026-05-15,momentum,HONASA,bear,0.6734548658172947,352.40593049818034,334.69652665601933,387.82473818250236,387.82473818250236,target,5,0.09800570838649642,2.0,2026-05-22,0.0025
2026-05-15,momentum,EMCURE,bear,0.6710490647872052,1693.7060876615737,1599.1118394679106,1882.8945840489,1702.289306640625,time,20,0.002567714547157154,0.09073721862537348,2026-06-15,0.0025
2026-05-15,control_naive_low,KFINTECH,bear,-1.0039751704435171,793.5057891279972,749.0199919849064,882.4773834141789,836.227294921875,time,20,0.05133893398033734,0.9603403454019688,2026-06-15,0.0025
2026-05-15,control_naive_low,DALBHARAT,bear,-1.0059395102325333,1722.8509215552551,1628.1226256551222,1912.307513355521,1628.1226256551222,stop,17,-0.05748345487409884,-1.0,2026-06-10,0.0025
2026-05-15,control_naive_low,NAUKRI,bear,-1.0085850904462532,919.6614336851175,881.3716091439418,996.2410827674688,996.2410827674688,target,8,0.08076939271063471,2.0,2026-05-27,0.0025
2026-05-15,control_naive_low,ZENSARTECH,bear,-1.0149625708936054,472.5249937238914,449.89041214434957,517.794156882975,449.89041214434957,stop,16,-0.05040134253251333,-1.0,2026-06-09,0.0025
2026-05-15,control_naive_low,SWIGGY,bear,-1.0153050717472438,250.85000610351562,239.7531128171077,273.04379267633146,239.7531128171077,stop,15,-0.04673716570223513,-1.0,2026-06-08,0.0025
2026-05-15,control_naive_low,LTM,bear,-1.0156374106758628,3915.921013512115,3704.4112145290087,4338.940611478329,4338.940611478329,target,11,0.10552556959309428,2.000000000000002,2026-06-02,0.0025
2026-05-15,control_naive_low,INDIAMART,bear,-1.0160469670799233,1901.5858802540968,1819.9337257550083,2064.8901892522736,1991.197998046875,time,20,0.04462493857011801,1.0974862615998526,2026-06-15,0.0025
2026-05-15,control_naive_low,BSOFT,bear,-1.0168174429035823,307.4593345886677,288.9560813466478,344.4658410727074,344.4658410727074,target,11,0.11786227988832615,2.0,2026-06-02,0.0025
2026-05-15,control_naive_low,WIPRO,bear,-1.0187667099580944,188.83337738613744,181.7215093331904,203.05711349203153,203.05711349203153,target,5,0.0728242689548923,2.0,2026-05-22,0.0025
2026-05-15,control_naive_low,BRITANNIA,bear,-1.023960645889302,5297.276978798221,5126.667386255306,5638.49616388405,5126.667386255306,stop,9,-0.034707036412436276,-1.0,2026-05-29,0.0025
2026-05-15,control_naive_low,TCS,bear,-1.0261058031574477,2221.5322685970373,2131.4164350245655,2401.7639357419807,2401.7639357419807,target,11,0.07862943921303706,2.0,2026-06-02,0.0025
2026-05-15,control_naive_low,HCLTECH,bear,-1.0264636112297056,1117.5902205133277,1070.0159961723261,1212.7386691953309,1212.7386691953309,target,11,0.08263715218293516,2.0,2026-06-02,0.0025
2026-05-15,control_naive_low,KAYNES,bear,-1.0275422248969004,3259.699951171875,2936.992992833802,3905.113867848021,3082.10009765625,time,20,-0.05698349730832658,-0.550344047213164,2026-06-15,0.0025
2026-05-15,control_naive_low,INFY,bear,-1.0275482507816966,1095.2984136735845,1046.8771278500587,1192.140985320636,1206.3943648530496,target,11,0.09892984760368101,2.294361855328686,2026-06-02,0.0025
2026-05-15,control_naive_low,COROMANDEL,bear,-1.0280456510638876,1848.1006841427652,1767.472459172379,2009.3571340835374,1767.472459172379,stop,9,-0.04612761491416534,-1.0,2026-05-29,0.0025
2026-05-15,control_naive_low,JYOTICNC,bear,-1.0299963241149437,704.0,665.1509901206581,781.6980197586838,665.1509901206581,stop,3,-0.057683252669519736,-1.0,2026-05-20,0.0025
2026-05-15,control_naive_low,MPHASIS,bear,-1.0348732658322572,2021.3095638922323,1916.9203136171095,2230.088064442478,2239.9478419984234,target,9,0.10566664701530487,2.0944520391703136,2026-05-29,0.0025
2026-05-22,momentum,APARINDS,bear,0.7308891298454866,12787.603427984777,11996.281593013387,14370.247097927557,14370.247097927557,target,13,0.12126389984688418,2.0,2026-06-11,0.0025
2026-05-22,momentum,LLOYDSME,bear,0.7003207734706786,1749.4544734797946,1651.41425610924,1945.534908220904,1785.5999755859375,time,20,0.01816101327818304,0.3686803546092379,2026-06-22,0.0025
2026-05-22,momentum,THERMAX,bear,0.6993765248034698,4436.480740684607,4158.332619794798,4992.776982464224,4992.776982464224,target,4,0.12289133477535924,2.0,2026-05-29,0.0025
2026-05-22,momentum,ADANIPOWER,bear,0.6949850908105178,221.0,207.13610389623707,248.72779220752585,248.72779220752585,target,3,0.12296512311097668,2.0,2026-05-27,0.0025
2026-05-22,momentum,ANURAS,bear,0.6870741845125149,1390.0,1312.1995347545308,1545.6009304909385,1312.1995347545308,stop,4,-0.0584715577305534,-1.0,2026-05-29,0.0025
2026-05-22,momentum,APOLLOHOSP,bear,0.6818128329796187,8420.198284949875,8095.023998196971,9070.546858455682,8095.023998196971,stop,5,-0.04111836452641676,-1.0,2026-06-01,0.0025
2026-05-22,momentum,CUMMINSIND,bear,0.6807626276316978,5374.423176176085,5105.539088900072,5912.191350728111,5912.191350728111,target,3,0.09756063105262375,2.0,2026-05-27,0.0025
2026-05-22,momentum,HONASA,bear,0.6751424316775468,382.6178040915785,361.78793043036103,424.2775514140134,428.5816523334274,target,13,0.1176299253467245,2.206631158182574,2026-06-11,0.0025
2026-05-22,momentum,NATIONALUM,bear,0.6692825517303695,410.9555161241858,389.0751879825027,454.716172407552,384.5226920214853,stop,10,-0.06682040224692548,-1.2080634226113227,2026-06-08,0.0025
2026-05-22,momentum,ADANIENSOL,bear,0.6676741664407698,1381.199951171875,1272.5772067017936,1598.4454401120379,1598.4454401120379,target,10,0.1547875011730499,2.0,2026-06-08,0.0025
2026-05-22,momentum,MOTHERSON,bear,0.6666998476684823,137.26138565429116,128.8218430991098,154.14047076465388,145.59689331054688,time,20,0.05822725855507288,0.9876729220517081,2026-06-22,0.0025
2026-05-22,momentum,KEI,bear,0.6626344086021505,5325.0,4986.5274337378105,6001.945132524379,5660.5,time,20,0.06050469483568083,0.9912177040076954,2026-06-22,0.0025
2026-05-22,reversal,TRITURBINE,bear,0.8619815668202765,704.5059617731823,524.9314305425895,1153.4422898496643,734.7509765625,time,20,0.04043081454299341,0.1684259709996395,2026-06-22,0.0025
2026-05-22,reversal,SAREGAMA,bear,0.6116820276497695,407.5,317.8206147210695,631.6984631973263,477.25,time,20,0.16866564417177904,0.7777707193582563,2026-06-22,0.0025
2026-05-22,reversal,ENDURANCE,bear,0.4708294930875576,2744.6980535946727,2263.380853293435,3947.991054347767,2671.897705078125,time,20,-0.02902399174517672,-0.1512523310427818,2026-06-22,0.0025
2026-05-22,control_naive_low,UBL,bear,-1.0019044717703907,1310.673289484558,1252.1023294682516,1427.8152095171706,1330.234130859375,time,20,0.012424269481763507,0.3339682561011681,2026-06-22,0.0025
2026-05-22,control_naive_low,JYOTICNC,bear,-1.0136570561456753,676.2000122070312,627.4270027268299,773.746031167434,627.4270027268299,stop,4,-0.07462808133648574,-1.0,2026-05-29,0.0025
2026-05-22,control_naive_low,APOLLOTYRE,bear,-1.0177935151436783,373.8619436180386,351.5768079022199,418.43221504967596,421.58900281754813,target,17,0.12515958133537802,2.14165441073044,2026-06-17,0.0025
2026-05-22,control_naive_low,SUNTV,bear,-1.0198911263310493,485.67492759531325,449.8530595533465,557.3186636792468,519.3267211914062,time,20,0.06678871902593503,0.939420399758845,2026-06-22,0.0025
2026-05-22,control_naive_low,MRF,bear,-1.026973370023032,127996.59386659088,122378.2928455564,139233.19590865984,122378.2928455564,stop,4,-0.04639414476833942,-1.0,2026-05-29,0.0025
2026-05-22,control_naive_low,PIIND,bear,-1.0300000277158368,2784.9039383058425,2614.7610287033713,3125.189757510785,2795.56591796875,time,20,0.001328490999726819,0.06266484855477403,2026-06-22,0.0025
2026-05-22,control_naive_low,EIDPARRY,bear,-1.0372861036618248,785.9000244140625,745.62221826929,866.4556367036075,745.62221826929,stop,3,-0.053750547007937965,-1.0,2026-05-27,0.0025
2026-05-22,control_naive_low,GLAXO,bear,-1.0402686787813353,2271.1859217658875,2154.4352086134368,2504.687348070789,2154.4352086134368,stop,6,-0.05390517649108845,-1.0,2026-06-02,0.0025
2026-05-22,control_naive_low,KEC,bear,-1.0408798256737246,485.9399576356275,446.8507281250004,564.1184166568817,538.9228515625,time,20,0.10653177047770307,1.3554345938813706,2026-06-22,0.0025
2026-05-22,control_naive_low,EMAMILTD,bear,-1.0451361709377027,404.0,381.4234212600261,449.1531574799478,381.4234212600261,stop,7,-0.058382620643499805,-1.0,2026-06-03,0.0025
2026-05-22,control_naive_low,KALYANKJIL,bear,-1.0456973032874408,357.24236492663675,330.07037954543256,411.58633568904514,330.07037954543256,stop,13,-0.07856036699142394,-1.0,2026-06-11,0.0025
2026-05-22,control_naive_low,RELIANCE,bear,-1.0499999590426699,1360.5095872329855,1301.9464247607973,1477.635912177362,1301.6815361898255,stop,6,-0.045739718113861294,-1.0045231261391943,2026-06-02,0.0025
2026-06-01,momentum,POWERINDIA,bear,0.7939186993416495,36291.335869623275,34150.550465231645,40572.906678406536,34150.550465231645,stop,6,-0.06148888407090908,-1.0,2026-06-09,0.0025
2026-06-01,momentum,ADANIPOWER,bear,0.7807898258781968,230.0,218.17608303097123,253.64783393805754,218.17608303097123,stop,8,-0.05390833464795114,-1.0,2026-06-11,0.0025
2026-06-01,momentum,GVT&D,bear,0.7728036959800074,4745.753335958743,4393.345668709883,5450.568670456463,5450.568670456463,target,14,0.1460149531808383,2.0,2026-06-19,0.0025
2026-06-01,momentum,HINDALCO,bear,0.7487264656194788,1135.078652658168,1087.8877237937622,1229.4605103869796,1087.8877237937622,stop,4,-0.044075029848277325,-1.0,2026-06-05,0.0025
2026-06-01,momentum,ACUTAAS,bear,0.7466054938212603,3000.0,2839.7681400788206,3320.463719842359,3320.463719842359,target,4,0.10432123994745285,2.0,2026-06-05,0.0025
2026-06-01,momentum,CGPOWER,bear,0.7461642593379653,895.0499877929688,850.1451957111892,984.8595719565278,952.1500244140625,time,20,0.06129536048248213,1.2715800246241988,2026-06-30,0.0025
2026-06-01,momentum,CUMMINSIND,bear,0.7275161158644038,5618.399617142333,5358.1685149348705,6138.861821557259,5612.94482421875,time,20,-0.00347088019637126,-0.020961341197542675,2026-06-30,0.0025
2026-06-01,momentum,USHAMART,bear,0.7251567120014931,490.31635476709386,460.69129136240605,549.5664815764694,460.69129136240605,stop,17,-0.06292030439461899,-1.0,2026-06-24,0.0025
2026-06-01,momentum,SYRMA,bear,0.7106148911177373,1099.874975126658,1040.4459880430366,1218.732949293901,1218.732949293901,target,3,0.10556498634406658,2.0,2026-06-04,0.0025
2026-06-01,momentum,SONACOMS,bear,0.7029454727524473,592.2785527434223,570.6718122128809,635.4920338045051,619.9000244140625,time,20,0.04413594780310398,1.2783729055105224,2026-06-30,0.0025
2026-06-01,momentum,JSWENERGY,bear,0.6893247336887751,579.8777516950183,552.4451939234051,634.7428672382448,552.4451939234051,stop,8,-0.04980748453691525,-1.0,2026-06-11,0.0025
2026-06-01,momentum,VTL,bear,0.6875892292400831,594.9545992281442,559.1902260988406,666.4833454867512,630.8005981445312,time,20,0.057749973633099694,1.0022823212024004,2026-06-30,0.0025
2026-06-01,momentum,BAJAJ-AUTO,bear,0.6869307165825382,10305.0,9975.607589564415,10963.78482087117,9975.607589564415,stop,9,-0.03446432900879032,-1.0,2026-06-12,0.0025
2026-06-01,momentum,JINDALSAW,bear,0.6823890846661246,240.8800048828125,225.8236875671366,270.9926395141643,225.8236875671366,stop,7,-0.06500546749615338,-1.0,2026-06-10,0.0025
2026-06-01,reversal,OFSS,bear,0.8199539170506913,10290.0,8477.892212075096,14820.269469812261,10775.5,time,20,0.04468172983479096,0.2679200449527121,2026-06-30,0.0025
2026-06-01,reversal,KPRMILL,bear,0.6053225806451613,977.8015669548478,865.8910023875375,1257.5779783731236,1257.5779783731236,target,17,0.283628004774608,2.500000000000001,2026-06-24,0.0025
2026-06-01,control_naive_low,ICICIPRULI,bear,-1.0027706641426692,484.3192353026981,461.6148315334203,529.7280428412537,461.6148315334203,stop,8,-0.049379004826408834,-1.0,2026-06-11,0.0025
2026-06-01,control_naive_low,RVNL,bear,-1.00315612332726,239.2542530665888,227.04751774778669,263.667723704193,227.04751774778669,stop,5,-0.053519930314069486,-1.0,2026-06-08,0.0025
2026-06-01,control_naive_low,ITC,bear,-1.004850902489151,279.5,271.4106630967494,295.67867380650125,286.95001220703125,time,20,0.02415478428275936,0.9209669835901545,2026-06-30,0.0025
2026-06-01,control_naive_low,JYOTICNC,bear,-1.004891402156558,585.5,540.9282418306988,674.6435163386025,674.6435163386025,target,9,0.14975194934005537,2.0,2026-06-12,0.0025
2026-06-01,control_naive_low,HAVELLS,bear,-1.0056002684320846,1133.0,1098.3381988627514,1202.3236022744973,1202.3236022744973,target,12,0.05868588020697024,2.0,2026-06-17,0.0025
2026-06-01,control_naive_low,EIDPARRY,bear,-1.006244958964918,741.2000122070312,704.984017246309,813.6320021284757,704.984017246309,stop,8,-0.0513612983867659,-1.0,2026-06-11,0.0025
2026-06-01,control_naive_low,BRITANNIA,bear,-1.0069308863725108,5036.618445943058,4911.639059583707,5286.577218661759,5062.1923828125,time,20,0.002577600605231769,0.20462523952478037,2026-06-30,0.0025
2026-06-01,control_naive_low,RAMCOCEM,bear,-1.0070430591303479,858.6566621265029,818.8553947577071,938.2591968640943,927.4190063476562,time,20,0.07758130287006709,1.7276420769219833,2026-06-30,0.0025
2026-06-01,control_naive_low,SBICARD,bear,-1.013409056560953,608.0,593.1026915986341,637.7946168027318,589.5999755859375,stop,3,-0.032763198049444886,-1.2351240853935381,2026-06-04,0.0025
2026-06-01,control_naive_low,ESCORTS,bear,-1.019445692353044,2738.018309703247,2581.8944068993706,3050.2661153109993,2903.05078125,time,20,0.05777442218406498,1.057060889350607,2026-06-30,0.0025
2026-06-01,control_naive_low,MRF,bear,-1.0198769936310865,123589.28508999459,120090.05154173922,130587.75218650534,130587.75218650534,target,10,0.05412681106549527,2.0,2026-06-15,0.0025
2026-06-01,control_naive_low,HDFCBANK,bear,-1.0220876709308264,725.0087855549667,704.3585042624666,766.309348139967,777.1464134002696,target,10,0.06941309799838286,2.524790200520823,2026-06-15,0.0025
2026-06-01,control_naive_low,SUNDARMFIN,bear,-1.0237666297576415,4187.916436610867,3967.506543473181,4628.736222886239,4628.736222886239,target,18,0.10275992888055624,2.0,2026-06-25,0.0025
2026-06-01,control_naive_low,M&M,bear,-1.0256215148831227,2882.8261026863,2807.1084462430476,3034.261415572805,3034.261415572805,target,3,0.05003015877211364,2.0,2026-06-04,0.0025
2026-06-08,momentum,LAURUSLABS,bear,0.7420822253774259,1415.0,1353.573475740937,1537.853048518126,1353.573475740937,stop,6,-0.04591097120781834,-1.0,2026-06-16,0.0025
2026-06-08,momentum,WELCORP,bear,0.7246788370520623,1343.5388505898609,1272.479886443388,1485.6567788828065,1485.6567788828065,target,14,0.10327880068786305,2.0,2026-06-29,0.0025
2026-06-08,momentum,SAILIFE,bear,0.7229534494293568,1194.0,1127.1936160138107,1327.6127679723786,1208.5999755859375,time,20,0.009727785247853839,0.21854162304242827,2026-07-07,0.0025
2026-06-08,momentum,KIMS,bear,0.6881606602577415,806.0,757.5979381553524,902.8041236892952,805.6500244140625,time,20,-0.0029342128857784955,-0.007230592511963432,2026-07-07,0.0025
2026-06-08,momentum,POLYCAB,bear,0.6853504620238902,9457.127788872784,9112.77453210961,10145.834302399131,9401.0,time,20,-0.008434972025948837,-0.16299479610086887,2026-07-07,0.0025
2026-06-08,momentum,ASTERDM,bear,0.6833220644579672,770.0,730.3699103602877,849.2601792794246,789.1500244140625,time,20,0.02237016157670463,0.4832193060414566,2026-07-07,0.0025
2026-06-08,momentum,NAM-INDIA,bear,0.6818286660415763,1043.803692623001,978.9660759086888,1173.4789260516256,1173.4789260516256,target,9,0.12173335378586397,2.0,2026-06-19,0.0025
2026-06-08,momentum,CARBORUNIV,bear,0.6773720982645932,1062.4666483735284,994.3268683724787,1198.746208375628,994.3268683724787,stop,3,-0.06663357078583237,-1.0,2026-06-11,0.0025
2026-06-08,momentum,KIRLOSENG,bear,0.6695740365111563,1855.9759963456602,1727.206609134268,2113.5147707684446,2195.3584473236833,target,10,0.18035928893813996,2.63558333488752,2026-06-22,0.0025
2026-06-08,momentum,SOLARINDS,bear,0.6681090827135452,18282.19753699037,17328.90989608415,20188.77281880281,17328.90989608415,stop,3,-0.054642946107951895,-1.0,2026-06-11,0.0025
2026-06-08,momentum,THERMAX,bear,0.6680640072120803,4740.937041885625,4369.031714555049,5484.747696546778,4709.0,time,20,-0.00923644083510605,-0.08587411778922222,2026-07-07,0.0025
2026-06-08,momentum,MAHABANK,bear,0.6657651566373677,80.01000213623047,76.13695945819046,87.75608749231048,88.61000061035156,target,5,0.1049865422385336,2.2204760414551408,2026-06-15,0.0025
2026-06-08,reversal,CEMPRO,bear,0.8496551724137931,1113.450642617415,794.2552620956762,1911.439093921762,1494.0,time,20,0.33927478804809746,1.1922144886951698,2026-07-07,0.0025
2026-06-08,reversal,ATGL,bear,0.7474712643678161,739.7416682936757,575.1766546982064,1151.154202282349,711.2000122070312,time,20,-0.04108327482414237,-0.1734369624688578,2026-07-07,0.0025
2026-06-08,reversal,RAINBOW,bear,0.7029885057471266,1358.0074644213514,1288.8954377836926,1530.7875310154984,1418.6649169921875,time,20,0.04216650895522317,0.8776685552697154,2026-07-07,0.0025
2026-06-08,reversal,ABDL,bear,0.6891379310344827,560.5464133954713,490.17519104630935,736.4744692683762,686.0,time,20,0.22130588584021477,1.7827399101022259,2026-07-07,0.0025
2026-06-08,reversal,IIFL,bear,0.630632183908046,493.0,435.0091689880679,637.9770775298302,524.5,time,20,0.06139452332657197,0.5431893189031664,2026-07-07,0.0025
2026-06-08,control_naive_low,RELIANCE,bear,-1.0032561132586086,1269.0,1222.5816001579965,1361.836799684007,1308.4000244140625,time,20,0.028548088584761714,0.8488018662463639,2026-07-07,0.0025
2026-06-08,control_naive_low,TCS,bear,-1.0037791505300686,2162.145087858845,2032.2453219634726,2421.944619649589,2032.2453219634726,stop,15,-0.06257911616329642,-1.0,2026-06-30,0.0025
2026-06-08,control_naive_low,WIPRO,bear,-1.0041988646786517,181.8926537660442,170.06785145470263,205.5422583887273,169.56345003957682,stop,12,-0.0702828569279415,-1.04265622391353,2026-06-24,0.0025
2026-06-08,control_naive_low,RVNL,bear,-1.0053742180971084,231.2791118861524,214.74000132148618,264.35733301548487,231.93707275390625,time,20,0.0003448780453538269,0.03978211918841001,2026-07-07,0.0025
2026-06-08,control_naive_low,SBICARD,bear,-1.0056887800970473,577.4000244140625,552.33650647226,627.5270602976675,627.5270602976675,target,7,0.08431509138222365,2.0,2026-06-17,0.0025
2026-06-08,control_naive_low,JKCEMENT,bear,-1.0075029060551621,4766.260051586479,4493.74691340955,5311.286327940336,5311.286327940336,target,6,0.11185093143363883,2.0,2026-06-16,0.0025
2026-06-08,control_naive_low,SWIGGY,bear,-1.0079397988811285,243.25,226.29188598712707,277.16622802574585,266.2699890136719,time,20,0.09213510385887708,1.35746162552023,2026-07-07,0.0025
2026-06-08,control_naive_low,BHARTIHEXA,bear,-1.010769135409101,1458.8490281562265,1381.6767280990593,1613.1936282705608,1483.97265625,time,20,0.01472154082353966,0.32555240773130517,2026-07-07,0.0025
2026-06-08,control_naive_low,JUBLFOOD,bear,-1.0141878928657757,414.02255961071995,390.6313736006439,460.8049316308721,453.6598205566406,time,20,0.09323695931735981,1.6945383157932388,2026-07-07,0.0025
2026-06-15,momentum,ABSLAMC,bear,0.710716364368209,1128.1301882025634,1054.0603364187655,1276.2698917701593,1115.64306640625,time,20,-0.013568865922477467,-0.1685857537930819,2026-07-14,0.0025
2026-06-15,momentum,ANGELONE,bear,0.7023592418943717,351.91165518230105,331.4363004120266,392.86236472285,331.4363004120266,stop,9,-0.060683224308577144,-1.0,2026-06-29,0.0025
2026-06-15,momentum,ADANIGREEN,bear,0.6665444006701987,1489.5999755859375,1402.28681020603,1664.2263063457526,1604.5,time,20,0.07463481894282803,1.3159530285509866,2026-07-14,0.0025
2026-06-15,momentum,BELRISE,bear,0.665963854819486,239.41000366210938,224.9329722024938,268.3640665813405,224.9329722024938,stop,14,-0.06296961796988104,-1.0,2026-07-06,0.0025
2026-06-15,momentum,ADANIENSOL,bear,0.6542951591722139,1498.0,1397.724885174241,1698.5502296515178,1698.5502296515178,target,16,0.13137865797831622,2.0,2026-07-08,0.0025
2026-06-15,momentum,GRANULES,bear,0.6513834171081828,746.9939079466608,711.1141477476558,818.7534283446707,818.7534283446707,target,11,0.09356439843032022,2.0,2026-07-01,0.0025
2026-06-15,momentum,J&KBANK,bear,0.6402423271958076,161.0,151.75833519322094,179.4833296135581,151.75833519322094,stop,11,-0.05990164476260279,-1.0,2026-07-01,0.0025
2026-06-15,momentum,RBLBANK,bear,0.6370584852162418,373.0342146862435,354.8090926827927,409.4844586931451,354.8090926827927,stop,12,-0.05135643537759621,-1.0,2026-07-02,0.0025
2026-06-15,momentum,NUVAMA,bear,0.635514934714614,1670.4000244140625,1575.8659702719235,1859.4681326983405,1859.4681326983405,target,13,0.11068732370744477,2.0,2026-07-03,0.0025
2026-06-15,reversal,ELECON,bear,0.9097806004618938,567.0499877929688,482.3931113749619,778.6921788379859,482.3931113749619,stop,18,-0.15179349835188655,-1.0,2026-07-10,0.0025
2026-06-15,reversal,DEEPAKFERT,bear,0.8730023094688222,1505.531073426715,1303.5367485299248,2010.5168856686905,1531.5535888671875,time,20,0.014784608667188061,0.12882795322971968,2026-07-14,0.0025
2026-06-15,reversal,NEULANDLAB,bear,0.8349307159353347,16958.657954808783,16083.620778707886,19146.250895061028,19146.250895061028,target,13,0.1264956402258785,2.500000000000002,2026-07-03,0.0025
2026-06-15,reversal,JBMA,bear,0.8096189376443418,682.5558568388211,600.7969309131593,886.9531716529757,683.155029296875,time,20,-0.001622163480028025,0.007328526534199762,2026-07-14,0.0025
2026-06-15,reversal,MMTC,bear,0.8013625866050809,70.0,61.312801232044144,91.71799691988964,64.19000244140625,time,20,-0.08549996512276786,-0.6687998874878828,2026-07-14,0.0025
2026-06-15,reversal,PAGEIND,bear,0.7926096997690532,38984.76265519007,35847.03693042687,46829.076967098066,40307.4609375,time,20,0.0314285965136904,0.42154681394587273,2026-07-14,0.0025
2026-06-15,reversal,IKS,bear,0.6467436489607391,1680.0,1576.779710634117,1938.0507234147076,1879.4000244140625,time,20,0.11619049072265625,1.9317909844958199,2026-07-14,0.0025
2026-06-15,reversal,DIXON,bear,0.4849422632794458,11933.0,10967.139524700407,14347.651188248981,13365.0,time,20,0.11750335204893986,1.482615798680259,2026-07-14,0.0025
2026-06-15,control_naive_low,GLAXO,bear,-1.0164742592476106,2127.0,2045.2315969465958,2290.5368061068084,2290.5368061068084,target,4,0.07438613357160712,2.0,2026-06-19,0.0025
2026-06-15,control_naive_low,LTM,bear,-1.024765347525073,3920.0,3703.3226279895425,4353.354744020915,3703.3226279895425,stop,9,-0.05777483979858605,-1.0,2026-06-29,0.0025
2026-06-15,control_naive_low,HCLTECH,bear,-1.027351971554893,1129.4688977693256,1063.3244080047375,1261.7578772985019,1063.3244080047375,stop,10,-0.06106247117138147,-1.0,2026-06-30,0.0025
2026-06-15,control_naive_low,ZENSARTECH,bear,-1.028512758383686,444.21253572929845,414.47660050676666,503.68440617436204,414.47660050676666,stop,10,-0.06944078359070166,-1.0,2026-06-30,0.0025
2026-06-15,control_naive_low,KAYNES,bear,-1.0290818356114357,3124.199951171875,2887.828565345244,3596.942722825137,3288.39990234375,time,20,0.05005743990082462,0.694669325551567,2026-07-14,0.0025
2026-06-15,control_naive_low,EIDPARRY,bear,-1.0296559409919297,730.0499877929688,688.9596343368474,812.2306947052114,779.0,time,20,0.06455021988290571,1.1912774675764946,2026-07-14,0.0025
2026-06-15,control_naive_low,SBILIFE,bear,-1.0347565130189307,1771.699951171875,1699.498388986122,1916.1030755433808,1840.300048828125,time,20,0.036219929754964963,0.9501192990778038,2026-07-14,0.0025
2026-06-15,control_naive_low,PVRINOX,bear,-1.0401145717429432,955.8499755859375,904.6869773346018,1058.175972088609,1011.4500122070312,time,20,0.05566816241169098,1.0867235799583388,2026-07-14,0.0025
2026-06-15,control_naive_low,NHPC,bear,-1.0428651105316842,74.48617142537316,71.20357989776792,81.05135448058363,81.05135448058363,target,9,0.08563962282633958,2.0,2026-06-29,0.0025
2026-06-15,control_naive_low,PATANJALI,bear,-1.0429989521230298,425.05676153549797,404.8500897901273,465.4701050262393,404.8500897901273,stop,9,-0.05003876087601805,-1.0,2026-06-29,0.0025
2026-06-15,control_naive_low,ABBOTINDIA,bear,-1.0439363794214054,25771.93279865601,24803.605646052576,27708.587103862876,24803.605646052576,stop,6,-0.040072934873318145,-1.0,2026-06-23,0.0025
2026-06-22,momentum,GVT&D,bear,0.7848093196025223,5523.328842242147,5128.395515178508,6313.195496369427,5128.395515178508,stop,2,-0.07400277275602513,-1.0,2026-06-24,0.0025
2026-06-22,momentum,FINCABLES,bear,0.7719148622340909,1190.4231763244754,1106.0275324753193,1359.2144640227878,1106.0275324753193,stop,3,-0.0733954979436256,-1.0,2026-06-25,0.0025
2026-06-22,momentum,AIAENG,bear,0.7453171101620175,4841.799404460977,4606.140214239104,5313.117784904722,4606.140214239104,stop,11,-0.05117182023376449,-1.0,2026-07-08,0.0025
2026-06-22,momentum,ZENTEC,bear,0.7316598237468502,1966.8692156470306,1841.4337342424562,2217.7401784561794,1841.4337342424562,stop,2,-0.06627418508902255,-1.0,2026-06-24,0.0025
2026-06-22,momentum,CRAFTSMAN,bear,0.7119071539961466,9589.79815599194,8997.014643849463,10775.365180276896,8997.014643849463,stop,11,-0.06431397173329373,-1.0,2026-07-08,0.0025
2026-06-22,momentum,TRITURBINE,bear,0.7109678574626199,729.4693097741805,684.0021590008158,820.4036113209098,684.0021590008158,stop,2,-0.06482907973529389,-1.0,2026-06-24,0.0025
2026-06-22,momentum,CARBORUNIV,bear,0.7091491199870676,1208.5184982868345,1126.9779824338243,1371.599529992855,1126.9779824338243,stop,7,-0.06997146689818984,-1.0,2026-07-02,0.0025
2026-06-22,momentum,ADANIENT,bear,0.7067157541392475,3072.0,2941.179487513065,3333.64102497387,3182.699951171875,time,20,0.033535140355427984,0.8461971984930919,2026-07-21,0.0025
2026-06-22,momentum,WELSPUNLIV,bear,0.7051124492384728,161.6028932605206,153.25299203669843,178.30269570816495,166.0399932861328,time,20,0.024956810556350188,0.5313955107580453,2026-07-21,0.0025
2026-06-22,momentum,BHARATFORG,bear,0.6945673101216625,2108.6025708779703,2014.2733996475195,2297.260913338872,2201.800048828125,time,20,0.04169869312373525,0.9880027221109439,2026-07-21,0.0025
2026-06-22,momentum,TATACOMM,bear,0.6943175954539288,2076.0,1941.9414564276724,2344.117087144655,1941.9414564276724,stop,6,-0.06707540634505188,-1.0,2026-07-01,0.0025
2026-06-22,momentum,NAM-INDIA,bear,0.693432973824041,1175.1695065302813,1120.0286126693127,1285.4512942522185,1166.9000244140625,time,20,-0.009536841979192188,-0.14997004105644965,2026-07-21,0.0025
2026-06-22,momentum,ANANDRATHI,bear,0.6878942422639941,1936.9000244140625,1844.0042389542193,2122.691595333749,2122.691595333749,target,13,0.09342212740866213,2.0,2026-07-10,0.0025
2026-06-22,reversal,TRITURBINE,bear,0.8813013698630136,729.4693097741805,618.5292694499905,1006.8194105846555,618.5292694499905,stop,11,-0.15458321835847127,-1.0,2026-07-08,0.0025
2026-06-22,reversal,WOCKPHARMA,bear,0.8749771689497716,2024.0,1766.8174325235916,2666.956418691021,1896.300048828125,time,20,-0.0655928612509264,-0.4965342419003148,2026-07-21,0.0025
2026-06-22,reversal,NUVAMA,bear,0.8309360730593609,1740.800048828125,1468.9477589066666,2420.430773631771,1891.5999755859375,time,20,0.0841267937316112,0.5547127331588068,2026-07-21,0.0025
2026-06-22,reversal,TATATECH,bear,0.8303424657534247,755.0,683.8909612823959,932.7725967940103,683.8909612823959,stop,5,-0.0966841572418598,-1.0,2026-06-30,0.0025
2026-06-22,reversal,TATACOMM,bear,0.8076027397260274,2076.0,1801.0400715344458,2763.3998211638855,1801.0400715344458,stop,18,-0.13494697902965042,-1.0,2026-07-17,0.0025
2026-06-22,reversal,AEGISLOG,bear,0.7337214611872146,1054.3817497416253,722.2037237201221,1884.8268147953834,1313.5,time,20,0.24325373229086272,0.780058372198289,2026-07-21,0.0025
2026-06-22,reversal,ITI,bear,0.7307762557077626,312.0,282.1404806714786,386.6487983213035,282.1404806714786,stop,17,-0.09820358759141473,-1.0,2026-07-16,0.0025
2026-06-22,reversal,FIVESTAR,bear,0.7222602739726028,503.4725085423525,403.3631870536835,753.7458122640251,562.3588256835938,time,20,0.114460342704169,0.5882201204201185,2026-07-21,0.0025
2026-06-22,reversal,RKFORGE,bear,0.5771917808219179,590.5499877929688,520.9231359732238,764.6171173423311,576.2999877929688,time,20,-0.026630048758879473,-0.20466242013772837,2026-07-21,0.0025
2026-06-22,reversal,AAVAS,bear,0.5135844748858448,1450.0,1220.391230152186,2024.0219246195352,1521.699951171875,time,20,0.04694824218749999,0.3122700897679044,2026-07-21,0.0025
2026-06-22,reversal,AFFLE,bear,0.5100228310502283,1482.5,1374.6157084259842,1752.2107289350397,1529.4000244140625,time,20,0.029135766889755558,0.43472523877014985,2026-07-21,0.0025
2026-06-22,control_naive_low,BAYERCROP,bear,-1.0068915897966868,4146.943006904587,3977.722423768105,4485.38417317755,3977.722423768105,stop,4,-0.04330610291839859,-1.0,2026-06-29,0.0025
2026-06-22,control_naive_low,INFY,bear,-1.0343689557418083,1053.800048828125,1012.3234083170698,1136.7533298502353,1012.3234083170698,stop,5,-0.04185911803873904,-1.0,2026-06-30,0.0025
2026-06-22,control_naive_low,BSOFT,bear,-1.0347585466797995,312.43583411094335,294.4703234761224,348.3668553805852,294.4703234761224,stop,4,-0.06000144085086451,-1.0,2026-06-29,0.0025
2026-06-22,control_naive_low,DABUR,bear,-1.0468575758149712,416.8422187370375,402.9735586609745,444.57953888916353,444.57953888916353,target,7,0.06404153275588426,2.0,2026-07-02,0.0025
2026-06-22,control_naive_low,UBL,bear,-1.0499216623115744,1330.5320207754758,1283.0209120474963,1425.5542382314347,1394.47705078125,time,20,0.045559745280316644,1.3458963959752164,2026-07-21,0.0025
2026-06-30,momentum,WELCORP,bear,0.8211269435979391,1530.0999755859375,1453.0939146285425,1684.1120975007275,1453.0939146285425,stop,3,-0.05282747022161488,-1.0,2026-07-03,0.0025
2026-06-30,momentum,ATHERENERG,bear,0.7768234765737347,1141.0,1066.7985977774676,1289.4028044450647,1289.4028044450647,target,11,0.12756380757674374,2.0,2026-07-15,0.0025
2026-06-30,momentum,GLAND,bear,0.7726575740641323,2476.29193344583,2345.8327056389367,2737.2103890596172,2345.8327056389367,stop,16,-0.055183298784306,-1.0,2026-07-22,0.0025
2026-06-30,momentum,MAHABANK,bear,0.7710561359237614,91.75,87.31190299539264,100.62619400921471,87.31190299539264,stop,4,-0.05087162947800933,-1.0,2026-07-06,0.0025
2026-06-30,momentum,FEDERALBNK,bear,0.7540237662556053,327.87984490734453,319.08014198727534,345.4792507474829,345.4792507474829,target,13,0.05117638820590459,2.0,2026-07-17,0.0025
2026-06-30,momentum,LAURUSLABS,bear,0.7400149739091874,1525.0,1455.924087827978,1663.1518243440441,1455.924087827978,stop,6,-0.047795680112801386,-1.0,2026-07-08,0.0025
2026-06-30,momentum,HONASA,bear,0.724671501864834,452.7809753432822,429.7545575414804,498.8338109468858,449.3026428222656,time,20,-0.010182152542693333,-0.15105834311511493,2026-07-28,0.0025
2026-06-30,momentum,MINDACORP,bear,0.7089993293311192,701.2612386979084,661.6043615075318,780.5749930786616,661.6043615075318,stop,17,-0.05905079020767051,-1.0,2026-07-23,0.0025
2026-06-30,momentum,IPCALAB,bear,0.70861951564181,1713.8498259298024,1618.5387405097495,1904.4719967699082,1904.4719967699082,target,13,0.1087245471896518,2.0,2026-07-17,0.0025
2026-06-30,momentum,DATAPATTNS,bear,0.702807486631016,4509.869371496962,4166.559018270322,5196.490077950243,4166.559018270322,stop,10,-0.07862423441716787,-1.0,2026-07-14,0.0025
2026-06-30,momentum,AJANTPHARM,bear,0.6865977578808625,3391.6296111383217,3221.5894038129545,3731.710025789056,3312.05859375,time,20,-0.02596099854978434,-0.4679541306137365,2026-07-28,0.0025
2026-06-30,momentum,JINDALSAW,bear,0.6847147950089125,261.3500061035156,245.95782811413457,292.13436208227773,257.1499938964844,time,20,-0.01857045000552898,-0.2728666605810306,2026-07-28,0.0025
2026-06-30,momentum,BHEL,bear,0.6846256684491978,414.7620687949127,392.40878511273144,459.4686361592752,392.40878511273144,stop,3,-0.05639423325794596,-1.0,2026-07-03,0.0025
2026-06-30,momentum,CGCL,bear,0.6831112335261048,229.8207103951016,217.05220376221035,255.3577236608841,255.3577236608841,target,7,0.1086171104722457,2.0,2026-07-09,0.0025
2026-06-30,momentum,CGPOWER,bear,0.6824197860962568,958.0,912.7319741183491,1048.5360517633019,911.4000244140625,stop,3,-0.05114298077864038,-1.0294236313235487,2026-07-03,0.0025
2026-06-30,reversal,CAPLIPOINT,bear,0.9153977272727272,2652.0,2074.728266802997,4095.1793329925076,2588.300048828125,time,20,-0.026519589431325426,-0.11034656212785046,2026-07-28,0.0025
2026-06-30,reversal,BLUEJET,bear,0.8538636363636362,524.4038837207803,439.0764208794087,737.7225408242093,570.7570190429688,time,20,0.0858920519300907,0.5432381765336379,2026-07-28,0.0025
2026-06-30,reversal,MEDANTA,bear,0.8089204545454545,1320.2317141142998,1190.6111698400487,1644.2830747999278,1400.80322265625,time,20,0.05852830865262376,0.6215952030835246,2026-07-28,0.0025
2026-06-30,reversal,APTUS,bear,0.8021022727272727,281.6000061035156,243.43180403949916,377.0205112635568,281.29998779296875,time,20,-0.003565405909247752,-0.007860425545947338,2026-07-28,0.0025
2026-06-30,reversal,ADANIENT,bear,0.787784090909091,3041.0,2843.3060737932833,3535.234815516792,3002.300048828125,time,20,-0.015226060891770752,-0.19575690520410213,2026-07-28,0.0025
2026-06-30,reversal,HONAUT,bear,0.777215909090909,39737.645522711515,34127.586301767595,53762.793575071315,37510.0,time,20,-0.058558820129097355,-0.3970805716979049,2026-07-28,0.0025
2026-06-30,reversal,NIACL,bear,0.7729545454545454,175.45488938768213,140.62833599330244,262.52127287363135,163.07000732421875,time,20,-0.0730872723563602,-0.355616070393634,2026-07-28,0.0025
2026-06-30,reversal,GODREJIND,bear,0.7485227272727273,1181.0,983.0678930468001,1675.8302673829996,1309.199951171875,time,20,0.10605203316839534,0.647696592257199,2026-07-28,0.0025
2026-06-30,reversal,TRENT,bear,0.7307954545454546,3285.0,2629.0251685966714,4924.937078508321,2930.699951171875,time,20,-0.11035389614250385,-0.5401122602069504,2026-07-28,0.0025
2026-06-30,reversal,BOSCHLTD,bear,0.7230113636363638,39688.82601791406,36005.819334606254,48896.34272618359,41039.93359375,time,20,0.0315425180433932,0.36684906979926246,2026-07-28,0.0025
2026-06-30,reversal,JSWINFRA,bear,0.6870454545454545,323.6000061035156,263.92210803824065,472.7947512667031,318.20001220703125,time,20,-0.019187249056345775,-0.09048565836849559,2026-07-28,0.0025
2026-06-30,reversal,ITCHOTELS,bear,0.6365909090909091,180.5,145.73740462897305,267.40648842756735,161.00999450683594,time,20,-0.11047786976822199,-0.5606602523529673,2026-07-28,0.0025
2026-06-30,reversal,POLYMED,bear,0.6163636363636364,1687.5442061073843,1354.1286825190384,2521.083015078249,1644.3326416015625,time,20,-0.028106182255513697,-0.1296027372713854,2026-07-28,0.0025
2026-06-30,reversal,NH,bear,0.5189772727272727,1975.3218822931863,1801.2193790239546,2410.5781404662653,2072.800048828125,time,20,0.04684799103312448,0.5598895174080223,2026-07-28,0.0025
2026-06-30,reversal,GODREJPROP,bear,0.5020454545454546,1875.8328494438526,1575.7018429521831,2626.1603656730263,2136.60009765625,time,20,0.13651411753702342,0.8688447463679008,2026-07-28,0.0025
2026-06-30,reversal,HOMEFIRST,bear,0.4827272727272727,1149.0,997.1448770282963,1528.6378074292593,1181.0,time,20,0.025350304612706768,0.21072716793336496,2026-07-28,0.0025
2026-06-30,control_naive_low,WIPRO,bear,-1.001999390366298,169.0690946075389,161.46429394818628,184.2786959262441,181.1199951171875,time,20,0.06877796205227477,1.58464383873469,2026-07-28,0.0025
2026-06-30,control_naive_low,LTM,bear,-1.0028344671201814,3554.60009765625,3349.3678329045497,3965.0646271596506,3965.0646271596506,target,8,0.11297417943696203,2.0,2026-07-10,0.0025
2026-06-30,control_naive_low,HCLTECH,bear,-1.0029946409463775,1059.1864801751997,1014.2692142198891,1149.0210120858208,1149.0210120858208,target,5,0.08231465123663745,2.0,2026-07-07,0.0025
2026-06-30,control_naive_low,ZENSARTECH,bear,-1.003066008945681,415.2166646052131,392.24600000395105,461.1579938077372,461.1579938077372,target,2,0.10814423256278743,2.0,2026-07-02,0.0025
2026-06-30,control_naive_low,SUPREMEIND,bear,-1.0033681042897522,3181.39990234375,3004.874936275894,3534.449834479462,3534.449834479462,target,12,0.10847313854684487,2.0,2026-07-16,0.0025
2026-06-30,control_naive_low,ECLERX,bear,-1.003712139707623,1329.2630486006394,1235.6316272256875,1516.5258913505434,1516.5258913505434,target,4,0.13837718976845242,2.0,2026-07-06,0.0025
2026-06-30,control_naive_low,TATAELXSI,bear,-1.0041690445592804,3769.800048828125,3666.5713244136955,3976.257497656984,3666.5713244136955,stop,1,-0.029883076841573927,-1.0,2026-07-01,0.0025
2026-06-30,control_naive_low,INFY,bear,-1.0044176951948418,1006.0,948.7424191137825,1120.515161772435,1105.699951171875,time,20,0.09660531925633692,1.7412532913327081,2026-07-28,0.0025
2026-06-30,control_naive_low,BSOFT,bear,-1.0045613606770833,282.03484238065226,264.8730915860945,316.35834396976776,299.8999938964844,time,20,0.06084377470894248,1.040986536262805,2026-07-28,0.0025
2026-06-30,control_naive_low,PIIND,bear,-1.0055490348902991,2570.7726448725725,2426.4760372647015,2859.3658600883145,2696.919921875,time,20,0.04656979123728794,0.8742220561777536,2026-07-28,0.0025
2026-06-30,control_naive_low,TCS,bear,-1.0062908415220453,2028.776408877907,1928.3258003123917,2229.6776260089373,2229.6776260089373,target,12,0.09652580503789782,1.9999999999999978,2026-07-16,0.0025
2026-06-30,control_naive_low,ABBOTINDIA,bear,-1.011530799769601,24999.996596746576,24080.45237204426,26839.08504615121,26861.437186302242,target,9,0.07195763371815461,2.02430784681212,2026-07-13,0.0025
2026-06-30,control_naive_low,PATANJALI,bear,-1.0115663384246532,408.31676159464826,393.8159263423325,437.3184320992798,393.8159263423325,stop,11,-0.03801369087980594,-1.0,2026-07-15,0.0025
2026-06-30,control_naive_low,UPL,bear,-1.0125864645736729,569.487495326903,541.6083772313029,625.245731518103,599.6500244140625,time,20,0.050464339576666795,1.0819039893489286,2026-07-28,0.0025
2026-06-30,control_naive_low,MAPMYINDIA,bear,-1.0185534390260893,811.5680829472695,751.1779949779965,932.3482588858157,932.3482588858157,target,3,0.14632322072095788,2.0,2026-07-03,0.0025
2026-06-30,control_naive_low,PERSISTENT,bear,-1.0193191188597008,4328.764940423988,4024.6685465302453,4936.957728211474,4936.957728211474,target,8,0.13800030347176,2.0,2026-07-10,0.0025
2026-06-30,control_naive_low,IRCTC,bear,-1.020805846193015,502.8999938964844,487.6598161916897,533.3803493060738,487.6598161916897,stop,20,-0.03280458916237666,-1.0,2026-07-28,0.0025
2026-06-30,control_naive_low,BRITANNIA,bear,-1.0221450390589732,5062.192361794692,4929.799997731003,5326.977089922071,5326.977089922071,target,3,0.04980633472677937,2.0,2026-07-03,0.0025
2026-07-07,momentum,SCHNEIDER,bear,0.779444232398199,1484.800048828125,1384.3584722005598,1685.6832020832553,1384.3584722005598,stop,4,-0.07014653375842655,-1.0,2026-07-13,0.0025
2026-07-07,momentum,WELCORP,bear,0.7644769413572458,1540.0,1458.1228112091187,1703.7543775817626,1703.7543775817626,target,19,0.10383401141672904,2.0,2026-08-03,0.0025
2026-07-07,momentum,GRANULES,bear,0.732605305720342,861.505388217283,823.5589005049013,937.3983636420463,823.5589005049013,stop,14,-0.04654672127577114,-1.0,2026-07-27,0.0025
2026-07-07,momentum,KIMS,bear,0.7214139825736716,800.0,767.6079526469339,864.7840947061322,795.9000244140625,time,20,-0.0076249694824219155,-0.12657352408906658,2026-08-04,0.0025
2026-07-07,momentum,ZYDUSLIFE,bear,0.7154131725715261,1145.5704709155946,1113.9087433213438,1208.8939261040962,1113.9087433213438,stop,11,-0.03013839361968301,-1.0,2026-07-22,0.0025
2026-07-07,momentum,PNBHOUSING,bear,0.6966324836308805,1094.8556877891021,1057.1502381793664,1170.2665870085737,1057.1502381793664,stop,1,-0.03693873930625163,-1.0,2026-07-08,0.0025
2026-07-07,momentum,TORNTPHARM,bear,0.6895762588143092,4850.0,4698.582587407355,5152.834825185289,4698.582587407355,stop,8,-0.03372008507064844,-1.0,2026-07-17,0.0025
2026-07-07,momentum,ABCAPITAL,bear,0.687423408636183,401.3999938964844,389.7522797781048,424.6954221332435,389.7522797781048,stop,1,-0.031517723705754064,-1.0,2026-07-08,0.0025
2026-07-07,momentum,J&KBANK,bear,0.6815757738174997,165.0,155.7555750908453,183.4888498183094,183.4888498183094,target,3,0.10955363526248124,2.0,2026-07-10,0.0025
2026-07-07,momentum,APOLLOHOSP,bear,0.6665213949105557,8789.767218112755,8612.989964542596,9143.321725253072,9039.4765625,time,20,0.025909096417556735,1.412564904953349,2026-08-04,0.0025
2026-07-07,momentum,GMRAIRPORT,bear,0.6640168576829105,113.98999786376953,110.66728819818138,120.63541719494583,110.66728819818138,stop,1,-0.03164913350168802,-1.0,2026-07-08,0.0025
2026-07-07,momentum,VTL,bear,0.6619009334941267,636.1551625655252,606.0762594335148,696.312968829546,606.0762594335148,stop,12,-0.04978233755221978,-1.0,2026-07-23,0.0025
2026-07-07,momentum,MANAPPURAM,bear,0.6562742807283417,338.0286685378854,324.6493725076377,364.7872605983808,324.6171700007699,stop,5,-0.042175624541332,-1.0024068909750559,2026-07-14,0.0025
2026-07-07,reversal,IIFL,bear,0.6055353075170842,519.9500122070312,476.9423889625924,627.4690703181284,607.6500244140625,time,20,0.16617008394666838,2.039173653205108,2026-08-04,0.0025
2026-07-07,reversal,NAUKRI,bear,0.5588952164009112,1168.3937315289706,932.3308782068397,1758.5508648342982,1260.0,time,20,0.07590359460945811,0.3880588037543695,2026-08-04,0.0025
2026-07-07,control_naive_low,BAYERCROP,bear,-1.0229031973089606,4143.78694682959,3929.4957514232938,4572.369337642183,4271.0,time,20,0.028199708938400018,0.5936457301907038,2026-08-04,0.0025
2026-07-07,control_naive_low,VEDL,bear,-1.0236322117508685,273.6000061035156,257.5183310643797,305.76335618178746,257.5183310643797,stop,7,-0.06127805073239462,-1.0,2026-07-16,0.0025
2026-07-07,control_naive_low,FIRSTCRY,bear,-1.0265152869039207,212.35000610351562,199.9627912518282,237.12443580689046,214.72999572753906,time,20,0.008707862282157199,0.19213274755618123,2026-08-04,0.0025
2026-07-07,control_naive_low,IRFC,bear,-1.033563197344199,89.48999786376953,86.89332439212129,94.68334480706602,86.89332439212129,stop,12,-0.031516354158384885,-1.0,2026-07-23,0.0025
2026-07-07,control_naive_low,KPITTECH,bear,-1.0350603230062578,557.542145679677,514.7732288677897,643.0799793034515,643.0799793034515,target,16,0.15091949355146744,2.0,2026-07-29,0.0025
2026-07-07,control_naive_low,INDIAMART,bear,-1.035608036164254,1927.0,1849.4671191595307,2082.0657616809385,1849.4671191595307,stop,11,-0.04273501859910184,-1.0,2026-07-22,0.0025
2026-07-07,control_naive_low,TATAELXSI,bear,-1.0407636022380333,3707.0,3541.2743451115884,4038.451309776823,3533.0,stop,6,-0.049438224979767964,-1.0499279675024356,2026-07-15,0.0025
2026-07-07,control_naive_low,RELIANCE,bear,-1.0440472992283232,1297.0,1273.11724055142,1344.7655188971598,1273.11724055142,stop,1,-0.020913846914865027,-1.0,2026-07-08,0.0025
2026-07-07,control_naive_low,GICRE,bear,-1.0457167411923682,348.0028333671654,335.6960774964009,372.6163451086944,346.31793212890625,time,20,-0.007341630805003994,-0.1369086423711183,2026-08-04,0.0025
2026-07-07,control_naive_low,BHARTIHEXA,bear,-1.049160866728289,1477.741213351098,1423.2934295284376,1586.6367809964186,1586.6367809964186,target,2,0.07119055329950247,2.0,2026-07-09,0.0025
2026-07-07,control_naive_low,ITC,bear,-1.0498091722052476,286.8999938964844,282.55245707396267,295.5950675415278,282.55245707396267,stop,1,-0.0176534922098685,-1.0,2026-07-08,0.0025
2026-07-14,momentum,SAILIFE,bear,0.757213679152829,1275.0,1207.7137066451596,1409.5725867096808,1409.5725867096808,target,17,0.1030471268311221,2.0,2026-08-06,0.0025
2026-07-14,momentum,LAURUSLABS,bear,0.735178369243321,1565.800048828125,1496.0364973039902,1705.3271518763945,1705.3271518763945,target,9,0.08660914465272523,2.0,2026-07-27,0.0025
2026-07-14,momentum,VIJAYA,bear,0.7196344601188891,1380.0854469329329,1298.7873593598,1542.6816220791989,1298.7873593598,stop,7,-0.06140801019154846,-1.0,2026-07-23,0.0025
2026-07-14,momentum,RRKABEL,bear,0.7099192618223761,2355.89990234375,2199.305907531124,2669.087891969002,2750.0,target,10,0.16478219109147302,2.5166999419601876,2026-07-28,0.0025
2026-07-14,momentum,CAPLIPOINT,bear,0.7074571910212049,2668.10009765625,2512.4422786727596,2979.415735623231,2512.4422786727596,stop,6,-0.06084032205921569,-1.0,2026-07-22,0.0025
2026-07-14,momentum,ADANIGREEN,bear,0.7003183529281115,1604.5,1522.1126288236876,1769.2747423526248,1522.1126288236876,stop,3,-0.05384769160256303,-1.0,2026-07-17,0.0025
2026-07-14,momentum,JSWINFRA,bear,0.6999159635880899,345.5,329.9399053978161,376.62018920436776,329.9399053978161,stop,6,-0.04753645326247141,-1.0,2026-07-22,0.0025
2026-07-14,momentum,DIVISLAB,bear,0.6996252515615816,7230.184735870257,6922.3553797761515,7845.843448058468,7885.5,target,12,0.08813603325079716,2.128826413584182,2026-07-30,0.0025
2026-07-14,momentum,SHYAMMETL,bear,0.6940623754338098,1031.4069784853161,987.3417035764209,1119.5375283031067,987.3417035764209,stop,18,-0.045223460116207315,-1.0,2026-08-07,0.0025
2026-07-14,momentum,OFSS,bear,0.6875505685950649,11650.0,11103.551056534336,12742.897886931329,11103.551056534336,stop,6,-0.04940548870949907,-1.0,2026-07-22,0.0025
2026-07-14,momentum,ACUTAAS,bear,0.6874944547954928,3485.0,3247.2924997273785,3960.415000545243,3247.2924997273785,stop,8,-0.07070875187162745,-1.0,2026-07-24,0.0025
2026-07-14,momentum,ASTERDM,bear,0.685320734628693,815.0,777.0122547216048,890.9754905567904,777.0122547216048,stop,8,-0.04911073040293895,-1.0,2026-07-24,0.0025
2026-07-14,momentum,SYRMA,bear,0.6767589388696654,1419.5479387576552,1340.184920347261,1578.2739755784437,1340.184920347261,stop,4,-0.05840724782415613,-1.0,2026-07-20,0.0025
2026-07-14,momentum,PREMIERENE,bear,0.6744439698053789,1105.0,1051.621094441612,1211.7578111167759,1051.621094441612,stop,4,-0.05080670186279451,-1.0,2026-07-20,0.0025
2026-07-14,reversal,CARTRADE,bear,0.8672058823529413,2915.0,2483.9577580023893,3992.605604994027,2763.60009765625,time,20,-0.05443821692752998,-0.3512414505875487,2026-08-11,0.0025
2026-07-14,control_naive_low,ITC,bear,-1.0019999556107955,276.6499938964844,269.1648699432454,291.62024180296237,291.62024180296237,target,14,0.05161259077084773,2.0,2026-08-03,0.0025
2026-07-14,control_naive_low,RVNL,bear,-1.0259985943610155,226.59373169143316,217.45536043535208,244.87047420359534,229.28533935546875,time,20,0.009378561882289417,0.29453910205765266,2026-08-11,0.0025
2026-07-14,control_naive_low,HDFCLIFE,bear,-1.0261120442698235,558.5,534.8860778410709,605.7278443178582,534.8860778410709,stop,15,-0.044780970741144344,-1.0,2026-08-04,0.0025
2026-07-14,control_naive_low,JUBLFOOD,bear,-1.0310665613816272,423.2463213626823,399.3873890699619,470.9641859481231,470.9641859481231,target,15,0.11024253827371394,2.0,2026-08-04,0.0025
2026-07-14,control_naive_low,RELIANCE,bear,-1.0317587379339648,1294.0999755859375,1257.3719590793391,1367.5560085991342,1257.3719590793391,stop,8,-0.030881127578623765,-1.0,2026-07-24,0.0025
2026-07-14,control_naive_low,WHIRLPOOL,bear,-1.0342208169784435,778.6438788868464,749.9932463490253,835.9451439624887,749.9932463490253,stop,6,-0.03929555354468367,-1.0,2026-07-22,0.0025
2026-07-14,control_naive_low,SUNTV,bear,-1.034874122896694,489.9308609135904,470.2374744444328,529.3176338519056,478.7466125488281,time,20,-0.025328217728327215,-0.5679190007405911,2026-08-11,0.0025
2026-07-14,control_naive_low,IEX,bear,-1.0377119482136292,117.5,113.0760785964882,126.3478428070236,126.3478428070236,target,3,0.07280078984700927,2.0,2026-07-17,0.0025
2026-07-14,control_naive_low,BRITANNIA,bear,-1.0493546001993102,5224.489354357245,5052.788647183284,5567.890768705167,5567.890768705167,target,18,0.06322918252030191,2.0,2026-08-07,0.0025
2026-07-21,momentum,NAVINFLUOR,bear,0.741806521346209,7882.0,7561.012003973445,8523.97599205311,7561.012003973445,stop,3,-0.04322418117566035,-1.0,2026-07-24,0.0025
2026-07-21,momentum,SOLARINDS,bear,0.7236621397670265,19033.753626891805,18191.37048567271,20718.519909329996,18191.37048567271,stop,5,-0.0467573313562773,-1.0,2026-07-28,0.0025
2026-07-21,momentum,SAREGAMA,bear,0.714243873202244,516.9500122070312,487.07593921367334,576.6981581937471,487.07593921367334,stop,1,-0.0602890942797652,-1.0,2026-07-22,0.0025
2026-07-21,momentum,EXIDEIND,bear,0.6987579539749182,442.95001220703125,426.3134923342827,476.2230519525283,426.3134923342827,stop,4,-0.04005845900049948,-1.0,2026-07-27,0.0025
2026-07-21,momentum,MANAPPURAM,bear,0.6783233172712214,350.74214089604556,334.2830444360526,383.6603338160315,346.6000061035156,time,20,-0.014309629666820088,-0.25166234383510633,2026-08-18,0.0025
2026-07-21,momentum,SYRMA,bear,0.6665247094312837,1371.4971083276516,1293.2808238755406,1527.9296772318737,1293.2808238755406,stop,3,-0.059529857356013516,-1.0,2026-07-24,0.0025
2026-07-21,momentum,WELSPUNLIV,bear,0.6583222429243191,165.85000610351562,156.58185035827108,184.3863175940047,156.58185035827108,stop,8,-0.05838275793888009,-1.0,2026-07-31,0.0025
2026-07-21,momentum,EMCURE,bear,0.6532805429864252,1917.1715014601393,1834.2072537085405,2083.0999969633367,1870.861572265625,time,20,-0.02665533986356677,-0.5581913950834549,2026-08-18,0.0025
2026-07-21,momentum,LLOYDSME,bear,0.6524043428093349,1942.0,1849.6867959621618,2126.6264080756764,1938.5999755859375,time,20,-0.004250784971195963,-0.036831398601102246,2026-08-18,0.0025
2026-07-21,control_naive_low,TATAELXSI,bear,-1.002200375696656,3456.0,3291.6244662537692,3784.7510674924615,3784.7510674924615,target,10,0.0926247301772169,2.0,2026-08-04,0.0025
2026-07-21,control_naive_low,BALKRISIND,bear,-1.0362470979670635,2036.725750226212,1933.8353925560998,2242.5064655664364,2242.5064655664364,target,7,0.09853506341851331,1.9999999999999978,2026-07-30,0.0025
2026-07-21,control_naive_low,PATANJALI,bear,-1.0367153287200888,339.1711388053611,319.35848490862134,378.7964465988407,349.3542175292969,time,20,0.027523423454610178,0.5139684353751012,2026-08-18,0.0025
2026-07-21,control_naive_low,SWANCORP,bear,-1.0490445027134827,309.84692553178263,295.80421978912835,337.9323370170912,304.39959716796875,time,20,-0.020080708133426713,-0.3879115936516274,2026-08-18,0.0025
2026-07-28,momentum,SUNPHARMA,bear,0.7474882419712633,1977.0,1930.1668346567465,2070.666330686507,1930.0,stop,7,-0.026273394031360694,-1.0035623186159568,2026-08-06,0.0025
2026-07-28,momentum,SAREGAMA,bear,0.7141754964222947,522.0,492.9793036293552,580.0413927412897,504.70001220703125,time,20,-0.03564173906698992,-0.5961258672782273,2026-08-25,0.0025
2026-07-28,momentum,NH,bear,0.710006364113915,2075.10009765625,1999.3474121548907,2226.6054686589687,1999.0,stop,4,-0.03917297676011017,-1.0045861364860051,2026-08-03,0.0025
2026-07-28,momentum,LALPATHLAB,bear,0.7022843299733454,1800.3055533400254,1710.2111071537831,1980.49444571251,1980.49444571251,target,11,0.09758795009168758,2.0,2026-08-12,0.0025
2026-07-28,momentum,ASTERDM,bear,0.6944144630329195,815.7999877929688,780.7667787003753,885.8664059781556,885.8664059781556,target,9,0.08338676052170774,2.0,2026-08-10,0.0025
2026-07-28,momentum,RADICO,bear,0.6943795020740026,4338.60009765625,4131.721805607281,4752.356681754189,4630.0,time,20,0.06466449909756994,1.4085571736776223,2026-08-25,0.0025
2026-07-28,momentum,CAPLIPOINT,bear,0.6830365173592373,2590.89990234375,2437.357732094238,2897.9842428427737,2437.357732094238,stop,12,-0.06176210044263625,-1.0,2026-08-13,0.0025
2026-07-28,momentum,GLAND,bear,0.679236373448462,2410.489005203924,2293.6061081092375,2644.254799393297,2644.254799393297,target,9,0.09447857724499226,2.0,2026-08-10,0.0025
2026-07-28,momentum,NEULANDLAB,bear,0.66983720093542,18960.0,18019.673819850126,20840.652360299748,21800.0,target,7,0.14728902953586503,3.0202285759472813,2026-08-06,0.0025
2026-07-28,momentum,VIJAYA,bear,0.6568627450980392,1352.1243006759066,1282.5063196934123,1491.3602626408954,1491.3602626408954,target,11,0.10047571154914298,2.0,2026-08-12,0.0025
2026-07-28,momentum,BHARATFORG,bear,0.652302572405109,2173.5,2082.504295616516,2355.4914087669677,2082.504295616516,stop,9,-0.044365978552327545,-1.0,2026-08-10,0.0025
2026-07-28,momentum,TATATECH,bear,0.6500089944234575,749.0,698.0201858394129,850.9596283211743,850.9596283211743,target,8,0.13362767466111375,2.0,2026-08-07,0.0025
2026-07-28,momentum,NYKAA,bear,0.6482618276668466,331.0,318.3916287138884,356.2167425722232,334.0,time,20,0.006563444108761364,0.23793715555510053,2026-08-25,0.0025
2026-07-28,momentum,GRANULES,bear,0.6437758589674403,853.2226643185936,803.093978981604,953.4800349925729,845.9500122070312,time,20,-0.011023744639824416,-0.14507964975885618,2026-08-25,0.0025
2026-07-28,momentum,MINDACORP,bear,0.6431057744198596,681.9829628373708,651.567373328266,742.8141418555805,742.8141418555805,target,9,0.08669750541145976,2.0,2026-08-10,0.0025
2026-07-28,momentum,CUB,bear,0.6419684439264918,233.80955369808947,223.36316275214062,254.70233558998717,223.36316275214062,stop,1,-0.047179059434149295,-1.0,2026-07-29,0.0025
2026-07-28,control_naive_low,IRCTC,bear,-1.0013394280453594,486.95001220703125,473.4282748152012,513.9934869906914,513.9934869906914,target,4,0.053036449544562936,2.0,2026-08-03,0.0025
2026-07-28,control_naive_low,INDIAMART,bear,-1.0017241379310344,1764.0,1661.494334809606,1969.011330380788,1750.300048828125,time,20,-0.010266412228954134,-0.13365067332062786,2026-08-25,0.0025
2026-07-28,control_naive_low,GODIGIT,bear,-1.005937743514999,248.0,229.2433571922786,285.5132856154428,285.5132856154428,target,6,0.14876324844936611,2.0,2026-08-05,0.0025
2026-07-28,control_naive_low,HINDUNILVR,bear,-1.0102714184455954,2050.5,1950.8973999696746,2249.705200060651,2024.199951171875,time,20,-0.015326163778651534,-0.26404982219457696,2026-08-25,0.0025
2026-07-28,control_naive_low,INOXWIND,bear,-1.0118587522113045,76.94000244140625,72.31523797678616,86.18953137064642,73.73999786376953,time,20,-0.04409090818945177,-0.6919281191760308,2026-08-25,0.0025
2026-07-28,control_naive_low,KEC,bear,-1.01238325517748,461.9691529878304,440.10095810652416,505.7055427504429,440.10095810652416,stop,11,-0.04983691576563404,-1.0,2026-08-12,0.0025
2026-07-28,control_naive_low,IRFC,bear,-1.0131365371647405,87.4000015258789,84.78785450872695,92.62429556018282,85.44999694824219,time,20,-0.024811264800828677,-0.7465140992572556,2026-08-25,0.0025
2026-07-28,control_naive_low,RELIANCE,bear,-1.0143222128695977,1275.0,1233.242267431469,1358.5154651370622,1317.0,time,20,0.030441176470588253,1.0058017381827742,2026-08-25,0.0025
2026-07-28,control_naive_low,HDFCBANK,bear,-1.028780193046415,743.0,713.1060527675559,802.7878944648883,727.5,time,20,-0.023361372812920552,-0.5184996106227728,2026-08-25,0.0025
2026-07-28,control_naive_low,DRREDDY,bear,-1.0314259542106607,1144.0,1087.5880388217001,1256.8239223565997,1193.5,time,20,0.040769230769230835,0.8774734819721406,2026-08-25,0.0025
2026-07-28,control_naive_low,WHIRLPOOL,bear,-1.0361813699634395,777.3515702481129,745.4759456608687,841.1028194226014,762.7389526367188,time,20,-0.021297952137319495,-0.4584260795078423,2026-08-25,0.0025
2026-07-28,control_naive_low,VEDL,bear,-1.0386464127881976,260.1499938964844,246.93312840777207,286.583724873909,275.0,time,20,0.05458247723205617,1.123564896396811,2026-08-25,0.0025
2026-07-28,control_naive_low,JWL,bear,-1.0424358169276795,246.0,235.87981432516648,266.24037134966704,266.24037134966704,target,1,0.07977793231571967,2.0,2026-07-29,0.0025
2026-07-28,control_naive_low,UTIAMC,bear,-1.0448380977524925,902.0499877929688,864.2937600098513,977.5624433592036,889.9500122070312,time,20,-0.015913863698997773,-0.3204762842157649,2026-08-25,0.0025
2026-08-04,momentum,RAINBOW,bear,0.7489110776015196,1575.0,1514.658222901061,1695.683554197878,1514.658222901061,stop,5,-0.040812239427897745,-1.0,2026-08-11,0.0025
2026-08-04,momentum,TORNTPHARM,bear,0.7449134408800462,5068.5,4817.611971082395,5570.27605783521,4817.611971082395,stop,9,-0.05199946313852327,-1.0,2026-08-17,0.0025
2026-08-04,momentum,APOLLOHOSP,bear,0.7403013019533274,8998.524533420139,8821.0183420161,9353.536916228219,8821.0183420161,stop,1,-0.022226144074485695,-1.0,2026-08-05,0.0025
2026-08-04,momentum,WELCORP,bear,0.7290725249167612,1738.800048828125,1655.3304206135579,1905.7393052572593,1905.7393052572593,target,10,0.09350831133035914,2.0,2026-08-18,0.0025
2026-08-04,momentum,MOTHERSON,bear,0.7249662918298176,152.0,144.5052239784893,166.98955204302138,166.98955204302138,target,3,0.09611547396724579,2.0,2026-08-07,0.0025
2026-08-04,momentum,MEDANTA,bear,0.6911297299612951,1434.3913028744134,1373.88674191911,1555.4004247850205,1458.0999755859375,time,20,0.014028734288902668,0.3918493471762954,2026-09-01,0.0025
2026-08-04,momentum,BALRAMCHIN,bear,0.6852044991112826,655.0999755859375,624.5836718085864,716.1325831406398,624.5836718085864,stop,2,-0.049082666638106065,-1.0,2026-08-06,0.0025
2026-08-04,momentum,FEDERALBNK,bear,0.6791740430867135,360.7176630371959,349.7612331982125,382.6305227151627,349.7612331982125,stop,3,-0.03287397655199825,-1.0,2026-08-07,0.0025
2026-08-04,momentum,TITAN,bear,0.6626840998507642,4910.2001953125,4806.207891369075,5118.18480319935,5118.18480319935,target,4,0.039857663560317114,2.0,2026-08-10,0.0025
2026-08-04,reversal,NAUKRI,bear,0.8295691609977325,1265.9000244140625,1121.9940743867062,1625.6648994824532,1356.0,time,20,0.06867463768723864,0.6261031984348779,2026-09-01,0.0025
2026-08-04,reversal,ECLERX,bear,0.7048979591836735,1923.8334683618102,1617.3417465214009,2690.0627729628336,1973.800048828125,time,20,0.023472404206515033,0.16302750418927284,2026-09-01,0.0025
2026-08-04,control_naive_low,HDFCLIFE,bear,-1.0102733500603793,538.0,517.814679403552,578.3706411928961,540.2999877929688,time,20,0.0017750702471539003,0.11394358499183181,2026-09-01,0.0025
2026-08-04,control_naive_low,DABUR,bear,-1.028795008584617,412.0,395.0017285870186,445.9965428259628,395.0017285870186,stop,15,-0.04375794032277042,-1.0,2026-08-25,0.0025
2026-08-04,control_naive_low,GICRE,bear,-1.0374964157991136,350.45794628447953,337.8506409200452,375.67255701334824,337.8506409200452,stop,7,-0.03847380369911929,-1.0,2026-08-13,0.0025
2026-08-04,control_naive_low,EMAMILTD,bear,-1.0409139058081909,397.54998779296875,374.0298314916852,444.5903003955359,374.0298314916852,stop,19,-0.06166276449122193,-1.0,2026-08-31,0.0025
2026-08-04,control_naive_low,UPL,bear,-1.043296908409498,581.0,556.9817343457793,629.0365313084415,567.0999755859375,time,20,-0.026424310523343427,-0.5787272326059834,2026-09-01,0.0025
2026-08-11,momentum,JINDALSAW,bear,0.7447079441925208,273.5,260.2993013803278,299.9013972393444,299.9013972393444,target,11,0.09403161696286805,2.0,2026-08-26,0.0025
2026-08-11,momentum,BELRISE,bear,0.7442979126400782,255.0,243.54265039637284,277.91469920725433,243.54265039637284,stop,4,-0.047430782759322165,-1.0,2026-08-17,0.0025
2026-08-11,momentum,MINDACORP,bear,0.7410736132327717,720.8892053397063,686.900570588363,788.8664748423929,686.900570588363,stop,12,-0.049648208767152646,-1.0,2026-08-27,0.0025
2026-08-11,momentum,EXIDEIND,bear,0.7141448810968477,485.0,459.28917048038835,536.4216590392233,459.28917048038835,stop,6,-0.055512019628065234,-1.0,2026-08-19,0.0025
2026-08-11,momentum,ZYDUSLIFE,bear,0.7087370058585662,1190.0,1149.5718987454957,1270.8562025090087,1149.5718987454957,stop,3,-0.036473194331516245,-1.0,2026-08-14,0.0025
2026-08-11,momentum,RRKABEL,bear,0.6958778966131908,2835.0,2660.6226255630104,3183.754748873979,2660.6226255630104,stop,16,-0.06400877405184818,-1.0,2026-09-02,0.0025
2026-08-11,momentum,GABRIEL,bear,0.662945632798574,1510.0,1400.0419772233236,1729.916045553353,1400.0419772233236,stop,9,-0.07531988263356054,-1.0,2026-08-24,0.0025
2026-08-11,momentum,SAILIFE,bear,0.6597370766488414,1446.4000244140625,1372.1719072922845,1594.8562586576186,1594.8562586576186,target,16,0.10013843455319055,2.0,2026-09-02,0.0025
2026-08-11,momentum,HSCL,bear,0.6585338680926915,760.0,712.2168329061516,855.5663341876968,712.2168329061516,stop,6,-0.06537258828137954,-1.0,2026-08-19,0.0025
2026-08-11,momentum,AUROPHARMA,bear,0.6558959821729603,1658.0,1595.8241723514216,1782.3516552971569,1692.0,time,20,0.018006634499396938,0.5468363073857266,2026-09-08,0.0025
2026-08-11,momentum,OFSS,bear,0.6490864527629234,11851.0,11324.033488119534,12904.933023760932,11324.033488119534,stop,3,-0.04696599543333607,-1.0,2026-08-14,0.0025
2026-08-11,momentum,ANANDRATHI,bear,0.6468805704099823,2170.0,2084.8467886083195,2340.306422783361,2229.5,time,20,0.02491935483870961,0.6987405293068388,2026-09-08,0.0025
2026-08-11,momentum,IIFL,bear,0.6423617369062302,622.0,591.9438982673694,682.1122034652612,682.1122034652612,target,8,0.09414341393128817,2.0,2026-08-21,0.0025
2026-08-11,momentum,SYRMA,bear,0.6399732620320856,1493.2725858670392,1407.2666069640202,1665.2845436730772,1407.2666069640202,stop,14,-0.060095632382872244,-1.0,2026-08-31,0.0025
2026-08-11,momentum,AJANTPHARM,bear,0.6374331550802138,3500.0,3363.7985463006207,3772.4029073987585,3772.4029073987585,target,5,0.07532940211393097,2.0,2026-08-18,0.0025
2026-08-11,momentum,ASTERDM,bear,0.6364304812834225,854.9500122070312,813.5289152494549,937.7922061221839,779.9000244140625,stop,6,-0.09028289574992715,-1.8118783254300415,2026-08-19,0.0025
2026-08-11,momentum,CARBORUNIV,bear,0.6350935828877006,1180.0,1110.2778788303372,1319.4442423393257,1110.2778788303372,stop,6,-0.061586543364121005,-1.0,2026-08-19,0.0025
2026-08-11,reversal,KALYANKJIL,bear,0.8321022727272727,602.5414667237706,546.0629150944617,743.7378457970427,610.1105346679688,time,20,0.01006190380614619,0.13401667935603218,2026-09-08,0.0025
2026-08-11,control_naive_low,ITC,bear,-1.0145454545454546,279.0,272.12153311595745,292.7569337680851,272.12153311595745,stop,5,-0.027154003168611326,-1.0,2026-08-18,0.0025
2026-08-11,control_naive_low,AFCONS,bear,-1.0175607398139193,265.0,248.69301351026252,297.61397297947497,280.25,time,20,0.055047169811320795,0.9351819853163748,2026-09-08,0.0025
2026-08-11,control_naive_low,BLUESTARCO,bear,-1.0381007804897817,1497.9000244140625,1413.895744540337,1665.9085841615133,1460.9000244140625,time,20,-0.0272012480118447,-0.44045374897110146,2026-09-08,0.0025
2026-08-11,control_naive_low,RVNL,bear,-1.0446947845944774,230.44173863077455,221.31303574662365,248.69914439907635,221.31303574662365,stop,6,-0.04211392991734614,-1.0,2026-08-19,0.0025
2026-08-11,control_naive_low,MFSL,bear,-1.0456194374496501,1500.4000244140625,1440.1324309963034,1620.9352112495808,1498.699951171875,time,20,-0.00363307998835277,-0.028208746123360832,2026-09-08,0.0025
2026-08-18,momentum,AJANTPHARM,bear,0.7309021793602277,3706.39990234375,3561.6911605464265,3995.817385938397,3561.6911605464265,stop,4,-0.04154293805582515,-1.0,2026-08-24,0.0025
2026-08-18,momentum,LAURUSLABS,bear,0.7286319073083778,1814.0,1752.8851049495402,1936.2297901009197,1936.2297901009197,target,8,0.06488136168738684,2.0,2026-08-28,0.0025
2026-08-18,momentum,CRAFTSMAN,bear,0.7259121775641777,10910.0,10373.679500190898,11982.640999618205,10373.679500190898,stop,5,-0.051658615931173435,-1.0,2026-08-25,0.0025
2026-08-18,momentum,AEGISLOG,bear,0.7086007130124777,1372.0999755859375,1258.6162612096336,1599.0674043385452,1258.6162612096336,stop,9,-0.08520805072191778,-1.0,2026-08-31,0.0025
2026-08-18,momentum,DATAPATTNS,bear,0.6915329768270946,4755.0,4464.288310336211,5336.423379327578,4464.288310336211,stop,10,-0.0636381050817642,-1.0,2026-09-01,0.0025
2026-08-18,momentum,HONASA,bear,0.6910973183419108,474.04855041825925,446.10849192967487,529.928667395428,457.25,time,20,-0.037936350144806175,-0.6012353347478755,2026-09-16,0.0025
2026-08-18,momentum,SONACOMS,bear,0.6751782531194296,829.0,791.0926939381726,904.8146121236548,791.0926939381726,stop,11,-0.048226545309803914,-1.0,2026-09-02,0.0025
2026-08-18,momentum,BAJAJ-AUTO,bear,0.6618761140819965,11607.0,11286.113749722079,12248.772500555842,12248.772500555842,target,10,0.05279184979373158,2.0,2026-09-01,0.0025
2026-08-18,momentum,ABB,bear,0.6617869875222816,7525.0,7256.125456648315,8062.74908670337,7256.125456648315,stop,18,-0.03823083632580532,-1.0,2026-09-11,0.0025
2026-08-18,momentum,LALPATHLAB,bear,0.6596033868092692,1894.0,1817.983896198125,2046.03220760375,1895.699951171875,time,20,-0.0016024545027058502,0.022363040025119896,2026-09-16,0.0025
2026-08-18,momentum,DIVISLAB,bear,0.6594919786096257,8600.0,8320.429583167128,9159.140833665744,9159.140833665744,target,8,0.06251637600764476,2.0,2026-08-28,0.0025
2026-08-18,momentum,TBOTEK,bear,0.6527823704473334,1715.0,1618.2302387930047,1908.5395224139907,1656.0999755859375,time,20,-0.03684403755922011,-0.6086614628310637,2026-09-16,0.0025
2026-08-18,momentum,CAPLIPOINT,bear,0.6489304812834223,2530.0,2394.136416206644,2801.7271675867123,2801.7271675867123,target,12,0.10490204252439222,2.0,2026-09-03,0.0025
2026-08-18,momentum,KEI,bear,0.6458301668764237,5790.39990234375,5558.879296016488,6253.441114998273,5558.879296016488,stop,3,-0.04248352622131507,-1.0,2026-08-21,0.0025
2026-08-18,momentum,LODHA,bear,0.6436497326203209,1217.0,1149.6996284884324,1351.6007430231352,1149.6996284884324,stop,17,-0.05780022309906957,-1.0,2026-09-10,0.0025
2026-08-18,momentum,FEDERALBNK,bear,0.6426693404634581,357.79998779296875,347.8834225960316,377.63311818684303,347.8834225960316,stop,5,-0.030215387186304506,-1.0,2026-08-25,0.0025
2026-08-18,reversal,SUPREMEIND,bear,0.5951136363636365,3622.89990234375,3334.1532205396034,4344.766606854117,3334.1532205396034,stop,19,-0.08220043048038633,-1.0,2026-09-15,0.0025
2026-08-18,control_naive_low,ITC,bear,-1.0031581130328486,270.0,263.4755538463436,283.0488923073128,263.4755538463436,stop,9,-0.02666461538391268,-1.0,2026-08-31,0.0025
2026-08-18,control_naive_low,KEC,bear,-1.0037470868934792,428.6000061035156,410.78628015749206,464.22745799556276,410.78628015749206,stop,11,-0.04406258910953259,-1.0,2026-09-02,0.0025
2026-08-18,control_naive_low,IRCTC,bear,-1.015969503801649,492.0,478.48652514525025,519.0269497094995,478.48652514525025,stop,11,-0.029966412306401898,-1.0,2026-09-02,0.0025
2026-08-18,control_naive_low,PIIND,bear,-1.0236060236060236,2521.699951171875,2414.2072312875266,2736.685390940572,2414.2072312875266,stop,9,-0.0451270856825749,-1.0,2026-08-31,0.0025
2026-08-18,control_naive_low,ABFRL,bear,-1.0272846747330657,55.0,51.904907102183515,61.19018579563297,51.904907102183515,stop,9,-0.05877441632393615,-1.0,2026-08-31,0.0025
2026-08-18,control_naive_low,SWANCORP,bear,-1.0301031031329184,303.8498857301944,294.0200913656034,323.5094744593764,294.0200913656034,stop,9,-0.03485082462173256,-1.0,2026-08-31,0.0025
2026-08-18,control_naive_low,GODREJCP,bear,-1.0312223606488249,938.0999755859375,888.3918199860249,1037.5162867857628,888.3918199860249,stop,12,-0.055488121621967756,-1.0,2026-09-03,0.0025
2026-08-18,control_naive_low,GICRE,bear,-1.0380732117697749,346.51047638529906,338.1367836473038,363.2578618612896,338.1367836473038,stop,5,-0.026665770759220105,-1.0,2026-08-25,0.0025
